2025-02-02T12:36:20.230+09:00  INFO 12648 --- [project] [main] com.example.project.ProjectApplication   : Starting ProjectApplication using Java 21.0.5 with PID 12648 (C:\AI\javaProject\develope\project\build\classes\java\main started by nsy71 in C:\AI\javaProject\develope\project)
2025-02-02T12:36:20.248+09:00  INFO 12648 --- [project] [main] com.example.project.ProjectApplication   : The following 2 profiles are active: "secret", "dev"
2025-02-02T12:36:25.015+09:00  INFO 12648 --- [project] [main] .s.d.r.c.RepositoryConfigurationDelegate : Bootstrapping Spring Data JPA repositories in DEFAULT mode.
2025-02-02T12:36:25.467+09:00  INFO 12648 --- [project] [main] .s.d.r.c.RepositoryConfigurationDelegate : Finished Spring Data repository scanning in 393 ms. Found 1 JPA repository interface.
2025-02-02T12:36:31.598+09:00  INFO 12648 --- [project] [main] o.s.b.w.embedded.tomcat.TomcatWebServer  : Tomcat initialized with port 8080 (http)
2025-02-02T12:36:31.824+09:00  INFO 12648 --- [project] [main] o.apache.catalina.core.StandardService   : Starting service [Tomcat]
2025-02-02T12:36:31.826+09:00  INFO 12648 --- [project] [main] o.apache.catalina.core.StandardEngine    : Starting Servlet engine: [Apache Tomcat/10.1.34]
2025-02-02T12:36:32.487+09:00  INFO 12648 --- [project] [main] o.a.c.c.C.[Tomcat].[localhost].[/]       : Initializing Spring embedded WebApplicationContext
2025-02-02T12:36:32.488+09:00  INFO 12648 --- [project] [main] w.s.c.ServletWebServerApplicationContext : Root WebApplicationContext: initialization completed in 11834 ms
2025-02-02T12:36:33.776+09:00  INFO 12648 --- [project] [main] o.hibernate.jpa.internal.util.LogHelper  : HHH000204: Processing PersistenceUnitInfo [name: default]
2025-02-02T12:36:34.225+09:00  INFO 12648 --- [project] [main] org.hibernate.Version                    : HHH000412: Hibernate ORM core version 6.6.5.Final
2025-02-02T12:36:34.507+09:00  INFO 12648 --- [project] [main] o.h.c.internal.RegionFactoryInitiator    : HHH000026: Second-level cache disabled
2025-02-02T12:36:35.090+09:00 DEBUG 12648 --- [project] [main] org.hibernate.type.BasicTypeRegistry     : Adding type registration boolean -> org.hibernate.type.BasicTypeReference@1cd2ff5b
2025-02-02T12:36:35.092+09:00 DEBUG 12648 --- [project] [main] org.hibernate.type.BasicTypeRegistry     : Adding type registration boolean -> org.hibernate.type.BasicTypeReference@1cd2ff5b
2025-02-02T12:36:35.094+09:00 DEBUG 12648 --- [project] [main] org.hibernate.type.BasicTypeRegistry     : Adding type registration java.lang.Boolean -> org.hibernate.type.BasicTypeReference@1cd2ff5b
2025-02-02T12:36:35.095+09:00 DEBUG 12648 --- [project] [main] org.hibernate.type.BasicTypeRegistry     : Adding type registration numeric_boolean -> org.hibernate.type.BasicTypeReference@38ac8968
2025-02-02T12:36:35.098+09:00 DEBUG 12648 --- [project] [main] org.hibernate.type.BasicTypeRegistry     : Adding type registration org.hibernate.type.NumericBooleanConverter -> org.hibernate.type.BasicTypeReference@38ac8968
2025-02-02T12:36:35.099+09:00 DEBUG 12648 --- [project] [main] org.hibernate.type.BasicTypeRegistry     : Adding type registration true_false -> org.hibernate.type.BasicTypeReference@17ff8810
2025-02-02T12:36:35.103+09:00 DEBUG 12648 --- [project] [main] org.hibernate.type.BasicTypeRegistry     : Adding type registration org.hibernate.type.TrueFalseConverter -> org.hibernate.type.BasicTypeReference@17ff8810
2025-02-02T12:36:35.106+09:00 DEBUG 12648 --- [project] [main] org.hibernate.type.BasicTypeRegistry     : Adding type registration yes_no -> org.hibernate.type.BasicTypeReference@6c951ada
2025-02-02T12:36:35.108+09:00 DEBUG 12648 --- [project] [main] org.hibernate.type.BasicTypeRegistry     : Adding type registration org.hibernate.type.YesNoConverter -> org.hibernate.type.BasicTypeReference@6c951ada
2025-02-02T12:36:35.110+09:00 DEBUG 12648 --- [project] [main] org.hibernate.type.BasicTypeRegistry     : Adding type registration byte -> org.hibernate.type.BasicTypeReference@67b61834
2025-02-02T12:36:35.111+09:00 DEBUG 12648 --- [project] [main] org.hibernate.type.BasicTypeRegistry     : Adding type registration byte -> org.hibernate.type.BasicTypeReference@67b61834
2025-02-02T12:36:35.114+09:00 DEBUG 12648 --- [project] [main] org.hibernate.type.BasicTypeRegistry     : Adding type registration java.lang.Byte -> org.hibernate.type.BasicTypeReference@67b61834
2025-02-02T12:36:35.116+09:00 DEBUG 12648 --- [project] [main] org.hibernate.type.BasicTypeRegistry     : Adding type registration binary -> org.hibernate.type.BasicTypeReference@3b0d3a63
2025-02-02T12:36:35.117+09:00 DEBUG 12648 --- [project] [main] org.hibernate.type.BasicTypeRegistry     : Adding type registration byte[] -> org.hibernate.type.BasicTypeReference@3b0d3a63
2025-02-02T12:36:35.120+09:00 DEBUG 12648 --- [project] [main] org.hibernate.type.BasicTypeRegistry     : Adding type registration [B -> org.hibernate.type.BasicTypeReference@3b0d3a63
2025-02-02T12:36:35.122+09:00 DEBUG 12648 --- [project] [main] org.hibernate.type.BasicTypeRegistry     : Adding type registration binary_wrapper -> org.hibernate.type.BasicTypeReference@50598a1a
2025-02-02T12:36:35.124+09:00 DEBUG 12648 --- [project] [main] org.hibernate.type.BasicTypeRegistry     : Adding type registration wrapper-binary -> org.hibernate.type.BasicTypeReference@50598a1a
2025-02-02T12:36:35.127+09:00 DEBUG 12648 --- [project] [main] org.hibernate.type.BasicTypeRegistry     : Adding type registration image -> org.hibernate.type.BasicTypeReference@14de1901
2025-02-02T12:36:35.129+09:00 DEBUG 12648 --- [project] [main] org.hibernate.type.BasicTypeRegistry     : Adding type registration blob -> org.hibernate.type.BasicTypeReference@437ed416
2025-02-02T12:36:35.130+09:00 DEBUG 12648 --- [project] [main] org.hibernate.type.BasicTypeRegistry     : Adding type registration java.sql.Blob -> org.hibernate.type.BasicTypeReference@437ed416
2025-02-02T12:36:35.133+09:00 DEBUG 12648 --- [project] [main] org.hibernate.type.BasicTypeRegistry     : Adding type registration materialized_blob -> org.hibernate.type.BasicTypeReference@11f23038
2025-02-02T12:36:35.135+09:00 DEBUG 12648 --- [project] [main] org.hibernate.type.BasicTypeRegistry     : Adding type registration materialized_blob_wrapper -> org.hibernate.type.BasicTypeReference@de77146
2025-02-02T12:36:35.137+09:00 DEBUG 12648 --- [project] [main] org.hibernate.type.BasicTypeRegistry     : Adding type registration short -> org.hibernate.type.BasicTypeReference@691567ea
2025-02-02T12:36:35.139+09:00 DEBUG 12648 --- [project] [main] org.hibernate.type.BasicTypeRegistry     : Adding type registration short -> org.hibernate.type.BasicTypeReference@691567ea
2025-02-02T12:36:35.140+09:00 DEBUG 12648 --- [project] [main] org.hibernate.type.BasicTypeRegistry     : Adding type registration java.lang.Short -> org.hibernate.type.BasicTypeReference@691567ea
2025-02-02T12:36:35.170+09:00 DEBUG 12648 --- [project] [main] org.hibernate.type.BasicTypeRegistry     : Adding type registration integer -> org.hibernate.type.BasicTypeReference@5cfed0ba
2025-02-02T12:36:35.172+09:00 DEBUG 12648 --- [project] [main] org.hibernate.type.BasicTypeRegistry     : Adding type registration int -> org.hibernate.type.BasicTypeReference@5cfed0ba
2025-02-02T12:36:35.174+09:00 DEBUG 12648 --- [project] [main] org.hibernate.type.BasicTypeRegistry     : Adding type registration java.lang.Integer -> org.hibernate.type.BasicTypeReference@5cfed0ba
2025-02-02T12:36:35.176+09:00 DEBUG 12648 --- [project] [main] org.hibernate.type.BasicTypeRegistry     : Adding type registration long -> org.hibernate.type.BasicTypeReference@5c8d58ed
2025-02-02T12:36:35.177+09:00 DEBUG 12648 --- [project] [main] org.hibernate.type.BasicTypeRegistry     : Adding type registration long -> org.hibernate.type.BasicTypeReference@5c8d58ed
2025-02-02T12:36:35.180+09:00 DEBUG 12648 --- [project] [main] org.hibernate.type.BasicTypeRegistry     : Adding type registration java.lang.Long -> org.hibernate.type.BasicTypeReference@5c8d58ed
2025-02-02T12:36:35.185+09:00 DEBUG 12648 --- [project] [main] org.hibernate.type.BasicTypeRegistry     : Adding type registration float -> org.hibernate.type.BasicTypeReference@6a567f7b
2025-02-02T12:36:35.188+09:00 DEBUG 12648 --- [project] [main] org.hibernate.type.BasicTypeRegistry     : Adding type registration float -> org.hibernate.type.BasicTypeReference@6a567f7b
2025-02-02T12:36:35.190+09:00 DEBUG 12648 --- [project] [main] org.hibernate.type.BasicTypeRegistry     : Adding type registration java.lang.Float -> org.hibernate.type.BasicTypeReference@6a567f7b
2025-02-02T12:36:35.226+09:00 DEBUG 12648 --- [project] [main] org.hibernate.type.BasicTypeRegistry     : Adding type registration double -> org.hibernate.type.BasicTypeReference@28be7fec
2025-02-02T12:36:35.232+09:00 DEBUG 12648 --- [project] [main] org.hibernate.type.BasicTypeRegistry     : Adding type registration double -> org.hibernate.type.BasicTypeReference@28be7fec
2025-02-02T12:36:35.234+09:00 DEBUG 12648 --- [project] [main] org.hibernate.type.BasicTypeRegistry     : Adding type registration java.lang.Double -> org.hibernate.type.BasicTypeReference@28be7fec
2025-02-02T12:36:35.237+09:00 DEBUG 12648 --- [project] [main] org.hibernate.type.BasicTypeRegistry     : Adding type registration big_integer -> org.hibernate.type.BasicTypeReference@26f0141
2025-02-02T12:36:35.240+09:00 DEBUG 12648 --- [project] [main] org.hibernate.type.BasicTypeRegistry     : Adding type registration java.math.BigInteger -> org.hibernate.type.BasicTypeReference@26f0141
2025-02-02T12:36:35.243+09:00 DEBUG 12648 --- [project] [main] org.hibernate.type.BasicTypeRegistry     : Adding type registration big_decimal -> org.hibernate.type.BasicTypeReference@34136bd1
2025-02-02T12:36:35.245+09:00 DEBUG 12648 --- [project] [main] org.hibernate.type.BasicTypeRegistry     : Adding type registration java.math.BigDecimal -> org.hibernate.type.BasicTypeReference@34136bd1
2025-02-02T12:36:35.247+09:00 DEBUG 12648 --- [project] [main] org.hibernate.type.BasicTypeRegistry     : Adding type registration character -> org.hibernate.type.BasicTypeReference@6de7778f
2025-02-02T12:36:35.249+09:00 DEBUG 12648 --- [project] [main] org.hibernate.type.BasicTypeRegistry     : Adding type registration char -> org.hibernate.type.BasicTypeReference@6de7778f
2025-02-02T12:36:35.262+09:00 DEBUG 12648 --- [project] [main] org.hibernate.type.BasicTypeRegistry     : Adding type registration java.lang.Character -> org.hibernate.type.BasicTypeReference@6de7778f
2025-02-02T12:36:35.264+09:00 DEBUG 12648 --- [project] [main] org.hibernate.type.BasicTypeRegistry     : Adding type registration character_nchar -> org.hibernate.type.BasicTypeReference@367d34c0
2025-02-02T12:36:35.308+09:00 DEBUG 12648 --- [project] [main] org.hibernate.type.BasicTypeRegistry     : Adding type registration string -> org.hibernate.type.BasicTypeReference@4ce25e47
2025-02-02T12:36:35.313+09:00 DEBUG 12648 --- [project] [main] org.hibernate.type.BasicTypeRegistry     : Adding type registration java.lang.String -> org.hibernate.type.BasicTypeReference@4ce25e47
2025-02-02T12:36:35.324+09:00 DEBUG 12648 --- [project] [main] org.hibernate.type.BasicTypeRegistry     : Adding type registration nstring -> org.hibernate.type.BasicTypeReference@6380e9e9
2025-02-02T12:36:35.328+09:00 DEBUG 12648 --- [project] [main] org.hibernate.type.BasicTypeRegistry     : Adding type registration characters -> org.hibernate.type.BasicTypeReference@350da119
2025-02-02T12:36:35.362+09:00 DEBUG 12648 --- [project] [main] org.hibernate.type.BasicTypeRegistry     : Adding type registration char[] -> org.hibernate.type.BasicTypeReference@350da119
2025-02-02T12:36:35.365+09:00 DEBUG 12648 --- [project] [main] org.hibernate.type.BasicTypeRegistry     : Adding type registration [C -> org.hibernate.type.BasicTypeReference@350da119
2025-02-02T12:36:35.368+09:00 DEBUG 12648 --- [project] [main] org.hibernate.type.BasicTypeRegistry     : Adding type registration wrapper-characters -> org.hibernate.type.BasicTypeReference@6a09484c
2025-02-02T12:36:35.375+09:00 DEBUG 12648 --- [project] [main] org.hibernate.type.BasicTypeRegistry     : Adding type registration text -> org.hibernate.type.BasicTypeReference@34c7232c
2025-02-02T12:36:35.378+09:00 DEBUG 12648 --- [project] [main] org.hibernate.type.BasicTypeRegistry     : Adding type registration ntext -> org.hibernate.type.BasicTypeReference@50ec4bfc
2025-02-02T12:36:35.379+09:00 DEBUG 12648 --- [project] [main] org.hibernate.type.BasicTypeRegistry     : Adding type registration clob -> org.hibernate.type.BasicTypeReference@8b13d91
2025-02-02T12:36:35.380+09:00 DEBUG 12648 --- [project] [main] org.hibernate.type.BasicTypeRegistry     : Adding type registration java.sql.Clob -> org.hibernate.type.BasicTypeReference@8b13d91
2025-02-02T12:36:35.381+09:00 DEBUG 12648 --- [project] [main] org.hibernate.type.BasicTypeRegistry     : Adding type registration nclob -> org.hibernate.type.BasicTypeReference@285a4fe3
2025-02-02T12:36:35.382+09:00 DEBUG 12648 --- [project] [main] org.hibernate.type.BasicTypeRegistry     : Adding type registration java.sql.NClob -> org.hibernate.type.BasicTypeReference@285a4fe3
2025-02-02T12:36:35.383+09:00 DEBUG 12648 --- [project] [main] org.hibernate.type.BasicTypeRegistry     : Adding type registration materialized_clob -> org.hibernate.type.BasicTypeReference@2589d787
2025-02-02T12:36:35.384+09:00 DEBUG 12648 --- [project] [main] org.hibernate.type.BasicTypeRegistry     : Adding type registration materialized_clob_char_array -> org.hibernate.type.BasicTypeReference@1788cb61
2025-02-02T12:36:35.386+09:00 DEBUG 12648 --- [project] [main] org.hibernate.type.BasicTypeRegistry     : Adding type registration materialized_clob_character_array -> org.hibernate.type.BasicTypeReference@16d431b4
2025-02-02T12:36:35.387+09:00 DEBUG 12648 --- [project] [main] org.hibernate.type.BasicTypeRegistry     : Adding type registration materialized_nclob -> org.hibernate.type.BasicTypeReference@6c0b51da
2025-02-02T12:36:35.388+09:00 DEBUG 12648 --- [project] [main] org.hibernate.type.BasicTypeRegistry     : Adding type registration materialized_nclob_character_array -> org.hibernate.type.BasicTypeReference@7558633
2025-02-02T12:36:35.389+09:00 DEBUG 12648 --- [project] [main] org.hibernate.type.BasicTypeRegistry     : Adding type registration materialized_nclob_char_array -> org.hibernate.type.BasicTypeReference@5657967b
2025-02-02T12:36:35.391+09:00 DEBUG 12648 --- [project] [main] org.hibernate.type.BasicTypeRegistry     : Adding type registration Duration -> org.hibernate.type.BasicTypeReference@61394494
2025-02-02T12:36:35.392+09:00 DEBUG 12648 --- [project] [main] org.hibernate.type.BasicTypeRegistry     : Adding type registration java.time.Duration -> org.hibernate.type.BasicTypeReference@61394494
2025-02-02T12:36:35.393+09:00 DEBUG 12648 --- [project] [main] org.hibernate.type.BasicTypeRegistry     : Adding type registration LocalDateTime -> org.hibernate.type.BasicTypeReference@578a5ce8
2025-02-02T12:36:35.394+09:00 DEBUG 12648 --- [project] [main] org.hibernate.type.BasicTypeRegistry     : Adding type registration java.time.LocalDateTime -> org.hibernate.type.BasicTypeReference@578a5ce8
2025-02-02T12:36:35.433+09:00 DEBUG 12648 --- [project] [main] org.hibernate.type.BasicTypeRegistry     : Adding type registration LocalDate -> org.hibernate.type.BasicTypeReference@7c453c34
2025-02-02T12:36:35.439+09:00 DEBUG 12648 --- [project] [main] org.hibernate.type.BasicTypeRegistry     : Adding type registration java.time.LocalDate -> org.hibernate.type.BasicTypeReference@7c453c34
2025-02-02T12:36:35.441+09:00 DEBUG 12648 --- [project] [main] org.hibernate.type.BasicTypeRegistry     : Adding type registration LocalTime -> org.hibernate.type.BasicTypeReference@16cb9989
2025-02-02T12:36:35.444+09:00 DEBUG 12648 --- [project] [main] org.hibernate.type.BasicTypeRegistry     : Adding type registration java.time.LocalTime -> org.hibernate.type.BasicTypeReference@16cb9989
2025-02-02T12:36:35.446+09:00 DEBUG 12648 --- [project] [main] org.hibernate.type.BasicTypeRegistry     : Adding type registration OffsetDateTime -> org.hibernate.type.BasicTypeReference@3dfd6220
2025-02-02T12:36:35.447+09:00 DEBUG 12648 --- [project] [main] org.hibernate.type.BasicTypeRegistry     : Adding type registration java.time.OffsetDateTime -> org.hibernate.type.BasicTypeReference@3dfd6220
2025-02-02T12:36:35.451+09:00 DEBUG 12648 --- [project] [main] org.hibernate.type.BasicTypeRegistry     : Adding type registration OffsetDateTimeWithTimezone -> org.hibernate.type.BasicTypeReference@3815146b
2025-02-02T12:36:35.452+09:00 DEBUG 12648 --- [project] [main] org.hibernate.type.BasicTypeRegistry     : Adding type registration OffsetDateTimeWithoutTimezone -> org.hibernate.type.BasicTypeReference@6de43bc1
2025-02-02T12:36:35.454+09:00 DEBUG 12648 --- [project] [main] org.hibernate.type.BasicTypeRegistry     : Adding type registration OffsetTime -> org.hibernate.type.BasicTypeReference@27a9f025
2025-02-02T12:36:35.455+09:00 DEBUG 12648 --- [project] [main] org.hibernate.type.BasicTypeRegistry     : Adding type registration java.time.OffsetTime -> org.hibernate.type.BasicTypeReference@27a9f025
2025-02-02T12:36:35.456+09:00 DEBUG 12648 --- [project] [main] org.hibernate.type.BasicTypeRegistry     : Adding type registration OffsetTimeUtc -> org.hibernate.type.BasicTypeReference@71936a92
2025-02-02T12:36:35.457+09:00 DEBUG 12648 --- [project] [main] org.hibernate.type.BasicTypeRegistry     : Adding type registration OffsetTimeWithTimezone -> org.hibernate.type.BasicTypeReference@61359e87
2025-02-02T12:36:35.457+09:00 DEBUG 12648 --- [project] [main] org.hibernate.type.BasicTypeRegistry     : Adding type registration OffsetTimeWithoutTimezone -> org.hibernate.type.BasicTypeReference@2dc39b53
2025-02-02T12:36:35.458+09:00 DEBUG 12648 --- [project] [main] org.hibernate.type.BasicTypeRegistry     : Adding type registration ZonedDateTime -> org.hibernate.type.BasicTypeReference@45037e16
2025-02-02T12:36:35.459+09:00 DEBUG 12648 --- [project] [main] org.hibernate.type.BasicTypeRegistry     : Adding type registration java.time.ZonedDateTime -> org.hibernate.type.BasicTypeReference@45037e16
2025-02-02T12:36:35.461+09:00 DEBUG 12648 --- [project] [main] org.hibernate.type.BasicTypeRegistry     : Adding type registration ZonedDateTimeWithTimezone -> org.hibernate.type.BasicTypeReference@2f2e4bde
2025-02-02T12:36:35.462+09:00 DEBUG 12648 --- [project] [main] org.hibernate.type.BasicTypeRegistry     : Adding type registration ZonedDateTimeWithoutTimezone -> org.hibernate.type.BasicTypeReference@6222391a
2025-02-02T12:36:35.463+09:00 DEBUG 12648 --- [project] [main] org.hibernate.type.BasicTypeRegistry     : Adding type registration date -> org.hibernate.type.BasicTypeReference@538a2f0e
2025-02-02T12:36:35.464+09:00 DEBUG 12648 --- [project] [main] org.hibernate.type.BasicTypeRegistry     : Adding type registration java.sql.Date -> org.hibernate.type.BasicTypeReference@538a2f0e
2025-02-02T12:36:35.496+09:00 DEBUG 12648 --- [project] [main] org.hibernate.type.BasicTypeRegistry     : Adding type registration time -> org.hibernate.type.BasicTypeReference@d2708a7
2025-02-02T12:36:35.498+09:00 DEBUG 12648 --- [project] [main] org.hibernate.type.BasicTypeRegistry     : Adding type registration java.sql.Time -> org.hibernate.type.BasicTypeReference@d2708a7
2025-02-02T12:36:35.500+09:00 DEBUG 12648 --- [project] [main] org.hibernate.type.BasicTypeRegistry     : Adding type registration timestamp -> org.hibernate.type.BasicTypeReference@508ad266
2025-02-02T12:36:35.503+09:00 DEBUG 12648 --- [project] [main] org.hibernate.type.BasicTypeRegistry     : Adding type registration java.sql.Timestamp -> org.hibernate.type.BasicTypeReference@508ad266
2025-02-02T12:36:35.505+09:00 DEBUG 12648 --- [project] [main] org.hibernate.type.BasicTypeRegistry     : Adding type registration java.util.Date -> org.hibernate.type.BasicTypeReference@508ad266
2025-02-02T12:36:35.506+09:00 DEBUG 12648 --- [project] [main] org.hibernate.type.BasicTypeRegistry     : Adding type registration calendar -> org.hibernate.type.BasicTypeReference@2313db84
2025-02-02T12:36:35.507+09:00 DEBUG 12648 --- [project] [main] org.hibernate.type.BasicTypeRegistry     : Adding type registration java.util.Calendar -> org.hibernate.type.BasicTypeReference@2313db84
2025-02-02T12:36:35.509+09:00 DEBUG 12648 --- [project] [main] org.hibernate.type.BasicTypeRegistry     : Adding type registration java.util.GregorianCalendar -> org.hibernate.type.BasicTypeReference@2313db84
2025-02-02T12:36:35.510+09:00 DEBUG 12648 --- [project] [main] org.hibernate.type.BasicTypeRegistry     : Adding type registration calendar_date -> org.hibernate.type.BasicTypeReference@216372b7
2025-02-02T12:36:35.512+09:00 DEBUG 12648 --- [project] [main] org.hibernate.type.BasicTypeRegistry     : Adding type registration calendar_time -> org.hibernate.type.BasicTypeReference@14b4340c
2025-02-02T12:36:35.542+09:00 DEBUG 12648 --- [project] [main] org.hibernate.type.BasicTypeRegistry     : Adding type registration instant -> org.hibernate.type.BasicTypeReference@12abcd1e
2025-02-02T12:36:35.543+09:00 DEBUG 12648 --- [project] [main] org.hibernate.type.BasicTypeRegistry     : Adding type registration java.time.Instant -> org.hibernate.type.BasicTypeReference@12abcd1e
2025-02-02T12:36:35.547+09:00 DEBUG 12648 --- [project] [main] org.hibernate.type.BasicTypeRegistry     : Adding type registration uuid -> org.hibernate.type.BasicTypeReference@2fd9fb34
2025-02-02T12:36:35.549+09:00 DEBUG 12648 --- [project] [main] org.hibernate.type.BasicTypeRegistry     : Adding type registration java.util.UUID -> org.hibernate.type.BasicTypeReference@2fd9fb34
2025-02-02T12:36:35.554+09:00 DEBUG 12648 --- [project] [main] org.hibernate.type.BasicTypeRegistry     : Adding type registration pg-uuid -> org.hibernate.type.BasicTypeReference@2fd9fb34
2025-02-02T12:36:35.557+09:00 DEBUG 12648 --- [project] [main] org.hibernate.type.BasicTypeRegistry     : Adding type registration uuid-binary -> org.hibernate.type.BasicTypeReference@1595d2b2
2025-02-02T12:36:35.561+09:00 DEBUG 12648 --- [project] [main] org.hibernate.type.BasicTypeRegistry     : Adding type registration uuid-char -> org.hibernate.type.BasicTypeReference@20349058
2025-02-02T12:36:35.563+09:00 DEBUG 12648 --- [project] [main] org.hibernate.type.BasicTypeRegistry     : Adding type registration class -> org.hibernate.type.BasicTypeReference@6cbb7a7d
2025-02-02T12:36:35.564+09:00 DEBUG 12648 --- [project] [main] org.hibernate.type.BasicTypeRegistry     : Adding type registration java.lang.Class -> org.hibernate.type.BasicTypeReference@6cbb7a7d
2025-02-02T12:36:35.566+09:00 DEBUG 12648 --- [project] [main] org.hibernate.type.BasicTypeRegistry     : Adding type registration currency -> org.hibernate.type.BasicTypeReference@cdb3c85
2025-02-02T12:36:35.567+09:00 DEBUG 12648 --- [project] [main] org.hibernate.type.BasicTypeRegistry     : Adding type registration Currency -> org.hibernate.type.BasicTypeReference@cdb3c85
2025-02-02T12:36:35.568+09:00 DEBUG 12648 --- [project] [main] org.hibernate.type.BasicTypeRegistry     : Adding type registration java.util.Currency -> org.hibernate.type.BasicTypeReference@cdb3c85
2025-02-02T12:36:35.571+09:00 DEBUG 12648 --- [project] [main] org.hibernate.type.BasicTypeRegistry     : Adding type registration locale -> org.hibernate.type.BasicTypeReference@37606fee
2025-02-02T12:36:35.573+09:00 DEBUG 12648 --- [project] [main] org.hibernate.type.BasicTypeRegistry     : Adding type registration java.util.Locale -> org.hibernate.type.BasicTypeReference@37606fee
2025-02-02T12:36:35.575+09:00 DEBUG 12648 --- [project] [main] org.hibernate.type.BasicTypeRegistry     : Adding type registration serializable -> org.hibernate.type.BasicTypeReference@33d28f0a
2025-02-02T12:36:35.576+09:00 DEBUG 12648 --- [project] [main] org.hibernate.type.BasicTypeRegistry     : Adding type registration java.io.Serializable -> org.hibernate.type.BasicTypeReference@33d28f0a
2025-02-02T12:36:35.582+09:00 DEBUG 12648 --- [project] [main] org.hibernate.type.BasicTypeRegistry     : Adding type registration timezone -> org.hibernate.type.BasicTypeReference@48d739f
2025-02-02T12:36:35.587+09:00 DEBUG 12648 --- [project] [main] org.hibernate.type.BasicTypeRegistry     : Adding type registration java.util.TimeZone -> org.hibernate.type.BasicTypeReference@48d739f
2025-02-02T12:36:35.589+09:00 DEBUG 12648 --- [project] [main] org.hibernate.type.BasicTypeRegistry     : Adding type registration ZoneOffset -> org.hibernate.type.BasicTypeReference@51e7589f
2025-02-02T12:36:35.591+09:00 DEBUG 12648 --- [project] [main] org.hibernate.type.BasicTypeRegistry     : Adding type registration java.time.ZoneOffset -> org.hibernate.type.BasicTypeReference@51e7589f
2025-02-02T12:36:35.593+09:00 DEBUG 12648 --- [project] [main] org.hibernate.type.BasicTypeRegistry     : Adding type registration url -> org.hibernate.type.BasicTypeReference@65cc5252
2025-02-02T12:36:35.594+09:00 DEBUG 12648 --- [project] [main] org.hibernate.type.BasicTypeRegistry     : Adding type registration java.net.URL -> org.hibernate.type.BasicTypeReference@65cc5252
2025-02-02T12:36:35.595+09:00 DEBUG 12648 --- [project] [main] org.hibernate.type.BasicTypeRegistry     : Adding type registration vector -> org.hibernate.type.BasicTypeReference@42c12b3e
2025-02-02T12:36:35.596+09:00 DEBUG 12648 --- [project] [main] org.hibernate.type.BasicTypeRegistry     : Adding type registration float_vector -> org.hibernate.type.BasicTypeReference@2dbfa972
2025-02-02T12:36:35.596+09:00 DEBUG 12648 --- [project] [main] org.hibernate.type.BasicTypeRegistry     : Adding type registration double_vector -> org.hibernate.type.BasicTypeReference@46f73ffa
2025-02-02T12:36:35.597+09:00 DEBUG 12648 --- [project] [main] org.hibernate.type.BasicTypeRegistry     : Adding type registration byte_vector -> org.hibernate.type.BasicTypeReference@41aebbb4
2025-02-02T12:36:35.597+09:00 DEBUG 12648 --- [project] [main] org.hibernate.type.BasicTypeRegistry     : Adding type registration row_version -> org.hibernate.type.BasicTypeReference@afde064
2025-02-02T12:36:35.647+09:00 DEBUG 12648 --- [project] [main] org.hibernate.type.BasicTypeRegistry     : Adding type registration object -> org.hibernate.type.JavaObjectType@2506b881
2025-02-02T12:36:35.648+09:00 DEBUG 12648 --- [project] [main] org.hibernate.type.BasicTypeRegistry     : Adding type registration java.lang.Object -> org.hibernate.type.JavaObjectType@2506b881
2025-02-02T12:36:35.665+09:00 DEBUG 12648 --- [project] [main] org.hibernate.type.BasicTypeRegistry     : Adding type registration null -> org.hibernate.type.NullType@12192604
2025-02-02T12:36:35.666+09:00 DEBUG 12648 --- [project] [main] org.hibernate.type.BasicTypeRegistry     : Adding type registration imm_date -> org.hibernate.type.BasicTypeReference@6075b369
2025-02-02T12:36:35.667+09:00 DEBUG 12648 --- [project] [main] org.hibernate.type.BasicTypeRegistry     : Adding type registration imm_time -> org.hibernate.type.BasicTypeReference@231cdda8
2025-02-02T12:36:35.667+09:00 DEBUG 12648 --- [project] [main] org.hibernate.type.BasicTypeRegistry     : Adding type registration imm_timestamp -> org.hibernate.type.BasicTypeReference@6b70d1fb
2025-02-02T12:36:35.668+09:00 DEBUG 12648 --- [project] [main] org.hibernate.type.BasicTypeRegistry     : Adding type registration imm_calendar -> org.hibernate.type.BasicTypeReference@3002e397
2025-02-02T12:36:35.669+09:00 DEBUG 12648 --- [project] [main] org.hibernate.type.BasicTypeRegistry     : Adding type registration imm_calendar_date -> org.hibernate.type.BasicTypeReference@7da1e005
2025-02-02T12:36:35.673+09:00 DEBUG 12648 --- [project] [main] org.hibernate.type.BasicTypeRegistry     : Adding type registration imm_calendar_time -> org.hibernate.type.BasicTypeReference@38159384
2025-02-02T12:36:35.675+09:00 DEBUG 12648 --- [project] [main] org.hibernate.type.BasicTypeRegistry     : Adding type registration imm_binary -> org.hibernate.type.BasicTypeReference@55877274
2025-02-02T12:36:35.677+09:00 DEBUG 12648 --- [project] [main] org.hibernate.type.BasicTypeRegistry     : Adding type registration imm_serializable -> org.hibernate.type.BasicTypeReference@723e2d08
2025-02-02T12:36:37.607+09:00  INFO 12648 --- [project] [main] o.s.o.j.p.SpringPersistenceUnitInfo      : No LoadTimeWeaver setup: ignoring JPA class transformer
2025-02-02T12:36:37.906+09:00  INFO 12648 --- [project] [main] com.zaxxer.hikari.HikariDataSource       : HikariPool-1 - Starting...
2025-02-02T12:36:39.320+09:00  INFO 12648 --- [project] [main] com.zaxxer.hikari.pool.HikariPool        : HikariPool-1 - Added connection conn0: url=jdbc:h2:mem:test user=SA
2025-02-02T12:36:39.358+09:00  INFO 12648 --- [project] [main] com.zaxxer.hikari.HikariDataSource       : HikariPool-1 - Start completed.
2025-02-02T12:36:39.793+09:00  INFO 12648 --- [project] [main] org.hibernate.orm.connections.pooling    : HHH10001005: Database info:
	Database JDBC URL [Connecting through datasource 'HikariDataSource (HikariPool-1)']
	Database driver: undefined/unknown
	Database version: 2.3.232
	Autocommit mode: undefined/unknown
	Isolation level: undefined/unknown
	Minimum pool size: undefined/unknown
	Maximum pool size: undefined/unknown
2025-02-02T12:36:39.871+09:00 DEBUG 12648 --- [project] [main] o.h.t.d.jdbc.spi.JdbcTypeRegistry        : addDescriptor(NCharTypeDescriptor) replaced previous registration(CharTypeDescriptor)
2025-02-02T12:36:39.872+09:00 DEBUG 12648 --- [project] [main] o.h.t.d.jdbc.spi.JdbcTypeRegistry        : addDescriptor(NVarcharTypeDescriptor) replaced previous registration(VarcharTypeDescriptor)
2025-02-02T12:36:39.875+09:00 DEBUG 12648 --- [project] [main] o.h.t.d.jdbc.spi.JdbcTypeRegistry        : addDescriptor(LongNVarcharTypeDescriptor) replaced previous registration(LongVarcharTypeDescriptor)
2025-02-02T12:36:39.896+09:00 DEBUG 12648 --- [project] [main] o.h.t.d.jdbc.spi.JdbcTypeRegistry        : addDescriptor(NClobTypeDescriptor(DEFAULT)) replaced previous registration(ClobTypeDescriptor(DEFAULT))
2025-02-02T12:36:39.909+09:00 DEBUG 12648 --- [project] [main] o.h.t.d.jdbc.spi.JdbcTypeRegistry        : addDescriptor(TimestampUtcDescriptor) replaced previous registration(TimestampUtcDescriptor)
2025-02-02T12:36:39.945+09:00 DEBUG 12648 --- [project] [main] org.hibernate.type.BasicTypeRegistry     : Adding type registration org.hibernate.type.DurationType -> basicType@1(java.time.Duration,3015)
2025-02-02T12:36:39.946+09:00 DEBUG 12648 --- [project] [main] org.hibernate.type.BasicTypeRegistry     : Adding type registration Duration -> basicType@1(java.time.Duration,3015)
2025-02-02T12:36:39.947+09:00 DEBUG 12648 --- [project] [main] org.hibernate.type.BasicTypeRegistry     : Adding type registration java.time.Duration -> basicType@1(java.time.Duration,3015)
2025-02-02T12:36:39.972+09:00 DEBUG 12648 --- [project] [main] o.h.type.spi.TypeConfiguration$Scope     : Scoping TypeConfiguration [org.hibernate.type.spi.TypeConfiguration@6d617b07] to MetadataBuildingContext [org.hibernate.boot.internal.MetadataBuildingContextRootImpl@340c57e0]
2025-02-02T12:36:45.052+09:00  INFO 12648 --- [project] [main] o.h.e.t.j.p.i.JtaPlatformInitiator       : HHH000489: No JTA platform available (set 'hibernate.transaction.jta.platform' to enable JTA platform integration)
2025-02-02T12:36:45.055+09:00 DEBUG 12648 --- [project] [main] o.h.type.spi.TypeConfiguration$Scope     : Scoping TypeConfiguration [org.hibernate.type.spi.TypeConfiguration@6d617b07] to SessionFactoryImplementor [org.hibernate.internal.SessionFactoryImpl@31f5ffb9]
2025-02-02T12:36:45.222+09:00 TRACE 12648 --- [project] [main] o.h.type.spi.TypeConfiguration$Scope     : Handling #sessionFactoryCreated from [org.hibernate.internal.SessionFactoryImpl@31f5ffb9] for TypeConfiguration
2025-02-02T12:36:45.223+09:00  INFO 12648 --- [project] [main] j.LocalContainerEntityManagerFactoryBean : Initialized JPA EntityManagerFactory for persistence unit 'default'
2025-02-02T12:36:47.062+09:00  WARN 12648 --- [project] [main] .s.s.UserDetailsServiceAutoConfiguration : 

Using generated security password: e8000b00-0177-4ea8-9f32-994546a8aa4a

This generated password is for development use only. Your security configuration must be updated before running your application in production.

2025-02-02T12:36:47.109+09:00  INFO 12648 --- [project] [main] r$InitializeUserDetailsManagerConfigurer : Global AuthenticationManager configured with UserDetailsService bean with name inMemoryUserDetailsManager
2025-02-02T12:36:49.167+09:00  INFO 12648 --- [project] [main] o.s.b.a.h2.H2ConsoleAutoConfiguration    : H2 console available at '/h2-console'. Database available at 'jdbc:h2:mem:test'
2025-02-02T12:36:49.467+09:00  WARN 12648 --- [project] [main] ConfigServletWebServerApplicationContext : Exception encountered during context initialization - cancelling refresh attempt: org.springframework.context.ApplicationContextException: Failed to start bean 'webServerStartStop'
2025-02-02T12:36:49.471+09:00  INFO 12648 --- [project] [main] j.LocalContainerEntityManagerFactoryBean : Closing JPA EntityManagerFactory for persistence unit 'default'
2025-02-02T12:36:49.473+09:00 TRACE 12648 --- [project] [main] o.h.type.spi.TypeConfiguration$Scope     : Handling #sessionFactoryClosed from [org.hibernate.internal.SessionFactoryImpl@31f5ffb9] for TypeConfiguration
2025-02-02T12:36:49.475+09:00 DEBUG 12648 --- [project] [main] o.h.type.spi.TypeConfiguration$Scope     : Un-scoping TypeConfiguration [org.hibernate.type.spi.TypeConfiguration$Scope@4f466207] from SessionFactory [org.hibernate.internal.SessionFactoryImpl@31f5ffb9]
2025-02-02T12:36:49.480+09:00  INFO 12648 --- [project] [main] com.zaxxer.hikari.HikariDataSource       : HikariPool-1 - Shutdown initiated...
2025-02-02T12:36:49.488+09:00  INFO 12648 --- [project] [main] com.zaxxer.hikari.HikariDataSource       : HikariPool-1 - Shutdown completed.
2025-02-02T12:36:49.539+09:00  INFO 12648 --- [project] [main] .s.b.a.l.ConditionEvaluationReportLogger : 

Error starting ApplicationContext. To display the condition evaluation report re-run your application with 'debug' enabled.
2025-02-02T12:36:49.629+09:00 ERROR 12648 --- [project] [main] o.s.b.d.LoggingFailureAnalysisReporter   : 

***************************
APPLICATION FAILED TO START
***************************

Description:

Web server failed to start. Port 8080 was already in use.

Action:

Identify and stop the process that's listening on port 8080 or configure this application to listen on another port.

2025-02-02T12:38:51.900+09:00  INFO 9648 --- [project] [main] com.example.project.ProjectApplication   : Starting ProjectApplication using Java 21.0.5 with PID 9648 (C:\AI\javaProject\develope\project\build\classes\java\main started by nsy71 in C:\AI\javaProject\develope\project)
2025-02-02T12:38:51.911+09:00  INFO 9648 --- [project] [main] com.example.project.ProjectApplication   : The following 2 profiles are active: "secret", "dev"
2025-02-02T12:38:55.371+09:00  INFO 9648 --- [project] [main] .s.d.r.c.RepositoryConfigurationDelegate : Bootstrapping Spring Data JPA repositories in DEFAULT mode.
2025-02-02T12:38:55.685+09:00  INFO 9648 --- [project] [main] .s.d.r.c.RepositoryConfigurationDelegate : Finished Spring Data repository scanning in 275 ms. Found 1 JPA repository interface.
2025-02-02T12:38:58.124+09:00  INFO 9648 --- [project] [main] o.s.b.w.embedded.tomcat.TomcatWebServer  : Tomcat initialized with port 8080 (http)
2025-02-02T12:38:58.190+09:00  INFO 9648 --- [project] [main] o.apache.catalina.core.StandardService   : Starting service [Tomcat]
2025-02-02T12:38:58.191+09:00  INFO 9648 --- [project] [main] o.apache.catalina.core.StandardEngine    : Starting Servlet engine: [Apache Tomcat/10.1.34]
2025-02-02T12:38:58.493+09:00  INFO 9648 --- [project] [main] o.a.c.c.C.[Tomcat].[localhost].[/]       : Initializing Spring embedded WebApplicationContext
2025-02-02T12:38:58.495+09:00  INFO 9648 --- [project] [main] w.s.c.ServletWebServerApplicationContext : Root WebApplicationContext: initialization completed in 6334 ms
2025-02-02T12:38:59.181+09:00  INFO 9648 --- [project] [main] o.hibernate.jpa.internal.util.LogHelper  : HHH000204: Processing PersistenceUnitInfo [name: default]
2025-02-02T12:38:59.533+09:00  INFO 9648 --- [project] [main] org.hibernate.Version                    : HHH000412: Hibernate ORM core version 6.6.5.Final
2025-02-02T12:38:59.747+09:00  INFO 9648 --- [project] [main] o.h.c.internal.RegionFactoryInitiator    : HHH000026: Second-level cache disabled
2025-02-02T12:39:00.245+09:00 DEBUG 9648 --- [project] [main] org.hibernate.type.BasicTypeRegistry     : Adding type registration boolean -> org.hibernate.type.BasicTypeReference@6a09484c
2025-02-02T12:39:00.247+09:00 DEBUG 9648 --- [project] [main] org.hibernate.type.BasicTypeRegistry     : Adding type registration boolean -> org.hibernate.type.BasicTypeReference@6a09484c
2025-02-02T12:39:00.248+09:00 DEBUG 9648 --- [project] [main] org.hibernate.type.BasicTypeRegistry     : Adding type registration java.lang.Boolean -> org.hibernate.type.BasicTypeReference@6a09484c
2025-02-02T12:39:00.250+09:00 DEBUG 9648 --- [project] [main] org.hibernate.type.BasicTypeRegistry     : Adding type registration numeric_boolean -> org.hibernate.type.BasicTypeReference@34c7232c
2025-02-02T12:39:00.252+09:00 DEBUG 9648 --- [project] [main] org.hibernate.type.BasicTypeRegistry     : Adding type registration org.hibernate.type.NumericBooleanConverter -> org.hibernate.type.BasicTypeReference@34c7232c
2025-02-02T12:39:00.254+09:00 DEBUG 9648 --- [project] [main] org.hibernate.type.BasicTypeRegistry     : Adding type registration true_false -> org.hibernate.type.BasicTypeReference@50ec4bfc
2025-02-02T12:39:00.257+09:00 DEBUG 9648 --- [project] [main] org.hibernate.type.BasicTypeRegistry     : Adding type registration org.hibernate.type.TrueFalseConverter -> org.hibernate.type.BasicTypeReference@50ec4bfc
2025-02-02T12:39:00.260+09:00 DEBUG 9648 --- [project] [main] org.hibernate.type.BasicTypeRegistry     : Adding type registration yes_no -> org.hibernate.type.BasicTypeReference@8b13d91
2025-02-02T12:39:00.263+09:00 DEBUG 9648 --- [project] [main] org.hibernate.type.BasicTypeRegistry     : Adding type registration org.hibernate.type.YesNoConverter -> org.hibernate.type.BasicTypeReference@8b13d91
2025-02-02T12:39:00.265+09:00 DEBUG 9648 --- [project] [main] org.hibernate.type.BasicTypeRegistry     : Adding type registration byte -> org.hibernate.type.BasicTypeReference@285a4fe3
2025-02-02T12:39:00.266+09:00 DEBUG 9648 --- [project] [main] org.hibernate.type.BasicTypeRegistry     : Adding type registration byte -> org.hibernate.type.BasicTypeReference@285a4fe3
2025-02-02T12:39:00.268+09:00 DEBUG 9648 --- [project] [main] org.hibernate.type.BasicTypeRegistry     : Adding type registration java.lang.Byte -> org.hibernate.type.BasicTypeReference@285a4fe3
2025-02-02T12:39:00.269+09:00 DEBUG 9648 --- [project] [main] org.hibernate.type.BasicTypeRegistry     : Adding type registration binary -> org.hibernate.type.BasicTypeReference@2589d787
2025-02-02T12:39:00.271+09:00 DEBUG 9648 --- [project] [main] org.hibernate.type.BasicTypeRegistry     : Adding type registration byte[] -> org.hibernate.type.BasicTypeReference@2589d787
2025-02-02T12:39:00.275+09:00 DEBUG 9648 --- [project] [main] org.hibernate.type.BasicTypeRegistry     : Adding type registration [B -> org.hibernate.type.BasicTypeReference@2589d787
2025-02-02T12:39:00.277+09:00 DEBUG 9648 --- [project] [main] org.hibernate.type.BasicTypeRegistry     : Adding type registration binary_wrapper -> org.hibernate.type.BasicTypeReference@1788cb61
2025-02-02T12:39:00.279+09:00 DEBUG 9648 --- [project] [main] org.hibernate.type.BasicTypeRegistry     : Adding type registration wrapper-binary -> org.hibernate.type.BasicTypeReference@1788cb61
2025-02-02T12:39:00.281+09:00 DEBUG 9648 --- [project] [main] org.hibernate.type.BasicTypeRegistry     : Adding type registration image -> org.hibernate.type.BasicTypeReference@16d431b4
2025-02-02T12:39:00.282+09:00 DEBUG 9648 --- [project] [main] org.hibernate.type.BasicTypeRegistry     : Adding type registration blob -> org.hibernate.type.BasicTypeReference@6c0b51da
2025-02-02T12:39:00.283+09:00 DEBUG 9648 --- [project] [main] org.hibernate.type.BasicTypeRegistry     : Adding type registration java.sql.Blob -> org.hibernate.type.BasicTypeReference@6c0b51da
2025-02-02T12:39:00.286+09:00 DEBUG 9648 --- [project] [main] org.hibernate.type.BasicTypeRegistry     : Adding type registration materialized_blob -> org.hibernate.type.BasicTypeReference@7558633
2025-02-02T12:39:00.287+09:00 DEBUG 9648 --- [project] [main] org.hibernate.type.BasicTypeRegistry     : Adding type registration materialized_blob_wrapper -> org.hibernate.type.BasicTypeReference@5657967b
2025-02-02T12:39:00.289+09:00 DEBUG 9648 --- [project] [main] org.hibernate.type.BasicTypeRegistry     : Adding type registration short -> org.hibernate.type.BasicTypeReference@61394494
2025-02-02T12:39:00.290+09:00 DEBUG 9648 --- [project] [main] org.hibernate.type.BasicTypeRegistry     : Adding type registration short -> org.hibernate.type.BasicTypeReference@61394494
2025-02-02T12:39:00.291+09:00 DEBUG 9648 --- [project] [main] org.hibernate.type.BasicTypeRegistry     : Adding type registration java.lang.Short -> org.hibernate.type.BasicTypeReference@61394494
2025-02-02T12:39:00.295+09:00 DEBUG 9648 --- [project] [main] org.hibernate.type.BasicTypeRegistry     : Adding type registration integer -> org.hibernate.type.BasicTypeReference@578a5ce8
2025-02-02T12:39:00.297+09:00 DEBUG 9648 --- [project] [main] org.hibernate.type.BasicTypeRegistry     : Adding type registration int -> org.hibernate.type.BasicTypeReference@578a5ce8
2025-02-02T12:39:00.299+09:00 DEBUG 9648 --- [project] [main] org.hibernate.type.BasicTypeRegistry     : Adding type registration java.lang.Integer -> org.hibernate.type.BasicTypeReference@578a5ce8
2025-02-02T12:39:00.301+09:00 DEBUG 9648 --- [project] [main] org.hibernate.type.BasicTypeRegistry     : Adding type registration long -> org.hibernate.type.BasicTypeReference@7c453c34
2025-02-02T12:39:00.303+09:00 DEBUG 9648 --- [project] [main] org.hibernate.type.BasicTypeRegistry     : Adding type registration long -> org.hibernate.type.BasicTypeReference@7c453c34
2025-02-02T12:39:00.305+09:00 DEBUG 9648 --- [project] [main] org.hibernate.type.BasicTypeRegistry     : Adding type registration java.lang.Long -> org.hibernate.type.BasicTypeReference@7c453c34
2025-02-02T12:39:00.310+09:00 DEBUG 9648 --- [project] [main] org.hibernate.type.BasicTypeRegistry     : Adding type registration float -> org.hibernate.type.BasicTypeReference@16cb9989
2025-02-02T12:39:00.312+09:00 DEBUG 9648 --- [project] [main] org.hibernate.type.BasicTypeRegistry     : Adding type registration float -> org.hibernate.type.BasicTypeReference@16cb9989
2025-02-02T12:39:00.313+09:00 DEBUG 9648 --- [project] [main] org.hibernate.type.BasicTypeRegistry     : Adding type registration java.lang.Float -> org.hibernate.type.BasicTypeReference@16cb9989
2025-02-02T12:39:00.314+09:00 DEBUG 9648 --- [project] [main] org.hibernate.type.BasicTypeRegistry     : Adding type registration double -> org.hibernate.type.BasicTypeReference@3dfd6220
2025-02-02T12:39:00.315+09:00 DEBUG 9648 --- [project] [main] org.hibernate.type.BasicTypeRegistry     : Adding type registration double -> org.hibernate.type.BasicTypeReference@3dfd6220
2025-02-02T12:39:00.316+09:00 DEBUG 9648 --- [project] [main] org.hibernate.type.BasicTypeRegistry     : Adding type registration java.lang.Double -> org.hibernate.type.BasicTypeReference@3dfd6220
2025-02-02T12:39:00.318+09:00 DEBUG 9648 --- [project] [main] org.hibernate.type.BasicTypeRegistry     : Adding type registration big_integer -> org.hibernate.type.BasicTypeReference@3815146b
2025-02-02T12:39:00.319+09:00 DEBUG 9648 --- [project] [main] org.hibernate.type.BasicTypeRegistry     : Adding type registration java.math.BigInteger -> org.hibernate.type.BasicTypeReference@3815146b
2025-02-02T12:39:00.321+09:00 DEBUG 9648 --- [project] [main] org.hibernate.type.BasicTypeRegistry     : Adding type registration big_decimal -> org.hibernate.type.BasicTypeReference@6de43bc1
2025-02-02T12:39:00.322+09:00 DEBUG 9648 --- [project] [main] org.hibernate.type.BasicTypeRegistry     : Adding type registration java.math.BigDecimal -> org.hibernate.type.BasicTypeReference@6de43bc1
2025-02-02T12:39:00.323+09:00 DEBUG 9648 --- [project] [main] org.hibernate.type.BasicTypeRegistry     : Adding type registration character -> org.hibernate.type.BasicTypeReference@27a9f025
2025-02-02T12:39:00.325+09:00 DEBUG 9648 --- [project] [main] org.hibernate.type.BasicTypeRegistry     : Adding type registration char -> org.hibernate.type.BasicTypeReference@27a9f025
2025-02-02T12:39:00.330+09:00 DEBUG 9648 --- [project] [main] org.hibernate.type.BasicTypeRegistry     : Adding type registration java.lang.Character -> org.hibernate.type.BasicTypeReference@27a9f025
2025-02-02T12:39:00.332+09:00 DEBUG 9648 --- [project] [main] org.hibernate.type.BasicTypeRegistry     : Adding type registration character_nchar -> org.hibernate.type.BasicTypeReference@71936a92
2025-02-02T12:39:00.334+09:00 DEBUG 9648 --- [project] [main] org.hibernate.type.BasicTypeRegistry     : Adding type registration string -> org.hibernate.type.BasicTypeReference@61359e87
2025-02-02T12:39:00.338+09:00 DEBUG 9648 --- [project] [main] org.hibernate.type.BasicTypeRegistry     : Adding type registration java.lang.String -> org.hibernate.type.BasicTypeReference@61359e87
2025-02-02T12:39:00.340+09:00 DEBUG 9648 --- [project] [main] org.hibernate.type.BasicTypeRegistry     : Adding type registration nstring -> org.hibernate.type.BasicTypeReference@2dc39b53
2025-02-02T12:39:00.343+09:00 DEBUG 9648 --- [project] [main] org.hibernate.type.BasicTypeRegistry     : Adding type registration characters -> org.hibernate.type.BasicTypeReference@45037e16
2025-02-02T12:39:00.358+09:00 DEBUG 9648 --- [project] [main] org.hibernate.type.BasicTypeRegistry     : Adding type registration char[] -> org.hibernate.type.BasicTypeReference@45037e16
2025-02-02T12:39:00.362+09:00 DEBUG 9648 --- [project] [main] org.hibernate.type.BasicTypeRegistry     : Adding type registration [C -> org.hibernate.type.BasicTypeReference@45037e16
2025-02-02T12:39:00.364+09:00 DEBUG 9648 --- [project] [main] org.hibernate.type.BasicTypeRegistry     : Adding type registration wrapper-characters -> org.hibernate.type.BasicTypeReference@2f2e4bde
2025-02-02T12:39:00.372+09:00 DEBUG 9648 --- [project] [main] org.hibernate.type.BasicTypeRegistry     : Adding type registration text -> org.hibernate.type.BasicTypeReference@6222391a
2025-02-02T12:39:00.373+09:00 DEBUG 9648 --- [project] [main] org.hibernate.type.BasicTypeRegistry     : Adding type registration ntext -> org.hibernate.type.BasicTypeReference@538a2f0e
2025-02-02T12:39:00.374+09:00 DEBUG 9648 --- [project] [main] org.hibernate.type.BasicTypeRegistry     : Adding type registration clob -> org.hibernate.type.BasicTypeReference@d2708a7
2025-02-02T12:39:00.375+09:00 DEBUG 9648 --- [project] [main] org.hibernate.type.BasicTypeRegistry     : Adding type registration java.sql.Clob -> org.hibernate.type.BasicTypeReference@d2708a7
2025-02-02T12:39:00.376+09:00 DEBUG 9648 --- [project] [main] org.hibernate.type.BasicTypeRegistry     : Adding type registration nclob -> org.hibernate.type.BasicTypeReference@508ad266
2025-02-02T12:39:00.378+09:00 DEBUG 9648 --- [project] [main] org.hibernate.type.BasicTypeRegistry     : Adding type registration java.sql.NClob -> org.hibernate.type.BasicTypeReference@508ad266
2025-02-02T12:39:00.380+09:00 DEBUG 9648 --- [project] [main] org.hibernate.type.BasicTypeRegistry     : Adding type registration materialized_clob -> org.hibernate.type.BasicTypeReference@2313db84
2025-02-02T12:39:00.382+09:00 DEBUG 9648 --- [project] [main] org.hibernate.type.BasicTypeRegistry     : Adding type registration materialized_clob_char_array -> org.hibernate.type.BasicTypeReference@216372b7
2025-02-02T12:39:00.383+09:00 DEBUG 9648 --- [project] [main] org.hibernate.type.BasicTypeRegistry     : Adding type registration materialized_clob_character_array -> org.hibernate.type.BasicTypeReference@14b4340c
2025-02-02T12:39:00.384+09:00 DEBUG 9648 --- [project] [main] org.hibernate.type.BasicTypeRegistry     : Adding type registration materialized_nclob -> org.hibernate.type.BasicTypeReference@12abcd1e
2025-02-02T12:39:00.386+09:00 DEBUG 9648 --- [project] [main] org.hibernate.type.BasicTypeRegistry     : Adding type registration materialized_nclob_character_array -> org.hibernate.type.BasicTypeReference@2fd9fb34
2025-02-02T12:39:00.388+09:00 DEBUG 9648 --- [project] [main] org.hibernate.type.BasicTypeRegistry     : Adding type registration materialized_nclob_char_array -> org.hibernate.type.BasicTypeReference@1595d2b2
2025-02-02T12:39:00.389+09:00 DEBUG 9648 --- [project] [main] org.hibernate.type.BasicTypeRegistry     : Adding type registration Duration -> org.hibernate.type.BasicTypeReference@20349058
2025-02-02T12:39:00.391+09:00 DEBUG 9648 --- [project] [main] org.hibernate.type.BasicTypeRegistry     : Adding type registration java.time.Duration -> org.hibernate.type.BasicTypeReference@20349058
2025-02-02T12:39:00.392+09:00 DEBUG 9648 --- [project] [main] org.hibernate.type.BasicTypeRegistry     : Adding type registration LocalDateTime -> org.hibernate.type.BasicTypeReference@6cbb7a7d
2025-02-02T12:39:00.393+09:00 DEBUG 9648 --- [project] [main] org.hibernate.type.BasicTypeRegistry     : Adding type registration java.time.LocalDateTime -> org.hibernate.type.BasicTypeReference@6cbb7a7d
2025-02-02T12:39:00.395+09:00 DEBUG 9648 --- [project] [main] org.hibernate.type.BasicTypeRegistry     : Adding type registration LocalDate -> org.hibernate.type.BasicTypeReference@cdb3c85
2025-02-02T12:39:00.397+09:00 DEBUG 9648 --- [project] [main] org.hibernate.type.BasicTypeRegistry     : Adding type registration java.time.LocalDate -> org.hibernate.type.BasicTypeReference@cdb3c85
2025-02-02T12:39:00.403+09:00 DEBUG 9648 --- [project] [main] org.hibernate.type.BasicTypeRegistry     : Adding type registration LocalTime -> org.hibernate.type.BasicTypeReference@37606fee
2025-02-02T12:39:00.406+09:00 DEBUG 9648 --- [project] [main] org.hibernate.type.BasicTypeRegistry     : Adding type registration java.time.LocalTime -> org.hibernate.type.BasicTypeReference@37606fee
2025-02-02T12:39:00.407+09:00 DEBUG 9648 --- [project] [main] org.hibernate.type.BasicTypeRegistry     : Adding type registration OffsetDateTime -> org.hibernate.type.BasicTypeReference@33d28f0a
2025-02-02T12:39:00.408+09:00 DEBUG 9648 --- [project] [main] org.hibernate.type.BasicTypeRegistry     : Adding type registration java.time.OffsetDateTime -> org.hibernate.type.BasicTypeReference@33d28f0a
2025-02-02T12:39:00.415+09:00 DEBUG 9648 --- [project] [main] org.hibernate.type.BasicTypeRegistry     : Adding type registration OffsetDateTimeWithTimezone -> org.hibernate.type.BasicTypeReference@48d739f
2025-02-02T12:39:00.416+09:00 DEBUG 9648 --- [project] [main] org.hibernate.type.BasicTypeRegistry     : Adding type registration OffsetDateTimeWithoutTimezone -> org.hibernate.type.BasicTypeReference@51e7589f
2025-02-02T12:39:00.418+09:00 DEBUG 9648 --- [project] [main] org.hibernate.type.BasicTypeRegistry     : Adding type registration OffsetTime -> org.hibernate.type.BasicTypeReference@65cc5252
2025-02-02T12:39:00.419+09:00 DEBUG 9648 --- [project] [main] org.hibernate.type.BasicTypeRegistry     : Adding type registration java.time.OffsetTime -> org.hibernate.type.BasicTypeReference@65cc5252
2025-02-02T12:39:00.423+09:00 DEBUG 9648 --- [project] [main] org.hibernate.type.BasicTypeRegistry     : Adding type registration OffsetTimeUtc -> org.hibernate.type.BasicTypeReference@42c12b3e
2025-02-02T12:39:00.426+09:00 DEBUG 9648 --- [project] [main] org.hibernate.type.BasicTypeRegistry     : Adding type registration OffsetTimeWithTimezone -> org.hibernate.type.BasicTypeReference@2dbfa972
2025-02-02T12:39:00.434+09:00 DEBUG 9648 --- [project] [main] org.hibernate.type.BasicTypeRegistry     : Adding type registration OffsetTimeWithoutTimezone -> org.hibernate.type.BasicTypeReference@46f73ffa
2025-02-02T12:39:00.436+09:00 DEBUG 9648 --- [project] [main] org.hibernate.type.BasicTypeRegistry     : Adding type registration ZonedDateTime -> org.hibernate.type.BasicTypeReference@41aebbb4
2025-02-02T12:39:00.441+09:00 DEBUG 9648 --- [project] [main] org.hibernate.type.BasicTypeRegistry     : Adding type registration java.time.ZonedDateTime -> org.hibernate.type.BasicTypeReference@41aebbb4
2025-02-02T12:39:00.443+09:00 DEBUG 9648 --- [project] [main] org.hibernate.type.BasicTypeRegistry     : Adding type registration ZonedDateTimeWithTimezone -> org.hibernate.type.BasicTypeReference@afde064
2025-02-02T12:39:00.447+09:00 DEBUG 9648 --- [project] [main] org.hibernate.type.BasicTypeRegistry     : Adding type registration ZonedDateTimeWithoutTimezone -> org.hibernate.type.BasicTypeReference@5a592c70
2025-02-02T12:39:00.448+09:00 DEBUG 9648 --- [project] [main] org.hibernate.type.BasicTypeRegistry     : Adding type registration date -> org.hibernate.type.BasicTypeReference@252ec02e
2025-02-02T12:39:00.450+09:00 DEBUG 9648 --- [project] [main] org.hibernate.type.BasicTypeRegistry     : Adding type registration java.sql.Date -> org.hibernate.type.BasicTypeReference@252ec02e
2025-02-02T12:39:00.450+09:00 DEBUG 9648 --- [project] [main] org.hibernate.type.BasicTypeRegistry     : Adding type registration time -> org.hibernate.type.BasicTypeReference@11e9ac24
2025-02-02T12:39:00.451+09:00 DEBUG 9648 --- [project] [main] org.hibernate.type.BasicTypeRegistry     : Adding type registration java.sql.Time -> org.hibernate.type.BasicTypeReference@11e9ac24
2025-02-02T12:39:00.452+09:00 DEBUG 9648 --- [project] [main] org.hibernate.type.BasicTypeRegistry     : Adding type registration timestamp -> org.hibernate.type.BasicTypeReference@74f280bd
2025-02-02T12:39:00.454+09:00 DEBUG 9648 --- [project] [main] org.hibernate.type.BasicTypeRegistry     : Adding type registration java.sql.Timestamp -> org.hibernate.type.BasicTypeReference@74f280bd
2025-02-02T12:39:00.455+09:00 DEBUG 9648 --- [project] [main] org.hibernate.type.BasicTypeRegistry     : Adding type registration java.util.Date -> org.hibernate.type.BasicTypeReference@74f280bd
2025-02-02T12:39:00.458+09:00 DEBUG 9648 --- [project] [main] org.hibernate.type.BasicTypeRegistry     : Adding type registration calendar -> org.hibernate.type.BasicTypeReference@675b18ff
2025-02-02T12:39:00.466+09:00 DEBUG 9648 --- [project] [main] org.hibernate.type.BasicTypeRegistry     : Adding type registration java.util.Calendar -> org.hibernate.type.BasicTypeReference@675b18ff
2025-02-02T12:39:00.469+09:00 DEBUG 9648 --- [project] [main] org.hibernate.type.BasicTypeRegistry     : Adding type registration java.util.GregorianCalendar -> org.hibernate.type.BasicTypeReference@675b18ff
2025-02-02T12:39:00.473+09:00 DEBUG 9648 --- [project] [main] org.hibernate.type.BasicTypeRegistry     : Adding type registration calendar_date -> org.hibernate.type.BasicTypeReference@34279b8a
2025-02-02T12:39:00.476+09:00 DEBUG 9648 --- [project] [main] org.hibernate.type.BasicTypeRegistry     : Adding type registration calendar_time -> org.hibernate.type.BasicTypeReference@687389a6
2025-02-02T12:39:00.480+09:00 DEBUG 9648 --- [project] [main] org.hibernate.type.BasicTypeRegistry     : Adding type registration instant -> org.hibernate.type.BasicTypeReference@8641b7d
2025-02-02T12:39:00.481+09:00 DEBUG 9648 --- [project] [main] org.hibernate.type.BasicTypeRegistry     : Adding type registration java.time.Instant -> org.hibernate.type.BasicTypeReference@8641b7d
2025-02-02T12:39:00.482+09:00 DEBUG 9648 --- [project] [main] org.hibernate.type.BasicTypeRegistry     : Adding type registration uuid -> org.hibernate.type.BasicTypeReference@37c7766e
2025-02-02T12:39:00.483+09:00 DEBUG 9648 --- [project] [main] org.hibernate.type.BasicTypeRegistry     : Adding type registration java.util.UUID -> org.hibernate.type.BasicTypeReference@37c7766e
2025-02-02T12:39:00.484+09:00 DEBUG 9648 --- [project] [main] org.hibernate.type.BasicTypeRegistry     : Adding type registration pg-uuid -> org.hibernate.type.BasicTypeReference@37c7766e
2025-02-02T12:39:00.487+09:00 DEBUG 9648 --- [project] [main] org.hibernate.type.BasicTypeRegistry     : Adding type registration uuid-binary -> org.hibernate.type.BasicTypeReference@3fb450d7
2025-02-02T12:39:00.488+09:00 DEBUG 9648 --- [project] [main] org.hibernate.type.BasicTypeRegistry     : Adding type registration uuid-char -> org.hibernate.type.BasicTypeReference@4b7ed03e
2025-02-02T12:39:00.489+09:00 DEBUG 9648 --- [project] [main] org.hibernate.type.BasicTypeRegistry     : Adding type registration class -> org.hibernate.type.BasicTypeReference@636985df
2025-02-02T12:39:00.491+09:00 DEBUG 9648 --- [project] [main] org.hibernate.type.BasicTypeRegistry     : Adding type registration java.lang.Class -> org.hibernate.type.BasicTypeReference@636985df
2025-02-02T12:39:00.493+09:00 DEBUG 9648 --- [project] [main] org.hibernate.type.BasicTypeRegistry     : Adding type registration currency -> org.hibernate.type.BasicTypeReference@6f91fbda
2025-02-02T12:39:00.496+09:00 DEBUG 9648 --- [project] [main] org.hibernate.type.BasicTypeRegistry     : Adding type registration Currency -> org.hibernate.type.BasicTypeReference@6f91fbda
2025-02-02T12:39:00.497+09:00 DEBUG 9648 --- [project] [main] org.hibernate.type.BasicTypeRegistry     : Adding type registration java.util.Currency -> org.hibernate.type.BasicTypeReference@6f91fbda
2025-02-02T12:39:00.501+09:00 DEBUG 9648 --- [project] [main] org.hibernate.type.BasicTypeRegistry     : Adding type registration locale -> org.hibernate.type.BasicTypeReference@723e3c17
2025-02-02T12:39:00.502+09:00 DEBUG 9648 --- [project] [main] org.hibernate.type.BasicTypeRegistry     : Adding type registration java.util.Locale -> org.hibernate.type.BasicTypeReference@723e3c17
2025-02-02T12:39:00.513+09:00 DEBUG 9648 --- [project] [main] org.hibernate.type.BasicTypeRegistry     : Adding type registration serializable -> org.hibernate.type.BasicTypeReference@4ffced4e
2025-02-02T12:39:00.515+09:00 DEBUG 9648 --- [project] [main] org.hibernate.type.BasicTypeRegistry     : Adding type registration java.io.Serializable -> org.hibernate.type.BasicTypeReference@4ffced4e
2025-02-02T12:39:00.517+09:00 DEBUG 9648 --- [project] [main] org.hibernate.type.BasicTypeRegistry     : Adding type registration timezone -> org.hibernate.type.BasicTypeReference@6094de13
2025-02-02T12:39:00.520+09:00 DEBUG 9648 --- [project] [main] org.hibernate.type.BasicTypeRegistry     : Adding type registration java.util.TimeZone -> org.hibernate.type.BasicTypeReference@6094de13
2025-02-02T12:39:00.522+09:00 DEBUG 9648 --- [project] [main] org.hibernate.type.BasicTypeRegistry     : Adding type registration ZoneOffset -> org.hibernate.type.BasicTypeReference@bbb6f0
2025-02-02T12:39:00.526+09:00 DEBUG 9648 --- [project] [main] org.hibernate.type.BasicTypeRegistry     : Adding type registration java.time.ZoneOffset -> org.hibernate.type.BasicTypeReference@bbb6f0
2025-02-02T12:39:00.532+09:00 DEBUG 9648 --- [project] [main] org.hibernate.type.BasicTypeRegistry     : Adding type registration url -> org.hibernate.type.BasicTypeReference@3e6ec74
2025-02-02T12:39:00.533+09:00 DEBUG 9648 --- [project] [main] org.hibernate.type.BasicTypeRegistry     : Adding type registration java.net.URL -> org.hibernate.type.BasicTypeReference@3e6ec74
2025-02-02T12:39:00.534+09:00 DEBUG 9648 --- [project] [main] org.hibernate.type.BasicTypeRegistry     : Adding type registration vector -> org.hibernate.type.BasicTypeReference@2bd8f7db
2025-02-02T12:39:00.535+09:00 DEBUG 9648 --- [project] [main] org.hibernate.type.BasicTypeRegistry     : Adding type registration float_vector -> org.hibernate.type.BasicTypeReference@6d7ad0f5
2025-02-02T12:39:00.535+09:00 DEBUG 9648 --- [project] [main] org.hibernate.type.BasicTypeRegistry     : Adding type registration double_vector -> org.hibernate.type.BasicTypeReference@30abf79c
2025-02-02T12:39:00.536+09:00 DEBUG 9648 --- [project] [main] org.hibernate.type.BasicTypeRegistry     : Adding type registration byte_vector -> org.hibernate.type.BasicTypeReference@49a38b1
2025-02-02T12:39:00.536+09:00 DEBUG 9648 --- [project] [main] org.hibernate.type.BasicTypeRegistry     : Adding type registration row_version -> org.hibernate.type.BasicTypeReference@681061d6
2025-02-02T12:39:00.569+09:00 DEBUG 9648 --- [project] [main] org.hibernate.type.BasicTypeRegistry     : Adding type registration object -> org.hibernate.type.JavaObjectType@7a0ab480
2025-02-02T12:39:00.569+09:00 DEBUG 9648 --- [project] [main] org.hibernate.type.BasicTypeRegistry     : Adding type registration java.lang.Object -> org.hibernate.type.JavaObjectType@7a0ab480
2025-02-02T12:39:00.576+09:00 DEBUG 9648 --- [project] [main] org.hibernate.type.BasicTypeRegistry     : Adding type registration null -> org.hibernate.type.NullType@212fafd1
2025-02-02T12:39:00.580+09:00 DEBUG 9648 --- [project] [main] org.hibernate.type.BasicTypeRegistry     : Adding type registration imm_date -> org.hibernate.type.BasicTypeReference@448462f0
2025-02-02T12:39:00.581+09:00 DEBUG 9648 --- [project] [main] org.hibernate.type.BasicTypeRegistry     : Adding type registration imm_time -> org.hibernate.type.BasicTypeReference@787988f4
2025-02-02T12:39:00.582+09:00 DEBUG 9648 --- [project] [main] org.hibernate.type.BasicTypeRegistry     : Adding type registration imm_timestamp -> org.hibernate.type.BasicTypeReference@132e3594
2025-02-02T12:39:00.584+09:00 DEBUG 9648 --- [project] [main] org.hibernate.type.BasicTypeRegistry     : Adding type registration imm_calendar -> org.hibernate.type.BasicTypeReference@4f235107
2025-02-02T12:39:00.585+09:00 DEBUG 9648 --- [project] [main] org.hibernate.type.BasicTypeRegistry     : Adding type registration imm_calendar_date -> org.hibernate.type.BasicTypeReference@28d739f1
2025-02-02T12:39:00.585+09:00 DEBUG 9648 --- [project] [main] org.hibernate.type.BasicTypeRegistry     : Adding type registration imm_calendar_time -> org.hibernate.type.BasicTypeReference@1c5d3a37
2025-02-02T12:39:00.589+09:00 DEBUG 9648 --- [project] [main] org.hibernate.type.BasicTypeRegistry     : Adding type registration imm_binary -> org.hibernate.type.BasicTypeReference@7e3d2ebd
2025-02-02T12:39:00.590+09:00 DEBUG 9648 --- [project] [main] org.hibernate.type.BasicTypeRegistry     : Adding type registration imm_serializable -> org.hibernate.type.BasicTypeReference@2b43f314
2025-02-02T12:39:02.639+09:00  INFO 9648 --- [project] [main] o.s.o.j.p.SpringPersistenceUnitInfo      : No LoadTimeWeaver setup: ignoring JPA class transformer
2025-02-02T12:39:02.984+09:00  INFO 9648 --- [project] [main] com.zaxxer.hikari.HikariDataSource       : HikariPool-1 - Starting...
2025-02-02T12:39:04.236+09:00  INFO 9648 --- [project] [main] com.zaxxer.hikari.pool.HikariPool        : HikariPool-1 - Added connection conn0: url=jdbc:h2:mem:test user=SA
2025-02-02T12:39:04.247+09:00  INFO 9648 --- [project] [main] com.zaxxer.hikari.HikariDataSource       : HikariPool-1 - Start completed.
2025-02-02T12:39:04.647+09:00  INFO 9648 --- [project] [main] org.hibernate.orm.connections.pooling    : HHH10001005: Database info:
	Database JDBC URL [Connecting through datasource 'HikariDataSource (HikariPool-1)']
	Database driver: undefined/unknown
	Database version: 2.3.232
	Autocommit mode: undefined/unknown
	Isolation level: undefined/unknown
	Minimum pool size: undefined/unknown
	Maximum pool size: undefined/unknown
2025-02-02T12:39:04.781+09:00 DEBUG 9648 --- [project] [main] o.h.t.d.jdbc.spi.JdbcTypeRegistry        : addDescriptor(NCharTypeDescriptor) replaced previous registration(CharTypeDescriptor)
2025-02-02T12:39:04.782+09:00 DEBUG 9648 --- [project] [main] o.h.t.d.jdbc.spi.JdbcTypeRegistry        : addDescriptor(NVarcharTypeDescriptor) replaced previous registration(VarcharTypeDescriptor)
2025-02-02T12:39:04.784+09:00 DEBUG 9648 --- [project] [main] o.h.t.d.jdbc.spi.JdbcTypeRegistry        : addDescriptor(LongNVarcharTypeDescriptor) replaced previous registration(LongVarcharTypeDescriptor)
2025-02-02T12:39:04.818+09:00 DEBUG 9648 --- [project] [main] o.h.t.d.jdbc.spi.JdbcTypeRegistry        : addDescriptor(NClobTypeDescriptor(DEFAULT)) replaced previous registration(ClobTypeDescriptor(DEFAULT))
2025-02-02T12:39:04.825+09:00 DEBUG 9648 --- [project] [main] o.h.t.d.jdbc.spi.JdbcTypeRegistry        : addDescriptor(TimestampUtcDescriptor) replaced previous registration(TimestampUtcDescriptor)
2025-02-02T12:39:04.852+09:00 DEBUG 9648 --- [project] [main] org.hibernate.type.BasicTypeRegistry     : Adding type registration org.hibernate.type.DurationType -> basicType@1(java.time.Duration,3015)
2025-02-02T12:39:04.852+09:00 DEBUG 9648 --- [project] [main] org.hibernate.type.BasicTypeRegistry     : Adding type registration Duration -> basicType@1(java.time.Duration,3015)
2025-02-02T12:39:04.852+09:00 DEBUG 9648 --- [project] [main] org.hibernate.type.BasicTypeRegistry     : Adding type registration java.time.Duration -> basicType@1(java.time.Duration,3015)
2025-02-02T12:39:04.870+09:00 DEBUG 9648 --- [project] [main] o.h.type.spi.TypeConfiguration$Scope     : Scoping TypeConfiguration [org.hibernate.type.spi.TypeConfiguration@6c519e47] to MetadataBuildingContext [org.hibernate.boot.internal.MetadataBuildingContextRootImpl@3ce7490a]
2025-02-02T12:39:08.975+09:00  INFO 9648 --- [project] [main] o.h.e.t.j.p.i.JtaPlatformInitiator       : HHH000489: No JTA platform available (set 'hibernate.transaction.jta.platform' to enable JTA platform integration)
2025-02-02T12:39:08.978+09:00 DEBUG 9648 --- [project] [main] o.h.type.spi.TypeConfiguration$Scope     : Scoping TypeConfiguration [org.hibernate.type.spi.TypeConfiguration@6c519e47] to SessionFactoryImplementor [org.hibernate.internal.SessionFactoryImpl@35451ba6]
2025-02-02T12:39:09.169+09:00 TRACE 9648 --- [project] [main] o.h.type.spi.TypeConfiguration$Scope     : Handling #sessionFactoryCreated from [org.hibernate.internal.SessionFactoryImpl@35451ba6] for TypeConfiguration
2025-02-02T12:39:09.170+09:00  INFO 9648 --- [project] [main] j.LocalContainerEntityManagerFactoryBean : Initialized JPA EntityManagerFactory for persistence unit 'default'
2025-02-02T12:39:10.896+09:00  WARN 9648 --- [project] [main] .s.s.UserDetailsServiceAutoConfiguration : 

Using generated security password: d67dc394-d414-44b2-acb6-5b36834e7231

This generated password is for development use only. Your security configuration must be updated before running your application in production.

2025-02-02T12:39:10.935+09:00  INFO 9648 --- [project] [main] r$InitializeUserDetailsManagerConfigurer : Global AuthenticationManager configured with UserDetailsService bean with name inMemoryUserDetailsManager
2025-02-02T12:39:12.896+09:00  INFO 9648 --- [project] [main] o.s.b.a.h2.H2ConsoleAutoConfiguration    : H2 console available at '/h2-console'. Database available at 'jdbc:h2:mem:test'
2025-02-02T12:39:13.398+09:00  INFO 9648 --- [project] [main] o.s.b.w.embedded.tomcat.TomcatWebServer  : Tomcat started on port 8080 (http) with context path '/'
2025-02-02T12:39:13.436+09:00  INFO 9648 --- [project] [main] com.example.project.ProjectApplication   : Started ProjectApplication in 24.114 seconds (process running for 25.911)
2025-02-02T12:39:48.151+09:00  INFO 9648 --- [project] [http-nio-8080-exec-1] o.a.c.c.C.[Tomcat].[localhost].[/]       : Initializing Spring DispatcherServlet 'dispatcherServlet'
2025-02-02T12:39:48.153+09:00  INFO 9648 --- [project] [http-nio-8080-exec-1] o.s.web.servlet.DispatcherServlet        : Initializing Servlet 'dispatcherServlet'
2025-02-02T12:39:48.157+09:00  INFO 9648 --- [project] [http-nio-8080-exec-1] o.s.web.servlet.DispatcherServlet        : Completed initialization in 4 ms
2025-02-02T12:40:42.952+09:00  WARN 9648 --- [project] [http-nio-8080-exec-7] .w.s.m.s.DefaultHandlerExceptionResolver : Resolved [org.springframework.web.bind.MethodArgumentNotValidException: Validation failed for argument [0] in public java.lang.String com.example.project.domain.member.controller.ApiV1MemberController.join(com.example.project.domain.member.dto.MemberRequest): [Field error in object 'memberRequest' on field 'name': rejected value [null]; codes [NotBlank.memberRequest.name,NotBlank.name,NotBlank.java.lang.String,NotBlank]; arguments [org.springframework.context.support.DefaultMessageSourceResolvable: codes [memberRequest.name,name]; arguments []; default message [name]]; default message [공백일 수 없습니다]] ]
2025-02-02T12:42:06.723+09:00 ERROR 9648 --- [project] [http-nio-8080-exec-8] o.a.c.c.C.[.[.[/].[dispatcherServlet]    : Servlet.service() for servlet [dispatcherServlet] in context with path [] threw exception [Request processing failed: java.lang.IllegalArgumentException: member already exists with Optional.empty] with root cause

java.lang.IllegalArgumentException: member already exists with Optional.empty
	at com.example.project.domain.member.service.MemberService.join(MemberService.java:24) ~[main/:na]
	at com.example.project.domain.member.controller.ApiV1MemberController.join(ApiV1MemberController.java:19) ~[main/:na]
	at java.base/jdk.internal.reflect.DirectMethodHandleAccessor.invoke(DirectMethodHandleAccessor.java:103) ~[na:na]
	at java.base/java.lang.reflect.Method.invoke(Method.java:580) ~[na:na]
	at org.springframework.web.method.support.InvocableHandlerMethod.doInvoke(InvocableHandlerMethod.java:257) ~[spring-web-6.2.2.jar:6.2.2]
	at org.springframework.web.method.support.InvocableHandlerMethod.invokeForRequest(InvocableHandlerMethod.java:190) ~[spring-web-6.2.2.jar:6.2.2]
	at org.springframework.web.servlet.mvc.method.annotation.ServletInvocableHandlerMethod.invokeAndHandle(ServletInvocableHandlerMethod.java:118) ~[spring-webmvc-6.2.2.jar:6.2.2]
	at org.springframework.web.servlet.mvc.method.annotation.RequestMappingHandlerAdapter.invokeHandlerMethod(RequestMappingHandlerAdapter.java:986) ~[spring-webmvc-6.2.2.jar:6.2.2]
	at org.springframework.web.servlet.mvc.method.annotation.RequestMappingHandlerAdapter.handleInternal(RequestMappingHandlerAdapter.java:891) ~[spring-webmvc-6.2.2.jar:6.2.2]
	at org.springframework.web.servlet.mvc.method.AbstractHandlerMethodAdapter.handle(AbstractHandlerMethodAdapter.java:87) ~[spring-webmvc-6.2.2.jar:6.2.2]
	at org.springframework.web.servlet.DispatcherServlet.doDispatch(DispatcherServlet.java:1088) ~[spring-webmvc-6.2.2.jar:6.2.2]
	at org.springframework.web.servlet.DispatcherServlet.doService(DispatcherServlet.java:978) ~[spring-webmvc-6.2.2.jar:6.2.2]
	at org.springframework.web.servlet.FrameworkServlet.processRequest(FrameworkServlet.java:1014) ~[spring-webmvc-6.2.2.jar:6.2.2]
	at org.springframework.web.servlet.FrameworkServlet.doPost(FrameworkServlet.java:914) ~[spring-webmvc-6.2.2.jar:6.2.2]
	at jakarta.servlet.http.HttpServlet.service(HttpServlet.java:590) ~[tomcat-embed-core-10.1.34.jar:6.0]
	at org.springframework.web.servlet.FrameworkServlet.service(FrameworkServlet.java:885) ~[spring-webmvc-6.2.2.jar:6.2.2]
	at jakarta.servlet.http.HttpServlet.service(HttpServlet.java:658) ~[tomcat-embed-core-10.1.34.jar:6.0]
	at org.apache.catalina.core.ApplicationFilterChain.internalDoFilter(ApplicationFilterChain.java:195) ~[tomcat-embed-core-10.1.34.jar:10.1.34]
	at org.apache.catalina.core.ApplicationFilterChain.doFilter(ApplicationFilterChain.java:140) ~[tomcat-embed-core-10.1.34.jar:10.1.34]
	at org.apache.tomcat.websocket.server.WsFilter.doFilter(WsFilter.java:51) ~[tomcat-embed-websocket-10.1.34.jar:10.1.34]
	at org.apache.catalina.core.ApplicationFilterChain.internalDoFilter(ApplicationFilterChain.java:164) ~[tomcat-embed-core-10.1.34.jar:10.1.34]
	at org.apache.catalina.core.ApplicationFilterChain.doFilter(ApplicationFilterChain.java:140) ~[tomcat-embed-core-10.1.34.jar:10.1.34]
	at org.springframework.web.filter.CompositeFilter$VirtualFilterChain.doFilter(CompositeFilter.java:108) ~[spring-web-6.2.2.jar:6.2.2]
	at org.springframework.security.web.FilterChainProxy.lambda$doFilterInternal$3(FilterChainProxy.java:231) ~[spring-security-web-6.4.2.jar:6.4.2]
	at org.springframework.security.web.FilterChainProxy$VirtualFilterChain.doFilter(FilterChainProxy.java:365) ~[spring-security-web-6.4.2.jar:6.4.2]
	at org.springframework.security.web.access.intercept.AuthorizationFilter.doFilter(AuthorizationFilter.java:101) ~[spring-security-web-6.4.2.jar:6.4.2]
	at org.springframework.security.web.FilterChainProxy$VirtualFilterChain.doFilter(FilterChainProxy.java:374) ~[spring-security-web-6.4.2.jar:6.4.2]
	at org.springframework.security.web.access.ExceptionTranslationFilter.doFilter(ExceptionTranslationFilter.java:126) ~[spring-security-web-6.4.2.jar:6.4.2]
	at org.springframework.security.web.access.ExceptionTranslationFilter.doFilter(ExceptionTranslationFilter.java:120) ~[spring-security-web-6.4.2.jar:6.4.2]
	at org.springframework.security.web.FilterChainProxy$VirtualFilterChain.doFilter(FilterChainProxy.java:374) ~[spring-security-web-6.4.2.jar:6.4.2]
	at org.springframework.security.web.authentication.AnonymousAuthenticationFilter.doFilter(AnonymousAuthenticationFilter.java:100) ~[spring-security-web-6.4.2.jar:6.4.2]
	at org.springframework.security.web.FilterChainProxy$VirtualFilterChain.doFilter(FilterChainProxy.java:374) ~[spring-security-web-6.4.2.jar:6.4.2]
	at org.springframework.security.web.servletapi.SecurityContextHolderAwareRequestFilter.doFilter(SecurityContextHolderAwareRequestFilter.java:179) ~[spring-security-web-6.4.2.jar:6.4.2]
	at org.springframework.security.web.FilterChainProxy$VirtualFilterChain.doFilter(FilterChainProxy.java:374) ~[spring-security-web-6.4.2.jar:6.4.2]
	at org.springframework.security.web.savedrequest.RequestCacheAwareFilter.doFilter(RequestCacheAwareFilter.java:63) ~[spring-security-web-6.4.2.jar:6.4.2]
	at org.springframework.security.web.FilterChainProxy$VirtualFilterChain.doFilter(FilterChainProxy.java:374) ~[spring-security-web-6.4.2.jar:6.4.2]
	at org.springframework.security.web.authentication.logout.LogoutFilter.doFilter(LogoutFilter.java:107) ~[spring-security-web-6.4.2.jar:6.4.2]
	at org.springframework.security.web.authentication.logout.LogoutFilter.doFilter(LogoutFilter.java:93) ~[spring-security-web-6.4.2.jar:6.4.2]
	at org.springframework.security.web.FilterChainProxy$VirtualFilterChain.doFilter(FilterChainProxy.java:374) ~[spring-security-web-6.4.2.jar:6.4.2]
	at org.springframework.security.web.csrf.CsrfFilter.doFilterInternal(CsrfFilter.java:117) ~[spring-security-web-6.4.2.jar:6.4.2]
	at org.springframework.web.filter.OncePerRequestFilter.doFilter(OncePerRequestFilter.java:116) ~[spring-web-6.2.2.jar:6.2.2]
	at org.springframework.security.web.FilterChainProxy$VirtualFilterChain.doFilter(FilterChainProxy.java:374) ~[spring-security-web-6.4.2.jar:6.4.2]
	at org.springframework.security.web.header.HeaderWriterFilter.doHeadersAfter(HeaderWriterFilter.java:90) ~[spring-security-web-6.4.2.jar:6.4.2]
	at org.springframework.security.web.header.HeaderWriterFilter.doFilterInternal(HeaderWriterFilter.java:75) ~[spring-security-web-6.4.2.jar:6.4.2]
	at org.springframework.web.filter.OncePerRequestFilter.doFilter(OncePerRequestFilter.java:116) ~[spring-web-6.2.2.jar:6.2.2]
	at org.springframework.security.web.FilterChainProxy$VirtualFilterChain.doFilter(FilterChainProxy.java:374) ~[spring-security-web-6.4.2.jar:6.4.2]
	at org.springframework.security.web.context.SecurityContextHolderFilter.doFilter(SecurityContextHolderFilter.java:82) ~[spring-security-web-6.4.2.jar:6.4.2]
	at org.springframework.security.web.context.SecurityContextHolderFilter.doFilter(SecurityContextHolderFilter.java:69) ~[spring-security-web-6.4.2.jar:6.4.2]
	at org.springframework.security.web.FilterChainProxy$VirtualFilterChain.doFilter(FilterChainProxy.java:374) ~[spring-security-web-6.4.2.jar:6.4.2]
	at org.springframework.security.web.context.request.async.WebAsyncManagerIntegrationFilter.doFilterInternal(WebAsyncManagerIntegrationFilter.java:62) ~[spring-security-web-6.4.2.jar:6.4.2]
	at org.springframework.web.filter.OncePerRequestFilter.doFilter(OncePerRequestFilter.java:116) ~[spring-web-6.2.2.jar:6.2.2]
	at org.springframework.security.web.FilterChainProxy$VirtualFilterChain.doFilter(FilterChainProxy.java:374) ~[spring-security-web-6.4.2.jar:6.4.2]
	at org.springframework.security.web.session.DisableEncodeUrlFilter.doFilterInternal(DisableEncodeUrlFilter.java:42) ~[spring-security-web-6.4.2.jar:6.4.2]
	at org.springframework.web.filter.OncePerRequestFilter.doFilter(OncePerRequestFilter.java:116) ~[spring-web-6.2.2.jar:6.2.2]
	at org.springframework.security.web.FilterChainProxy$VirtualFilterChain.doFilter(FilterChainProxy.java:374) ~[spring-security-web-6.4.2.jar:6.4.2]
	at org.springframework.security.web.FilterChainProxy.doFilterInternal(FilterChainProxy.java:233) ~[spring-security-web-6.4.2.jar:6.4.2]
	at org.springframework.security.web.FilterChainProxy.doFilter(FilterChainProxy.java:191) ~[spring-security-web-6.4.2.jar:6.4.2]
	at org.springframework.web.filter.CompositeFilter$VirtualFilterChain.doFilter(CompositeFilter.java:113) ~[spring-web-6.2.2.jar:6.2.2]
	at org.springframework.web.servlet.handler.HandlerMappingIntrospector.lambda$createCacheFilter$3(HandlerMappingIntrospector.java:243) ~[spring-webmvc-6.2.2.jar:6.2.2]
	at org.springframework.web.filter.CompositeFilter$VirtualFilterChain.doFilter(CompositeFilter.java:113) ~[spring-web-6.2.2.jar:6.2.2]
	at org.springframework.web.filter.CompositeFilter.doFilter(CompositeFilter.java:74) ~[spring-web-6.2.2.jar:6.2.2]
	at org.springframework.security.config.annotation.web.configuration.WebMvcSecurityConfiguration$CompositeFilterChainProxy.doFilter(WebMvcSecurityConfiguration.java:238) ~[spring-security-config-6.4.2.jar:6.4.2]
	at org.springframework.web.filter.DelegatingFilterProxy.invokeDelegate(DelegatingFilterProxy.java:362) ~[spring-web-6.2.2.jar:6.2.2]
	at org.springframework.web.filter.DelegatingFilterProxy.doFilter(DelegatingFilterProxy.java:278) ~[spring-web-6.2.2.jar:6.2.2]
	at org.apache.catalina.core.ApplicationFilterChain.internalDoFilter(ApplicationFilterChain.java:164) ~[tomcat-embed-core-10.1.34.jar:10.1.34]
	at org.apache.catalina.core.ApplicationFilterChain.doFilter(ApplicationFilterChain.java:140) ~[tomcat-embed-core-10.1.34.jar:10.1.34]
	at org.springframework.web.filter.RequestContextFilter.doFilterInternal(RequestContextFilter.java:100) ~[spring-web-6.2.2.jar:6.2.2]
	at org.springframework.web.filter.OncePerRequestFilter.doFilter(OncePerRequestFilter.java:116) ~[spring-web-6.2.2.jar:6.2.2]
	at org.apache.catalina.core.ApplicationFilterChain.internalDoFilter(ApplicationFilterChain.java:164) ~[tomcat-embed-core-10.1.34.jar:10.1.34]
	at org.apache.catalina.core.ApplicationFilterChain.doFilter(ApplicationFilterChain.java:140) ~[tomcat-embed-core-10.1.34.jar:10.1.34]
	at org.springframework.web.filter.FormContentFilter.doFilterInternal(FormContentFilter.java:93) ~[spring-web-6.2.2.jar:6.2.2]
	at org.springframework.web.filter.OncePerRequestFilter.doFilter(OncePerRequestFilter.java:116) ~[spring-web-6.2.2.jar:6.2.2]
	at org.apache.catalina.core.ApplicationFilterChain.internalDoFilter(ApplicationFilterChain.java:164) ~[tomcat-embed-core-10.1.34.jar:10.1.34]
	at org.apache.catalina.core.ApplicationFilterChain.doFilter(ApplicationFilterChain.java:140) ~[tomcat-embed-core-10.1.34.jar:10.1.34]
	at org.springframework.web.filter.CharacterEncodingFilter.doFilterInternal(CharacterEncodingFilter.java:201) ~[spring-web-6.2.2.jar:6.2.2]
	at org.springframework.web.filter.OncePerRequestFilter.doFilter(OncePerRequestFilter.java:116) ~[spring-web-6.2.2.jar:6.2.2]
	at org.apache.catalina.core.ApplicationFilterChain.internalDoFilter(ApplicationFilterChain.java:164) ~[tomcat-embed-core-10.1.34.jar:10.1.34]
	at org.apache.catalina.core.ApplicationFilterChain.doFilter(ApplicationFilterChain.java:140) ~[tomcat-embed-core-10.1.34.jar:10.1.34]
	at org.apache.catalina.core.StandardWrapperValve.invoke(StandardWrapperValve.java:167) ~[tomcat-embed-core-10.1.34.jar:10.1.34]
	at org.apache.catalina.core.StandardContextValve.invoke(StandardContextValve.java:90) ~[tomcat-embed-core-10.1.34.jar:10.1.34]
	at org.apache.catalina.authenticator.AuthenticatorBase.invoke(AuthenticatorBase.java:483) ~[tomcat-embed-core-10.1.34.jar:10.1.34]
	at org.apache.catalina.core.StandardHostValve.invoke(StandardHostValve.java:115) ~[tomcat-embed-core-10.1.34.jar:10.1.34]
	at org.apache.catalina.valves.ErrorReportValve.invoke(ErrorReportValve.java:93) ~[tomcat-embed-core-10.1.34.jar:10.1.34]
	at org.apache.catalina.core.StandardEngineValve.invoke(StandardEngineValve.java:74) ~[tomcat-embed-core-10.1.34.jar:10.1.34]
	at org.apache.catalina.connector.CoyoteAdapter.service(CoyoteAdapter.java:344) ~[tomcat-embed-core-10.1.34.jar:10.1.34]
	at org.apache.coyote.http11.Http11Processor.service(Http11Processor.java:397) ~[tomcat-embed-core-10.1.34.jar:10.1.34]
	at org.apache.coyote.AbstractProcessorLight.process(AbstractProcessorLight.java:63) ~[tomcat-embed-core-10.1.34.jar:10.1.34]
	at org.apache.coyote.AbstractProtocol$ConnectionHandler.process(AbstractProtocol.java:905) ~[tomcat-embed-core-10.1.34.jar:10.1.34]
	at org.apache.tomcat.util.net.NioEndpoint$SocketProcessor.doRun(NioEndpoint.java:1741) ~[tomcat-embed-core-10.1.34.jar:10.1.34]
	at org.apache.tomcat.util.net.SocketProcessorBase.run(SocketProcessorBase.java:52) ~[tomcat-embed-core-10.1.34.jar:10.1.34]
	at org.apache.tomcat.util.threads.ThreadPoolExecutor.runWorker(ThreadPoolExecutor.java:1190) ~[tomcat-embed-core-10.1.34.jar:10.1.34]
	at org.apache.tomcat.util.threads.ThreadPoolExecutor$Worker.run(ThreadPoolExecutor.java:659) ~[tomcat-embed-core-10.1.34.jar:10.1.34]
	at org.apache.tomcat.util.threads.TaskThread$WrappingRunnable.run(TaskThread.java:63) ~[tomcat-embed-core-10.1.34.jar:10.1.34]
	at java.base/java.lang.Thread.run(Thread.java:1583) ~[na:na]

2025-02-02T12:48:35.697+09:00  INFO 14340 --- [project] [main] com.example.project.ProjectApplication   : Starting ProjectApplication using Java 21.0.5 with PID 14340 (C:\AI\javaProject\develope\project\build\classes\java\main started by nsy71 in C:\AI\javaProject\develope\project)
2025-02-02T12:48:35.710+09:00  INFO 14340 --- [project] [main] com.example.project.ProjectApplication   : The following 2 profiles are active: "secret", "dev"
2025-02-02T12:48:41.160+09:00  INFO 14340 --- [project] [main] .s.d.r.c.RepositoryConfigurationDelegate : Bootstrapping Spring Data JPA repositories in DEFAULT mode.
2025-02-02T12:48:41.573+09:00  INFO 14340 --- [project] [main] .s.d.r.c.RepositoryConfigurationDelegate : Finished Spring Data repository scanning in 361 ms. Found 1 JPA repository interface.
2025-02-02T12:48:44.216+09:00  INFO 14340 --- [project] [main] o.s.b.w.embedded.tomcat.TomcatWebServer  : Tomcat initialized with port 8080 (http)
2025-02-02T12:48:44.285+09:00  INFO 14340 --- [project] [main] o.apache.catalina.core.StandardService   : Starting service [Tomcat]
2025-02-02T12:48:44.286+09:00  INFO 14340 --- [project] [main] o.apache.catalina.core.StandardEngine    : Starting Servlet engine: [Apache Tomcat/10.1.34]
2025-02-02T12:48:44.648+09:00  INFO 14340 --- [project] [main] o.a.c.c.C.[Tomcat].[localhost].[/]       : Initializing Spring embedded WebApplicationContext
2025-02-02T12:48:44.650+09:00  INFO 14340 --- [project] [main] w.s.c.ServletWebServerApplicationContext : Root WebApplicationContext: initialization completed in 8659 ms
2025-02-02T12:48:45.379+09:00  INFO 14340 --- [project] [main] o.hibernate.jpa.internal.util.LogHelper  : HHH000204: Processing PersistenceUnitInfo [name: default]
2025-02-02T12:48:45.735+09:00  INFO 14340 --- [project] [main] org.hibernate.Version                    : HHH000412: Hibernate ORM core version 6.6.5.Final
2025-02-02T12:48:45.920+09:00  INFO 14340 --- [project] [main] o.h.c.internal.RegionFactoryInitiator    : HHH000026: Second-level cache disabled
2025-02-02T12:48:46.339+09:00 DEBUG 14340 --- [project] [main] org.hibernate.type.BasicTypeRegistry     : Adding type registration boolean -> org.hibernate.type.BasicTypeReference@1cd2ff5b
2025-02-02T12:48:46.341+09:00 DEBUG 14340 --- [project] [main] org.hibernate.type.BasicTypeRegistry     : Adding type registration boolean -> org.hibernate.type.BasicTypeReference@1cd2ff5b
2025-02-02T12:48:46.342+09:00 DEBUG 14340 --- [project] [main] org.hibernate.type.BasicTypeRegistry     : Adding type registration java.lang.Boolean -> org.hibernate.type.BasicTypeReference@1cd2ff5b
2025-02-02T12:48:46.343+09:00 DEBUG 14340 --- [project] [main] org.hibernate.type.BasicTypeRegistry     : Adding type registration numeric_boolean -> org.hibernate.type.BasicTypeReference@38ac8968
2025-02-02T12:48:46.344+09:00 DEBUG 14340 --- [project] [main] org.hibernate.type.BasicTypeRegistry     : Adding type registration org.hibernate.type.NumericBooleanConverter -> org.hibernate.type.BasicTypeReference@38ac8968
2025-02-02T12:48:46.346+09:00 DEBUG 14340 --- [project] [main] org.hibernate.type.BasicTypeRegistry     : Adding type registration true_false -> org.hibernate.type.BasicTypeReference@17ff8810
2025-02-02T12:48:46.347+09:00 DEBUG 14340 --- [project] [main] org.hibernate.type.BasicTypeRegistry     : Adding type registration org.hibernate.type.TrueFalseConverter -> org.hibernate.type.BasicTypeReference@17ff8810
2025-02-02T12:48:46.349+09:00 DEBUG 14340 --- [project] [main] org.hibernate.type.BasicTypeRegistry     : Adding type registration yes_no -> org.hibernate.type.BasicTypeReference@6c951ada
2025-02-02T12:48:46.350+09:00 DEBUG 14340 --- [project] [main] org.hibernate.type.BasicTypeRegistry     : Adding type registration org.hibernate.type.YesNoConverter -> org.hibernate.type.BasicTypeReference@6c951ada
2025-02-02T12:48:46.352+09:00 DEBUG 14340 --- [project] [main] org.hibernate.type.BasicTypeRegistry     : Adding type registration byte -> org.hibernate.type.BasicTypeReference@67b61834
2025-02-02T12:48:46.352+09:00 DEBUG 14340 --- [project] [main] org.hibernate.type.BasicTypeRegistry     : Adding type registration byte -> org.hibernate.type.BasicTypeReference@67b61834
2025-02-02T12:48:46.353+09:00 DEBUG 14340 --- [project] [main] org.hibernate.type.BasicTypeRegistry     : Adding type registration java.lang.Byte -> org.hibernate.type.BasicTypeReference@67b61834
2025-02-02T12:48:46.354+09:00 DEBUG 14340 --- [project] [main] org.hibernate.type.BasicTypeRegistry     : Adding type registration binary -> org.hibernate.type.BasicTypeReference@3b0d3a63
2025-02-02T12:48:46.356+09:00 DEBUG 14340 --- [project] [main] org.hibernate.type.BasicTypeRegistry     : Adding type registration byte[] -> org.hibernate.type.BasicTypeReference@3b0d3a63
2025-02-02T12:48:46.357+09:00 DEBUG 14340 --- [project] [main] org.hibernate.type.BasicTypeRegistry     : Adding type registration [B -> org.hibernate.type.BasicTypeReference@3b0d3a63
2025-02-02T12:48:46.358+09:00 DEBUG 14340 --- [project] [main] org.hibernate.type.BasicTypeRegistry     : Adding type registration binary_wrapper -> org.hibernate.type.BasicTypeReference@50598a1a
2025-02-02T12:48:46.359+09:00 DEBUG 14340 --- [project] [main] org.hibernate.type.BasicTypeRegistry     : Adding type registration wrapper-binary -> org.hibernate.type.BasicTypeReference@50598a1a
2025-02-02T12:48:46.360+09:00 DEBUG 14340 --- [project] [main] org.hibernate.type.BasicTypeRegistry     : Adding type registration image -> org.hibernate.type.BasicTypeReference@14de1901
2025-02-02T12:48:46.361+09:00 DEBUG 14340 --- [project] [main] org.hibernate.type.BasicTypeRegistry     : Adding type registration blob -> org.hibernate.type.BasicTypeReference@437ed416
2025-02-02T12:48:46.361+09:00 DEBUG 14340 --- [project] [main] org.hibernate.type.BasicTypeRegistry     : Adding type registration java.sql.Blob -> org.hibernate.type.BasicTypeReference@437ed416
2025-02-02T12:48:46.362+09:00 DEBUG 14340 --- [project] [main] org.hibernate.type.BasicTypeRegistry     : Adding type registration materialized_blob -> org.hibernate.type.BasicTypeReference@11f23038
2025-02-02T12:48:46.363+09:00 DEBUG 14340 --- [project] [main] org.hibernate.type.BasicTypeRegistry     : Adding type registration materialized_blob_wrapper -> org.hibernate.type.BasicTypeReference@de77146
2025-02-02T12:48:46.364+09:00 DEBUG 14340 --- [project] [main] org.hibernate.type.BasicTypeRegistry     : Adding type registration short -> org.hibernate.type.BasicTypeReference@691567ea
2025-02-02T12:48:46.365+09:00 DEBUG 14340 --- [project] [main] org.hibernate.type.BasicTypeRegistry     : Adding type registration short -> org.hibernate.type.BasicTypeReference@691567ea
2025-02-02T12:48:46.365+09:00 DEBUG 14340 --- [project] [main] org.hibernate.type.BasicTypeRegistry     : Adding type registration java.lang.Short -> org.hibernate.type.BasicTypeReference@691567ea
2025-02-02T12:48:46.366+09:00 DEBUG 14340 --- [project] [main] org.hibernate.type.BasicTypeRegistry     : Adding type registration integer -> org.hibernate.type.BasicTypeReference@5cfed0ba
2025-02-02T12:48:46.367+09:00 DEBUG 14340 --- [project] [main] org.hibernate.type.BasicTypeRegistry     : Adding type registration int -> org.hibernate.type.BasicTypeReference@5cfed0ba
2025-02-02T12:48:46.368+09:00 DEBUG 14340 --- [project] [main] org.hibernate.type.BasicTypeRegistry     : Adding type registration java.lang.Integer -> org.hibernate.type.BasicTypeReference@5cfed0ba
2025-02-02T12:48:46.370+09:00 DEBUG 14340 --- [project] [main] org.hibernate.type.BasicTypeRegistry     : Adding type registration long -> org.hibernate.type.BasicTypeReference@5c8d58ed
2025-02-02T12:48:46.372+09:00 DEBUG 14340 --- [project] [main] org.hibernate.type.BasicTypeRegistry     : Adding type registration long -> org.hibernate.type.BasicTypeReference@5c8d58ed
2025-02-02T12:48:46.374+09:00 DEBUG 14340 --- [project] [main] org.hibernate.type.BasicTypeRegistry     : Adding type registration java.lang.Long -> org.hibernate.type.BasicTypeReference@5c8d58ed
2025-02-02T12:48:46.376+09:00 DEBUG 14340 --- [project] [main] org.hibernate.type.BasicTypeRegistry     : Adding type registration float -> org.hibernate.type.BasicTypeReference@6a567f7b
2025-02-02T12:48:46.377+09:00 DEBUG 14340 --- [project] [main] org.hibernate.type.BasicTypeRegistry     : Adding type registration float -> org.hibernate.type.BasicTypeReference@6a567f7b
2025-02-02T12:48:46.378+09:00 DEBUG 14340 --- [project] [main] org.hibernate.type.BasicTypeRegistry     : Adding type registration java.lang.Float -> org.hibernate.type.BasicTypeReference@6a567f7b
2025-02-02T12:48:46.379+09:00 DEBUG 14340 --- [project] [main] org.hibernate.type.BasicTypeRegistry     : Adding type registration double -> org.hibernate.type.BasicTypeReference@28be7fec
2025-02-02T12:48:46.380+09:00 DEBUG 14340 --- [project] [main] org.hibernate.type.BasicTypeRegistry     : Adding type registration double -> org.hibernate.type.BasicTypeReference@28be7fec
2025-02-02T12:48:46.381+09:00 DEBUG 14340 --- [project] [main] org.hibernate.type.BasicTypeRegistry     : Adding type registration java.lang.Double -> org.hibernate.type.BasicTypeReference@28be7fec
2025-02-02T12:48:46.382+09:00 DEBUG 14340 --- [project] [main] org.hibernate.type.BasicTypeRegistry     : Adding type registration big_integer -> org.hibernate.type.BasicTypeReference@26f0141
2025-02-02T12:48:46.382+09:00 DEBUG 14340 --- [project] [main] org.hibernate.type.BasicTypeRegistry     : Adding type registration java.math.BigInteger -> org.hibernate.type.BasicTypeReference@26f0141
2025-02-02T12:48:46.383+09:00 DEBUG 14340 --- [project] [main] org.hibernate.type.BasicTypeRegistry     : Adding type registration big_decimal -> org.hibernate.type.BasicTypeReference@34136bd1
2025-02-02T12:48:46.383+09:00 DEBUG 14340 --- [project] [main] org.hibernate.type.BasicTypeRegistry     : Adding type registration java.math.BigDecimal -> org.hibernate.type.BasicTypeReference@34136bd1
2025-02-02T12:48:46.383+09:00 DEBUG 14340 --- [project] [main] org.hibernate.type.BasicTypeRegistry     : Adding type registration character -> org.hibernate.type.BasicTypeReference@6de7778f
2025-02-02T12:48:46.384+09:00 DEBUG 14340 --- [project] [main] org.hibernate.type.BasicTypeRegistry     : Adding type registration char -> org.hibernate.type.BasicTypeReference@6de7778f
2025-02-02T12:48:46.385+09:00 DEBUG 14340 --- [project] [main] org.hibernate.type.BasicTypeRegistry     : Adding type registration java.lang.Character -> org.hibernate.type.BasicTypeReference@6de7778f
2025-02-02T12:48:46.387+09:00 DEBUG 14340 --- [project] [main] org.hibernate.type.BasicTypeRegistry     : Adding type registration character_nchar -> org.hibernate.type.BasicTypeReference@367d34c0
2025-02-02T12:48:46.388+09:00 DEBUG 14340 --- [project] [main] org.hibernate.type.BasicTypeRegistry     : Adding type registration string -> org.hibernate.type.BasicTypeReference@4ce25e47
2025-02-02T12:48:46.389+09:00 DEBUG 14340 --- [project] [main] org.hibernate.type.BasicTypeRegistry     : Adding type registration java.lang.String -> org.hibernate.type.BasicTypeReference@4ce25e47
2025-02-02T12:48:46.390+09:00 DEBUG 14340 --- [project] [main] org.hibernate.type.BasicTypeRegistry     : Adding type registration nstring -> org.hibernate.type.BasicTypeReference@6380e9e9
2025-02-02T12:48:46.391+09:00 DEBUG 14340 --- [project] [main] org.hibernate.type.BasicTypeRegistry     : Adding type registration characters -> org.hibernate.type.BasicTypeReference@350da119
2025-02-02T12:48:46.393+09:00 DEBUG 14340 --- [project] [main] org.hibernate.type.BasicTypeRegistry     : Adding type registration char[] -> org.hibernate.type.BasicTypeReference@350da119
2025-02-02T12:48:46.395+09:00 DEBUG 14340 --- [project] [main] org.hibernate.type.BasicTypeRegistry     : Adding type registration [C -> org.hibernate.type.BasicTypeReference@350da119
2025-02-02T12:48:46.395+09:00 DEBUG 14340 --- [project] [main] org.hibernate.type.BasicTypeRegistry     : Adding type registration wrapper-characters -> org.hibernate.type.BasicTypeReference@6a09484c
2025-02-02T12:48:46.397+09:00 DEBUG 14340 --- [project] [main] org.hibernate.type.BasicTypeRegistry     : Adding type registration text -> org.hibernate.type.BasicTypeReference@34c7232c
2025-02-02T12:48:46.399+09:00 DEBUG 14340 --- [project] [main] org.hibernate.type.BasicTypeRegistry     : Adding type registration ntext -> org.hibernate.type.BasicTypeReference@50ec4bfc
2025-02-02T12:48:46.400+09:00 DEBUG 14340 --- [project] [main] org.hibernate.type.BasicTypeRegistry     : Adding type registration clob -> org.hibernate.type.BasicTypeReference@8b13d91
2025-02-02T12:48:46.400+09:00 DEBUG 14340 --- [project] [main] org.hibernate.type.BasicTypeRegistry     : Adding type registration java.sql.Clob -> org.hibernate.type.BasicTypeReference@8b13d91
2025-02-02T12:48:46.401+09:00 DEBUG 14340 --- [project] [main] org.hibernate.type.BasicTypeRegistry     : Adding type registration nclob -> org.hibernate.type.BasicTypeReference@285a4fe3
2025-02-02T12:48:46.401+09:00 DEBUG 14340 --- [project] [main] org.hibernate.type.BasicTypeRegistry     : Adding type registration java.sql.NClob -> org.hibernate.type.BasicTypeReference@285a4fe3
2025-02-02T12:48:46.402+09:00 DEBUG 14340 --- [project] [main] org.hibernate.type.BasicTypeRegistry     : Adding type registration materialized_clob -> org.hibernate.type.BasicTypeReference@2589d787
2025-02-02T12:48:46.403+09:00 DEBUG 14340 --- [project] [main] org.hibernate.type.BasicTypeRegistry     : Adding type registration materialized_clob_char_array -> org.hibernate.type.BasicTypeReference@1788cb61
2025-02-02T12:48:46.404+09:00 DEBUG 14340 --- [project] [main] org.hibernate.type.BasicTypeRegistry     : Adding type registration materialized_clob_character_array -> org.hibernate.type.BasicTypeReference@16d431b4
2025-02-02T12:48:46.405+09:00 DEBUG 14340 --- [project] [main] org.hibernate.type.BasicTypeRegistry     : Adding type registration materialized_nclob -> org.hibernate.type.BasicTypeReference@6c0b51da
2025-02-02T12:48:46.406+09:00 DEBUG 14340 --- [project] [main] org.hibernate.type.BasicTypeRegistry     : Adding type registration materialized_nclob_character_array -> org.hibernate.type.BasicTypeReference@7558633
2025-02-02T12:48:46.407+09:00 DEBUG 14340 --- [project] [main] org.hibernate.type.BasicTypeRegistry     : Adding type registration materialized_nclob_char_array -> org.hibernate.type.BasicTypeReference@5657967b
2025-02-02T12:48:46.407+09:00 DEBUG 14340 --- [project] [main] org.hibernate.type.BasicTypeRegistry     : Adding type registration Duration -> org.hibernate.type.BasicTypeReference@61394494
2025-02-02T12:48:46.408+09:00 DEBUG 14340 --- [project] [main] org.hibernate.type.BasicTypeRegistry     : Adding type registration java.time.Duration -> org.hibernate.type.BasicTypeReference@61394494
2025-02-02T12:48:46.408+09:00 DEBUG 14340 --- [project] [main] org.hibernate.type.BasicTypeRegistry     : Adding type registration LocalDateTime -> org.hibernate.type.BasicTypeReference@578a5ce8
2025-02-02T12:48:46.409+09:00 DEBUG 14340 --- [project] [main] org.hibernate.type.BasicTypeRegistry     : Adding type registration java.time.LocalDateTime -> org.hibernate.type.BasicTypeReference@578a5ce8
2025-02-02T12:48:46.410+09:00 DEBUG 14340 --- [project] [main] org.hibernate.type.BasicTypeRegistry     : Adding type registration LocalDate -> org.hibernate.type.BasicTypeReference@7c453c34
2025-02-02T12:48:46.411+09:00 DEBUG 14340 --- [project] [main] org.hibernate.type.BasicTypeRegistry     : Adding type registration java.time.LocalDate -> org.hibernate.type.BasicTypeReference@7c453c34
2025-02-02T12:48:46.413+09:00 DEBUG 14340 --- [project] [main] org.hibernate.type.BasicTypeRegistry     : Adding type registration LocalTime -> org.hibernate.type.BasicTypeReference@16cb9989
2025-02-02T12:48:46.414+09:00 DEBUG 14340 --- [project] [main] org.hibernate.type.BasicTypeRegistry     : Adding type registration java.time.LocalTime -> org.hibernate.type.BasicTypeReference@16cb9989
2025-02-02T12:48:46.415+09:00 DEBUG 14340 --- [project] [main] org.hibernate.type.BasicTypeRegistry     : Adding type registration OffsetDateTime -> org.hibernate.type.BasicTypeReference@3dfd6220
2025-02-02T12:48:46.416+09:00 DEBUG 14340 --- [project] [main] org.hibernate.type.BasicTypeRegistry     : Adding type registration java.time.OffsetDateTime -> org.hibernate.type.BasicTypeReference@3dfd6220
2025-02-02T12:48:46.418+09:00 DEBUG 14340 --- [project] [main] org.hibernate.type.BasicTypeRegistry     : Adding type registration OffsetDateTimeWithTimezone -> org.hibernate.type.BasicTypeReference@3815146b
2025-02-02T12:48:46.419+09:00 DEBUG 14340 --- [project] [main] org.hibernate.type.BasicTypeRegistry     : Adding type registration OffsetDateTimeWithoutTimezone -> org.hibernate.type.BasicTypeReference@6de43bc1
2025-02-02T12:48:46.419+09:00 DEBUG 14340 --- [project] [main] org.hibernate.type.BasicTypeRegistry     : Adding type registration OffsetTime -> org.hibernate.type.BasicTypeReference@27a9f025
2025-02-02T12:48:46.420+09:00 DEBUG 14340 --- [project] [main] org.hibernate.type.BasicTypeRegistry     : Adding type registration java.time.OffsetTime -> org.hibernate.type.BasicTypeReference@27a9f025
2025-02-02T12:48:46.421+09:00 DEBUG 14340 --- [project] [main] org.hibernate.type.BasicTypeRegistry     : Adding type registration OffsetTimeUtc -> org.hibernate.type.BasicTypeReference@71936a92
2025-02-02T12:48:46.422+09:00 DEBUG 14340 --- [project] [main] org.hibernate.type.BasicTypeRegistry     : Adding type registration OffsetTimeWithTimezone -> org.hibernate.type.BasicTypeReference@61359e87
2025-02-02T12:48:46.422+09:00 DEBUG 14340 --- [project] [main] org.hibernate.type.BasicTypeRegistry     : Adding type registration OffsetTimeWithoutTimezone -> org.hibernate.type.BasicTypeReference@2dc39b53
2025-02-02T12:48:46.423+09:00 DEBUG 14340 --- [project] [main] org.hibernate.type.BasicTypeRegistry     : Adding type registration ZonedDateTime -> org.hibernate.type.BasicTypeReference@45037e16
2025-02-02T12:48:46.423+09:00 DEBUG 14340 --- [project] [main] org.hibernate.type.BasicTypeRegistry     : Adding type registration java.time.ZonedDateTime -> org.hibernate.type.BasicTypeReference@45037e16
2025-02-02T12:48:46.424+09:00 DEBUG 14340 --- [project] [main] org.hibernate.type.BasicTypeRegistry     : Adding type registration ZonedDateTimeWithTimezone -> org.hibernate.type.BasicTypeReference@2f2e4bde
2025-02-02T12:48:46.424+09:00 DEBUG 14340 --- [project] [main] org.hibernate.type.BasicTypeRegistry     : Adding type registration ZonedDateTimeWithoutTimezone -> org.hibernate.type.BasicTypeReference@6222391a
2025-02-02T12:48:46.425+09:00 DEBUG 14340 --- [project] [main] org.hibernate.type.BasicTypeRegistry     : Adding type registration date -> org.hibernate.type.BasicTypeReference@538a2f0e
2025-02-02T12:48:46.425+09:00 DEBUG 14340 --- [project] [main] org.hibernate.type.BasicTypeRegistry     : Adding type registration java.sql.Date -> org.hibernate.type.BasicTypeReference@538a2f0e
2025-02-02T12:48:46.425+09:00 DEBUG 14340 --- [project] [main] org.hibernate.type.BasicTypeRegistry     : Adding type registration time -> org.hibernate.type.BasicTypeReference@d2708a7
2025-02-02T12:48:46.426+09:00 DEBUG 14340 --- [project] [main] org.hibernate.type.BasicTypeRegistry     : Adding type registration java.sql.Time -> org.hibernate.type.BasicTypeReference@d2708a7
2025-02-02T12:48:46.426+09:00 DEBUG 14340 --- [project] [main] org.hibernate.type.BasicTypeRegistry     : Adding type registration timestamp -> org.hibernate.type.BasicTypeReference@508ad266
2025-02-02T12:48:46.426+09:00 DEBUG 14340 --- [project] [main] org.hibernate.type.BasicTypeRegistry     : Adding type registration java.sql.Timestamp -> org.hibernate.type.BasicTypeReference@508ad266
2025-02-02T12:48:46.427+09:00 DEBUG 14340 --- [project] [main] org.hibernate.type.BasicTypeRegistry     : Adding type registration java.util.Date -> org.hibernate.type.BasicTypeReference@508ad266
2025-02-02T12:48:46.427+09:00 DEBUG 14340 --- [project] [main] org.hibernate.type.BasicTypeRegistry     : Adding type registration calendar -> org.hibernate.type.BasicTypeReference@2313db84
2025-02-02T12:48:46.428+09:00 DEBUG 14340 --- [project] [main] org.hibernate.type.BasicTypeRegistry     : Adding type registration java.util.Calendar -> org.hibernate.type.BasicTypeReference@2313db84
2025-02-02T12:48:46.428+09:00 DEBUG 14340 --- [project] [main] org.hibernate.type.BasicTypeRegistry     : Adding type registration java.util.GregorianCalendar -> org.hibernate.type.BasicTypeReference@2313db84
2025-02-02T12:48:46.429+09:00 DEBUG 14340 --- [project] [main] org.hibernate.type.BasicTypeRegistry     : Adding type registration calendar_date -> org.hibernate.type.BasicTypeReference@216372b7
2025-02-02T12:48:46.430+09:00 DEBUG 14340 --- [project] [main] org.hibernate.type.BasicTypeRegistry     : Adding type registration calendar_time -> org.hibernate.type.BasicTypeReference@14b4340c
2025-02-02T12:48:46.430+09:00 DEBUG 14340 --- [project] [main] org.hibernate.type.BasicTypeRegistry     : Adding type registration instant -> org.hibernate.type.BasicTypeReference@12abcd1e
2025-02-02T12:48:46.430+09:00 DEBUG 14340 --- [project] [main] org.hibernate.type.BasicTypeRegistry     : Adding type registration java.time.Instant -> org.hibernate.type.BasicTypeReference@12abcd1e
2025-02-02T12:48:46.431+09:00 DEBUG 14340 --- [project] [main] org.hibernate.type.BasicTypeRegistry     : Adding type registration uuid -> org.hibernate.type.BasicTypeReference@2fd9fb34
2025-02-02T12:48:46.432+09:00 DEBUG 14340 --- [project] [main] org.hibernate.type.BasicTypeRegistry     : Adding type registration java.util.UUID -> org.hibernate.type.BasicTypeReference@2fd9fb34
2025-02-02T12:48:46.433+09:00 DEBUG 14340 --- [project] [main] org.hibernate.type.BasicTypeRegistry     : Adding type registration pg-uuid -> org.hibernate.type.BasicTypeReference@2fd9fb34
2025-02-02T12:48:46.434+09:00 DEBUG 14340 --- [project] [main] org.hibernate.type.BasicTypeRegistry     : Adding type registration uuid-binary -> org.hibernate.type.BasicTypeReference@1595d2b2
2025-02-02T12:48:46.435+09:00 DEBUG 14340 --- [project] [main] org.hibernate.type.BasicTypeRegistry     : Adding type registration uuid-char -> org.hibernate.type.BasicTypeReference@20349058
2025-02-02T12:48:46.438+09:00 DEBUG 14340 --- [project] [main] org.hibernate.type.BasicTypeRegistry     : Adding type registration class -> org.hibernate.type.BasicTypeReference@6cbb7a7d
2025-02-02T12:48:46.440+09:00 DEBUG 14340 --- [project] [main] org.hibernate.type.BasicTypeRegistry     : Adding type registration java.lang.Class -> org.hibernate.type.BasicTypeReference@6cbb7a7d
2025-02-02T12:48:46.441+09:00 DEBUG 14340 --- [project] [main] org.hibernate.type.BasicTypeRegistry     : Adding type registration currency -> org.hibernate.type.BasicTypeReference@cdb3c85
2025-02-02T12:48:46.442+09:00 DEBUG 14340 --- [project] [main] org.hibernate.type.BasicTypeRegistry     : Adding type registration Currency -> org.hibernate.type.BasicTypeReference@cdb3c85
2025-02-02T12:48:46.443+09:00 DEBUG 14340 --- [project] [main] org.hibernate.type.BasicTypeRegistry     : Adding type registration java.util.Currency -> org.hibernate.type.BasicTypeReference@cdb3c85
2025-02-02T12:48:46.444+09:00 DEBUG 14340 --- [project] [main] org.hibernate.type.BasicTypeRegistry     : Adding type registration locale -> org.hibernate.type.BasicTypeReference@37606fee
2025-02-02T12:48:46.445+09:00 DEBUG 14340 --- [project] [main] org.hibernate.type.BasicTypeRegistry     : Adding type registration java.util.Locale -> org.hibernate.type.BasicTypeReference@37606fee
2025-02-02T12:48:46.445+09:00 DEBUG 14340 --- [project] [main] org.hibernate.type.BasicTypeRegistry     : Adding type registration serializable -> org.hibernate.type.BasicTypeReference@33d28f0a
2025-02-02T12:48:46.446+09:00 DEBUG 14340 --- [project] [main] org.hibernate.type.BasicTypeRegistry     : Adding type registration java.io.Serializable -> org.hibernate.type.BasicTypeReference@33d28f0a
2025-02-02T12:48:46.447+09:00 DEBUG 14340 --- [project] [main] org.hibernate.type.BasicTypeRegistry     : Adding type registration timezone -> org.hibernate.type.BasicTypeReference@48d739f
2025-02-02T12:48:46.452+09:00 DEBUG 14340 --- [project] [main] org.hibernate.type.BasicTypeRegistry     : Adding type registration java.util.TimeZone -> org.hibernate.type.BasicTypeReference@48d739f
2025-02-02T12:48:46.454+09:00 DEBUG 14340 --- [project] [main] org.hibernate.type.BasicTypeRegistry     : Adding type registration ZoneOffset -> org.hibernate.type.BasicTypeReference@51e7589f
2025-02-02T12:48:46.456+09:00 DEBUG 14340 --- [project] [main] org.hibernate.type.BasicTypeRegistry     : Adding type registration java.time.ZoneOffset -> org.hibernate.type.BasicTypeReference@51e7589f
2025-02-02T12:48:46.458+09:00 DEBUG 14340 --- [project] [main] org.hibernate.type.BasicTypeRegistry     : Adding type registration url -> org.hibernate.type.BasicTypeReference@65cc5252
2025-02-02T12:48:46.459+09:00 DEBUG 14340 --- [project] [main] org.hibernate.type.BasicTypeRegistry     : Adding type registration java.net.URL -> org.hibernate.type.BasicTypeReference@65cc5252
2025-02-02T12:48:46.459+09:00 DEBUG 14340 --- [project] [main] org.hibernate.type.BasicTypeRegistry     : Adding type registration vector -> org.hibernate.type.BasicTypeReference@42c12b3e
2025-02-02T12:48:46.460+09:00 DEBUG 14340 --- [project] [main] org.hibernate.type.BasicTypeRegistry     : Adding type registration float_vector -> org.hibernate.type.BasicTypeReference@2dbfa972
2025-02-02T12:48:46.461+09:00 DEBUG 14340 --- [project] [main] org.hibernate.type.BasicTypeRegistry     : Adding type registration double_vector -> org.hibernate.type.BasicTypeReference@46f73ffa
2025-02-02T12:48:46.462+09:00 DEBUG 14340 --- [project] [main] org.hibernate.type.BasicTypeRegistry     : Adding type registration byte_vector -> org.hibernate.type.BasicTypeReference@41aebbb4
2025-02-02T12:48:46.462+09:00 DEBUG 14340 --- [project] [main] org.hibernate.type.BasicTypeRegistry     : Adding type registration row_version -> org.hibernate.type.BasicTypeReference@afde064
2025-02-02T12:48:46.495+09:00 DEBUG 14340 --- [project] [main] org.hibernate.type.BasicTypeRegistry     : Adding type registration object -> org.hibernate.type.JavaObjectType@2506b881
2025-02-02T12:48:46.496+09:00 DEBUG 14340 --- [project] [main] org.hibernate.type.BasicTypeRegistry     : Adding type registration java.lang.Object -> org.hibernate.type.JavaObjectType@2506b881
2025-02-02T12:48:46.504+09:00 DEBUG 14340 --- [project] [main] org.hibernate.type.BasicTypeRegistry     : Adding type registration null -> org.hibernate.type.NullType@12192604
2025-02-02T12:48:46.505+09:00 DEBUG 14340 --- [project] [main] org.hibernate.type.BasicTypeRegistry     : Adding type registration imm_date -> org.hibernate.type.BasicTypeReference@6075b369
2025-02-02T12:48:46.506+09:00 DEBUG 14340 --- [project] [main] org.hibernate.type.BasicTypeRegistry     : Adding type registration imm_time -> org.hibernate.type.BasicTypeReference@231cdda8
2025-02-02T12:48:46.507+09:00 DEBUG 14340 --- [project] [main] org.hibernate.type.BasicTypeRegistry     : Adding type registration imm_timestamp -> org.hibernate.type.BasicTypeReference@6b70d1fb
2025-02-02T12:48:46.508+09:00 DEBUG 14340 --- [project] [main] org.hibernate.type.BasicTypeRegistry     : Adding type registration imm_calendar -> org.hibernate.type.BasicTypeReference@3002e397
2025-02-02T12:48:46.508+09:00 DEBUG 14340 --- [project] [main] org.hibernate.type.BasicTypeRegistry     : Adding type registration imm_calendar_date -> org.hibernate.type.BasicTypeReference@7da1e005
2025-02-02T12:48:46.509+09:00 DEBUG 14340 --- [project] [main] org.hibernate.type.BasicTypeRegistry     : Adding type registration imm_calendar_time -> org.hibernate.type.BasicTypeReference@38159384
2025-02-02T12:48:46.509+09:00 DEBUG 14340 --- [project] [main] org.hibernate.type.BasicTypeRegistry     : Adding type registration imm_binary -> org.hibernate.type.BasicTypeReference@55877274
2025-02-02T12:48:46.510+09:00 DEBUG 14340 --- [project] [main] org.hibernate.type.BasicTypeRegistry     : Adding type registration imm_serializable -> org.hibernate.type.BasicTypeReference@723e2d08
2025-02-02T12:48:48.536+09:00  INFO 14340 --- [project] [main] o.s.o.j.p.SpringPersistenceUnitInfo      : No LoadTimeWeaver setup: ignoring JPA class transformer
2025-02-02T12:48:48.715+09:00  INFO 14340 --- [project] [main] com.zaxxer.hikari.HikariDataSource       : HikariPool-1 - Starting...
2025-02-02T12:48:49.602+09:00  INFO 14340 --- [project] [main] com.zaxxer.hikari.pool.HikariPool        : HikariPool-1 - Added connection conn0: url=jdbc:h2:mem:test user=SA
2025-02-02T12:48:49.612+09:00  INFO 14340 --- [project] [main] com.zaxxer.hikari.HikariDataSource       : HikariPool-1 - Start completed.
2025-02-02T12:48:49.908+09:00  INFO 14340 --- [project] [main] org.hibernate.orm.connections.pooling    : HHH10001005: Database info:
	Database JDBC URL [Connecting through datasource 'HikariDataSource (HikariPool-1)']
	Database driver: undefined/unknown
	Database version: 2.3.232
	Autocommit mode: undefined/unknown
	Isolation level: undefined/unknown
	Minimum pool size: undefined/unknown
	Maximum pool size: undefined/unknown
2025-02-02T12:48:49.952+09:00 DEBUG 14340 --- [project] [main] o.h.t.d.jdbc.spi.JdbcTypeRegistry        : addDescriptor(NCharTypeDescriptor) replaced previous registration(CharTypeDescriptor)
2025-02-02T12:48:49.953+09:00 DEBUG 14340 --- [project] [main] o.h.t.d.jdbc.spi.JdbcTypeRegistry        : addDescriptor(NVarcharTypeDescriptor) replaced previous registration(VarcharTypeDescriptor)
2025-02-02T12:48:49.955+09:00 DEBUG 14340 --- [project] [main] o.h.t.d.jdbc.spi.JdbcTypeRegistry        : addDescriptor(LongNVarcharTypeDescriptor) replaced previous registration(LongVarcharTypeDescriptor)
2025-02-02T12:48:49.972+09:00 DEBUG 14340 --- [project] [main] o.h.t.d.jdbc.spi.JdbcTypeRegistry        : addDescriptor(NClobTypeDescriptor(DEFAULT)) replaced previous registration(ClobTypeDescriptor(DEFAULT))
2025-02-02T12:48:49.982+09:00 DEBUG 14340 --- [project] [main] o.h.t.d.jdbc.spi.JdbcTypeRegistry        : addDescriptor(TimestampUtcDescriptor) replaced previous registration(TimestampUtcDescriptor)
2025-02-02T12:48:50.011+09:00 DEBUG 14340 --- [project] [main] org.hibernate.type.BasicTypeRegistry     : Adding type registration org.hibernate.type.DurationType -> basicType@1(java.time.Duration,3015)
2025-02-02T12:48:50.011+09:00 DEBUG 14340 --- [project] [main] org.hibernate.type.BasicTypeRegistry     : Adding type registration Duration -> basicType@1(java.time.Duration,3015)
2025-02-02T12:48:50.011+09:00 DEBUG 14340 --- [project] [main] org.hibernate.type.BasicTypeRegistry     : Adding type registration java.time.Duration -> basicType@1(java.time.Duration,3015)
2025-02-02T12:48:50.028+09:00 DEBUG 14340 --- [project] [main] o.h.type.spi.TypeConfiguration$Scope     : Scoping TypeConfiguration [org.hibernate.type.spi.TypeConfiguration@6d617b07] to MetadataBuildingContext [org.hibernate.boot.internal.MetadataBuildingContextRootImpl@340c57e0]
2025-02-02T12:48:54.037+09:00  INFO 14340 --- [project] [main] o.h.e.t.j.p.i.JtaPlatformInitiator       : HHH000489: No JTA platform available (set 'hibernate.transaction.jta.platform' to enable JTA platform integration)
2025-02-02T12:48:54.039+09:00 DEBUG 14340 --- [project] [main] o.h.type.spi.TypeConfiguration$Scope     : Scoping TypeConfiguration [org.hibernate.type.spi.TypeConfiguration@6d617b07] to SessionFactoryImplementor [org.hibernate.internal.SessionFactoryImpl@63896cf7]
2025-02-02T12:48:54.236+09:00 TRACE 14340 --- [project] [main] o.h.type.spi.TypeConfiguration$Scope     : Handling #sessionFactoryCreated from [org.hibernate.internal.SessionFactoryImpl@63896cf7] for TypeConfiguration
2025-02-02T12:48:54.239+09:00  INFO 14340 --- [project] [main] j.LocalContainerEntityManagerFactoryBean : Initialized JPA EntityManagerFactory for persistence unit 'default'
2025-02-02T12:48:55.873+09:00  WARN 14340 --- [project] [main] .s.s.UserDetailsServiceAutoConfiguration : 

Using generated security password: 6490907c-0481-4028-80c9-cc4360a558e3

This generated password is for development use only. Your security configuration must be updated before running your application in production.

2025-02-02T12:48:55.907+09:00  INFO 14340 --- [project] [main] r$InitializeUserDetailsManagerConfigurer : Global AuthenticationManager configured with UserDetailsService bean with name inMemoryUserDetailsManager
2025-02-02T12:48:57.730+09:00  INFO 14340 --- [project] [main] o.s.b.a.h2.H2ConsoleAutoConfiguration    : H2 console available at '/h2-console'. Database available at 'jdbc:h2:mem:test'
2025-02-02T12:48:58.099+09:00  INFO 14340 --- [project] [main] o.s.b.w.embedded.tomcat.TomcatWebServer  : Tomcat started on port 8080 (http) with context path '/'
2025-02-02T12:48:58.129+09:00  INFO 14340 --- [project] [main] com.example.project.ProjectApplication   : Started ProjectApplication in 25.568 seconds (process running for 27.896)
2025-02-02T12:49:18.310+09:00  INFO 14340 --- [project] [http-nio-8080-exec-1] o.a.c.c.C.[Tomcat].[localhost].[/]       : Initializing Spring DispatcherServlet 'dispatcherServlet'
2025-02-02T12:49:18.311+09:00  INFO 14340 --- [project] [http-nio-8080-exec-1] o.s.web.servlet.DispatcherServlet        : Initializing Servlet 'dispatcherServlet'
2025-02-02T12:49:18.316+09:00  INFO 14340 --- [project] [http-nio-8080-exec-1] o.s.web.servlet.DispatcherServlet        : Completed initialization in 4 ms
2025-02-02T12:49:45.743+09:00 ERROR 14340 --- [project] [http-nio-8080-exec-9] o.a.c.c.C.[.[.[/].[dispatcherServlet]    : Servlet.service() for servlet [dispatcherServlet] in context with path [] threw exception [Request processing failed: java.lang.IllegalArgumentException: member already exists with BaseEntity(id=1, createDate=null, modifyDate=null)] with root cause

java.lang.IllegalArgumentException: member already exists with BaseEntity(id=1, createDate=null, modifyDate=null)
	at com.example.project.domain.member.service.MemberService.lambda$join$0(MemberService.java:22) ~[main/:na]
	at java.base/java.util.Optional.ifPresent(Optional.java:178) ~[na:na]
	at com.example.project.domain.member.service.MemberService.join(MemberService.java:21) ~[main/:na]
	at com.example.project.domain.member.controller.ApiV1MemberController.join(ApiV1MemberController.java:19) ~[main/:na]
	at java.base/jdk.internal.reflect.DirectMethodHandleAccessor.invoke(DirectMethodHandleAccessor.java:103) ~[na:na]
	at java.base/java.lang.reflect.Method.invoke(Method.java:580) ~[na:na]
	at org.springframework.web.method.support.InvocableHandlerMethod.doInvoke(InvocableHandlerMethod.java:257) ~[spring-web-6.2.2.jar:6.2.2]
	at org.springframework.web.method.support.InvocableHandlerMethod.invokeForRequest(InvocableHandlerMethod.java:190) ~[spring-web-6.2.2.jar:6.2.2]
	at org.springframework.web.servlet.mvc.method.annotation.ServletInvocableHandlerMethod.invokeAndHandle(ServletInvocableHandlerMethod.java:118) ~[spring-webmvc-6.2.2.jar:6.2.2]
	at org.springframework.web.servlet.mvc.method.annotation.RequestMappingHandlerAdapter.invokeHandlerMethod(RequestMappingHandlerAdapter.java:986) ~[spring-webmvc-6.2.2.jar:6.2.2]
	at org.springframework.web.servlet.mvc.method.annotation.RequestMappingHandlerAdapter.handleInternal(RequestMappingHandlerAdapter.java:891) ~[spring-webmvc-6.2.2.jar:6.2.2]
	at org.springframework.web.servlet.mvc.method.AbstractHandlerMethodAdapter.handle(AbstractHandlerMethodAdapter.java:87) ~[spring-webmvc-6.2.2.jar:6.2.2]
	at org.springframework.web.servlet.DispatcherServlet.doDispatch(DispatcherServlet.java:1088) ~[spring-webmvc-6.2.2.jar:6.2.2]
	at org.springframework.web.servlet.DispatcherServlet.doService(DispatcherServlet.java:978) ~[spring-webmvc-6.2.2.jar:6.2.2]
	at org.springframework.web.servlet.FrameworkServlet.processRequest(FrameworkServlet.java:1014) ~[spring-webmvc-6.2.2.jar:6.2.2]
	at org.springframework.web.servlet.FrameworkServlet.doPost(FrameworkServlet.java:914) ~[spring-webmvc-6.2.2.jar:6.2.2]
	at jakarta.servlet.http.HttpServlet.service(HttpServlet.java:590) ~[tomcat-embed-core-10.1.34.jar:6.0]
	at org.springframework.web.servlet.FrameworkServlet.service(FrameworkServlet.java:885) ~[spring-webmvc-6.2.2.jar:6.2.2]
	at jakarta.servlet.http.HttpServlet.service(HttpServlet.java:658) ~[tomcat-embed-core-10.1.34.jar:6.0]
	at org.apache.catalina.core.ApplicationFilterChain.internalDoFilter(ApplicationFilterChain.java:195) ~[tomcat-embed-core-10.1.34.jar:10.1.34]
	at org.apache.catalina.core.ApplicationFilterChain.doFilter(ApplicationFilterChain.java:140) ~[tomcat-embed-core-10.1.34.jar:10.1.34]
	at org.apache.tomcat.websocket.server.WsFilter.doFilter(WsFilter.java:51) ~[tomcat-embed-websocket-10.1.34.jar:10.1.34]
	at org.apache.catalina.core.ApplicationFilterChain.internalDoFilter(ApplicationFilterChain.java:164) ~[tomcat-embed-core-10.1.34.jar:10.1.34]
	at org.apache.catalina.core.ApplicationFilterChain.doFilter(ApplicationFilterChain.java:140) ~[tomcat-embed-core-10.1.34.jar:10.1.34]
	at org.springframework.web.filter.CompositeFilter$VirtualFilterChain.doFilter(CompositeFilter.java:108) ~[spring-web-6.2.2.jar:6.2.2]
	at org.springframework.security.web.FilterChainProxy.lambda$doFilterInternal$3(FilterChainProxy.java:231) ~[spring-security-web-6.4.2.jar:6.4.2]
	at org.springframework.security.web.FilterChainProxy$VirtualFilterChain.doFilter(FilterChainProxy.java:365) ~[spring-security-web-6.4.2.jar:6.4.2]
	at org.springframework.security.web.access.intercept.AuthorizationFilter.doFilter(AuthorizationFilter.java:101) ~[spring-security-web-6.4.2.jar:6.4.2]
	at org.springframework.security.web.FilterChainProxy$VirtualFilterChain.doFilter(FilterChainProxy.java:374) ~[spring-security-web-6.4.2.jar:6.4.2]
	at org.springframework.security.web.access.ExceptionTranslationFilter.doFilter(ExceptionTranslationFilter.java:126) ~[spring-security-web-6.4.2.jar:6.4.2]
	at org.springframework.security.web.access.ExceptionTranslationFilter.doFilter(ExceptionTranslationFilter.java:120) ~[spring-security-web-6.4.2.jar:6.4.2]
	at org.springframework.security.web.FilterChainProxy$VirtualFilterChain.doFilter(FilterChainProxy.java:374) ~[spring-security-web-6.4.2.jar:6.4.2]
	at org.springframework.security.web.authentication.AnonymousAuthenticationFilter.doFilter(AnonymousAuthenticationFilter.java:100) ~[spring-security-web-6.4.2.jar:6.4.2]
	at org.springframework.security.web.FilterChainProxy$VirtualFilterChain.doFilter(FilterChainProxy.java:374) ~[spring-security-web-6.4.2.jar:6.4.2]
	at org.springframework.security.web.servletapi.SecurityContextHolderAwareRequestFilter.doFilter(SecurityContextHolderAwareRequestFilter.java:179) ~[spring-security-web-6.4.2.jar:6.4.2]
	at org.springframework.security.web.FilterChainProxy$VirtualFilterChain.doFilter(FilterChainProxy.java:374) ~[spring-security-web-6.4.2.jar:6.4.2]
	at org.springframework.security.web.savedrequest.RequestCacheAwareFilter.doFilter(RequestCacheAwareFilter.java:63) ~[spring-security-web-6.4.2.jar:6.4.2]
	at org.springframework.security.web.FilterChainProxy$VirtualFilterChain.doFilter(FilterChainProxy.java:374) ~[spring-security-web-6.4.2.jar:6.4.2]
	at org.springframework.security.web.authentication.logout.LogoutFilter.doFilter(LogoutFilter.java:107) ~[spring-security-web-6.4.2.jar:6.4.2]
	at org.springframework.security.web.authentication.logout.LogoutFilter.doFilter(LogoutFilter.java:93) ~[spring-security-web-6.4.2.jar:6.4.2]
	at org.springframework.security.web.FilterChainProxy$VirtualFilterChain.doFilter(FilterChainProxy.java:374) ~[spring-security-web-6.4.2.jar:6.4.2]
	at org.springframework.security.web.csrf.CsrfFilter.doFilterInternal(CsrfFilter.java:117) ~[spring-security-web-6.4.2.jar:6.4.2]
	at org.springframework.web.filter.OncePerRequestFilter.doFilter(OncePerRequestFilter.java:116) ~[spring-web-6.2.2.jar:6.2.2]
	at org.springframework.security.web.FilterChainProxy$VirtualFilterChain.doFilter(FilterChainProxy.java:374) ~[spring-security-web-6.4.2.jar:6.4.2]
	at org.springframework.security.web.header.HeaderWriterFilter.doHeadersAfter(HeaderWriterFilter.java:90) ~[spring-security-web-6.4.2.jar:6.4.2]
	at org.springframework.security.web.header.HeaderWriterFilter.doFilterInternal(HeaderWriterFilter.java:75) ~[spring-security-web-6.4.2.jar:6.4.2]
	at org.springframework.web.filter.OncePerRequestFilter.doFilter(OncePerRequestFilter.java:116) ~[spring-web-6.2.2.jar:6.2.2]
	at org.springframework.security.web.FilterChainProxy$VirtualFilterChain.doFilter(FilterChainProxy.java:374) ~[spring-security-web-6.4.2.jar:6.4.2]
	at org.springframework.security.web.context.SecurityContextHolderFilter.doFilter(SecurityContextHolderFilter.java:82) ~[spring-security-web-6.4.2.jar:6.4.2]
	at org.springframework.security.web.context.SecurityContextHolderFilter.doFilter(SecurityContextHolderFilter.java:69) ~[spring-security-web-6.4.2.jar:6.4.2]
	at org.springframework.security.web.FilterChainProxy$VirtualFilterChain.doFilter(FilterChainProxy.java:374) ~[spring-security-web-6.4.2.jar:6.4.2]
	at org.springframework.security.web.context.request.async.WebAsyncManagerIntegrationFilter.doFilterInternal(WebAsyncManagerIntegrationFilter.java:62) ~[spring-security-web-6.4.2.jar:6.4.2]
	at org.springframework.web.filter.OncePerRequestFilter.doFilter(OncePerRequestFilter.java:116) ~[spring-web-6.2.2.jar:6.2.2]
	at org.springframework.security.web.FilterChainProxy$VirtualFilterChain.doFilter(FilterChainProxy.java:374) ~[spring-security-web-6.4.2.jar:6.4.2]
	at org.springframework.security.web.session.DisableEncodeUrlFilter.doFilterInternal(DisableEncodeUrlFilter.java:42) ~[spring-security-web-6.4.2.jar:6.4.2]
	at org.springframework.web.filter.OncePerRequestFilter.doFilter(OncePerRequestFilter.java:116) ~[spring-web-6.2.2.jar:6.2.2]
	at org.springframework.security.web.FilterChainProxy$VirtualFilterChain.doFilter(FilterChainProxy.java:374) ~[spring-security-web-6.4.2.jar:6.4.2]
	at org.springframework.security.web.FilterChainProxy.doFilterInternal(FilterChainProxy.java:233) ~[spring-security-web-6.4.2.jar:6.4.2]
	at org.springframework.security.web.FilterChainProxy.doFilter(FilterChainProxy.java:191) ~[spring-security-web-6.4.2.jar:6.4.2]
	at org.springframework.web.filter.CompositeFilter$VirtualFilterChain.doFilter(CompositeFilter.java:113) ~[spring-web-6.2.2.jar:6.2.2]
	at org.springframework.web.servlet.handler.HandlerMappingIntrospector.lambda$createCacheFilter$3(HandlerMappingIntrospector.java:243) ~[spring-webmvc-6.2.2.jar:6.2.2]
	at org.springframework.web.filter.CompositeFilter$VirtualFilterChain.doFilter(CompositeFilter.java:113) ~[spring-web-6.2.2.jar:6.2.2]
	at org.springframework.web.filter.CompositeFilter.doFilter(CompositeFilter.java:74) ~[spring-web-6.2.2.jar:6.2.2]
	at org.springframework.security.config.annotation.web.configuration.WebMvcSecurityConfiguration$CompositeFilterChainProxy.doFilter(WebMvcSecurityConfiguration.java:238) ~[spring-security-config-6.4.2.jar:6.4.2]
	at org.springframework.web.filter.DelegatingFilterProxy.invokeDelegate(DelegatingFilterProxy.java:362) ~[spring-web-6.2.2.jar:6.2.2]
	at org.springframework.web.filter.DelegatingFilterProxy.doFilter(DelegatingFilterProxy.java:278) ~[spring-web-6.2.2.jar:6.2.2]
	at org.apache.catalina.core.ApplicationFilterChain.internalDoFilter(ApplicationFilterChain.java:164) ~[tomcat-embed-core-10.1.34.jar:10.1.34]
	at org.apache.catalina.core.ApplicationFilterChain.doFilter(ApplicationFilterChain.java:140) ~[tomcat-embed-core-10.1.34.jar:10.1.34]
	at org.springframework.web.filter.RequestContextFilter.doFilterInternal(RequestContextFilter.java:100) ~[spring-web-6.2.2.jar:6.2.2]
	at org.springframework.web.filter.OncePerRequestFilter.doFilter(OncePerRequestFilter.java:116) ~[spring-web-6.2.2.jar:6.2.2]
	at org.apache.catalina.core.ApplicationFilterChain.internalDoFilter(ApplicationFilterChain.java:164) ~[tomcat-embed-core-10.1.34.jar:10.1.34]
	at org.apache.catalina.core.ApplicationFilterChain.doFilter(ApplicationFilterChain.java:140) ~[tomcat-embed-core-10.1.34.jar:10.1.34]
	at org.springframework.web.filter.FormContentFilter.doFilterInternal(FormContentFilter.java:93) ~[spring-web-6.2.2.jar:6.2.2]
	at org.springframework.web.filter.OncePerRequestFilter.doFilter(OncePerRequestFilter.java:116) ~[spring-web-6.2.2.jar:6.2.2]
	at org.apache.catalina.core.ApplicationFilterChain.internalDoFilter(ApplicationFilterChain.java:164) ~[tomcat-embed-core-10.1.34.jar:10.1.34]
	at org.apache.catalina.core.ApplicationFilterChain.doFilter(ApplicationFilterChain.java:140) ~[tomcat-embed-core-10.1.34.jar:10.1.34]
	at org.springframework.web.filter.CharacterEncodingFilter.doFilterInternal(CharacterEncodingFilter.java:201) ~[spring-web-6.2.2.jar:6.2.2]
	at org.springframework.web.filter.OncePerRequestFilter.doFilter(OncePerRequestFilter.java:116) ~[spring-web-6.2.2.jar:6.2.2]
	at org.apache.catalina.core.ApplicationFilterChain.internalDoFilter(ApplicationFilterChain.java:164) ~[tomcat-embed-core-10.1.34.jar:10.1.34]
	at org.apache.catalina.core.ApplicationFilterChain.doFilter(ApplicationFilterChain.java:140) ~[tomcat-embed-core-10.1.34.jar:10.1.34]
	at org.apache.catalina.core.StandardWrapperValve.invoke(StandardWrapperValve.java:167) ~[tomcat-embed-core-10.1.34.jar:10.1.34]
	at org.apache.catalina.core.StandardContextValve.invoke(StandardContextValve.java:90) ~[tomcat-embed-core-10.1.34.jar:10.1.34]
	at org.apache.catalina.authenticator.AuthenticatorBase.invoke(AuthenticatorBase.java:483) ~[tomcat-embed-core-10.1.34.jar:10.1.34]
	at org.apache.catalina.core.StandardHostValve.invoke(StandardHostValve.java:115) ~[tomcat-embed-core-10.1.34.jar:10.1.34]
	at org.apache.catalina.valves.ErrorReportValve.invoke(ErrorReportValve.java:93) ~[tomcat-embed-core-10.1.34.jar:10.1.34]
	at org.apache.catalina.core.StandardEngineValve.invoke(StandardEngineValve.java:74) ~[tomcat-embed-core-10.1.34.jar:10.1.34]
	at org.apache.catalina.connector.CoyoteAdapter.service(CoyoteAdapter.java:344) ~[tomcat-embed-core-10.1.34.jar:10.1.34]
	at org.apache.coyote.http11.Http11Processor.service(Http11Processor.java:397) ~[tomcat-embed-core-10.1.34.jar:10.1.34]
	at org.apache.coyote.AbstractProcessorLight.process(AbstractProcessorLight.java:63) ~[tomcat-embed-core-10.1.34.jar:10.1.34]
	at org.apache.coyote.AbstractProtocol$ConnectionHandler.process(AbstractProtocol.java:905) ~[tomcat-embed-core-10.1.34.jar:10.1.34]
	at org.apache.tomcat.util.net.NioEndpoint$SocketProcessor.doRun(NioEndpoint.java:1741) ~[tomcat-embed-core-10.1.34.jar:10.1.34]
	at org.apache.tomcat.util.net.SocketProcessorBase.run(SocketProcessorBase.java:52) ~[tomcat-embed-core-10.1.34.jar:10.1.34]
	at org.apache.tomcat.util.threads.ThreadPoolExecutor.runWorker(ThreadPoolExecutor.java:1190) ~[tomcat-embed-core-10.1.34.jar:10.1.34]
	at org.apache.tomcat.util.threads.ThreadPoolExecutor$Worker.run(ThreadPoolExecutor.java:659) ~[tomcat-embed-core-10.1.34.jar:10.1.34]
	at org.apache.tomcat.util.threads.TaskThread$WrappingRunnable.run(TaskThread.java:63) ~[tomcat-embed-core-10.1.34.jar:10.1.34]
	at java.base/java.lang.Thread.run(Thread.java:1583) ~[na:na]

2025-02-02T12:53:49.756+09:00  INFO 9676 --- [project] [main] com.example.project.ProjectApplication   : Starting ProjectApplication using Java 21.0.5 with PID 9676 (C:\AI\javaProject\develope\project\build\classes\java\main started by nsy71 in C:\AI\javaProject\develope\project)
2025-02-02T12:53:49.766+09:00  INFO 9676 --- [project] [main] com.example.project.ProjectApplication   : The following 2 profiles are active: "secret", "dev"
2025-02-02T12:53:53.460+09:00  INFO 9676 --- [project] [main] .s.d.r.c.RepositoryConfigurationDelegate : Bootstrapping Spring Data JPA repositories in DEFAULT mode.
2025-02-02T12:53:53.785+09:00  INFO 9676 --- [project] [main] .s.d.r.c.RepositoryConfigurationDelegate : Finished Spring Data repository scanning in 286 ms. Found 1 JPA repository interface.
2025-02-02T12:53:57.457+09:00  INFO 9676 --- [project] [main] o.s.b.w.embedded.tomcat.TomcatWebServer  : Tomcat initialized with port 8080 (http)
2025-02-02T12:53:57.561+09:00  INFO 9676 --- [project] [main] o.apache.catalina.core.StandardService   : Starting service [Tomcat]
2025-02-02T12:53:57.564+09:00  INFO 9676 --- [project] [main] o.apache.catalina.core.StandardEngine    : Starting Servlet engine: [Apache Tomcat/10.1.34]
2025-02-02T12:53:57.936+09:00  INFO 9676 --- [project] [main] o.a.c.c.C.[Tomcat].[localhost].[/]       : Initializing Spring embedded WebApplicationContext
2025-02-02T12:53:57.937+09:00  INFO 9676 --- [project] [main] w.s.c.ServletWebServerApplicationContext : Root WebApplicationContext: initialization completed in 7952 ms
2025-02-02T12:53:58.783+09:00  INFO 9676 --- [project] [main] o.hibernate.jpa.internal.util.LogHelper  : HHH000204: Processing PersistenceUnitInfo [name: default]
2025-02-02T12:53:59.229+09:00  INFO 9676 --- [project] [main] org.hibernate.Version                    : HHH000412: Hibernate ORM core version 6.6.5.Final
2025-02-02T12:53:59.440+09:00  INFO 9676 --- [project] [main] o.h.c.internal.RegionFactoryInitiator    : HHH000026: Second-level cache disabled
2025-02-02T12:54:00.018+09:00 DEBUG 9676 --- [project] [main] org.hibernate.type.BasicTypeRegistry     : Adding type registration boolean -> org.hibernate.type.BasicTypeReference@34a20f16
2025-02-02T12:54:00.021+09:00 DEBUG 9676 --- [project] [main] org.hibernate.type.BasicTypeRegistry     : Adding type registration boolean -> org.hibernate.type.BasicTypeReference@34a20f16
2025-02-02T12:54:00.024+09:00 DEBUG 9676 --- [project] [main] org.hibernate.type.BasicTypeRegistry     : Adding type registration java.lang.Boolean -> org.hibernate.type.BasicTypeReference@34a20f16
2025-02-02T12:54:00.026+09:00 DEBUG 9676 --- [project] [main] org.hibernate.type.BasicTypeRegistry     : Adding type registration numeric_boolean -> org.hibernate.type.BasicTypeReference@496cc217
2025-02-02T12:54:00.027+09:00 DEBUG 9676 --- [project] [main] org.hibernate.type.BasicTypeRegistry     : Adding type registration org.hibernate.type.NumericBooleanConverter -> org.hibernate.type.BasicTypeReference@496cc217
2025-02-02T12:54:00.030+09:00 DEBUG 9676 --- [project] [main] org.hibernate.type.BasicTypeRegistry     : Adding type registration true_false -> org.hibernate.type.BasicTypeReference@1a1c21b4
2025-02-02T12:54:00.032+09:00 DEBUG 9676 --- [project] [main] org.hibernate.type.BasicTypeRegistry     : Adding type registration org.hibernate.type.TrueFalseConverter -> org.hibernate.type.BasicTypeReference@1a1c21b4
2025-02-02T12:54:00.036+09:00 DEBUG 9676 --- [project] [main] org.hibernate.type.BasicTypeRegistry     : Adding type registration yes_no -> org.hibernate.type.BasicTypeReference@1cd2ff5b
2025-02-02T12:54:00.038+09:00 DEBUG 9676 --- [project] [main] org.hibernate.type.BasicTypeRegistry     : Adding type registration org.hibernate.type.YesNoConverter -> org.hibernate.type.BasicTypeReference@1cd2ff5b
2025-02-02T12:54:00.041+09:00 DEBUG 9676 --- [project] [main] org.hibernate.type.BasicTypeRegistry     : Adding type registration byte -> org.hibernate.type.BasicTypeReference@38ac8968
2025-02-02T12:54:00.047+09:00 DEBUG 9676 --- [project] [main] org.hibernate.type.BasicTypeRegistry     : Adding type registration byte -> org.hibernate.type.BasicTypeReference@38ac8968
2025-02-02T12:54:00.048+09:00 DEBUG 9676 --- [project] [main] org.hibernate.type.BasicTypeRegistry     : Adding type registration java.lang.Byte -> org.hibernate.type.BasicTypeReference@38ac8968
2025-02-02T12:54:00.051+09:00 DEBUG 9676 --- [project] [main] org.hibernate.type.BasicTypeRegistry     : Adding type registration binary -> org.hibernate.type.BasicTypeReference@17ff8810
2025-02-02T12:54:00.055+09:00 DEBUG 9676 --- [project] [main] org.hibernate.type.BasicTypeRegistry     : Adding type registration byte[] -> org.hibernate.type.BasicTypeReference@17ff8810
2025-02-02T12:54:00.059+09:00 DEBUG 9676 --- [project] [main] org.hibernate.type.BasicTypeRegistry     : Adding type registration [B -> org.hibernate.type.BasicTypeReference@17ff8810
2025-02-02T12:54:00.061+09:00 DEBUG 9676 --- [project] [main] org.hibernate.type.BasicTypeRegistry     : Adding type registration binary_wrapper -> org.hibernate.type.BasicTypeReference@6c951ada
2025-02-02T12:54:00.063+09:00 DEBUG 9676 --- [project] [main] org.hibernate.type.BasicTypeRegistry     : Adding type registration wrapper-binary -> org.hibernate.type.BasicTypeReference@6c951ada
2025-02-02T12:54:00.066+09:00 DEBUG 9676 --- [project] [main] org.hibernate.type.BasicTypeRegistry     : Adding type registration image -> org.hibernate.type.BasicTypeReference@67b61834
2025-02-02T12:54:00.067+09:00 DEBUG 9676 --- [project] [main] org.hibernate.type.BasicTypeRegistry     : Adding type registration blob -> org.hibernate.type.BasicTypeReference@3b0d3a63
2025-02-02T12:54:00.068+09:00 DEBUG 9676 --- [project] [main] org.hibernate.type.BasicTypeRegistry     : Adding type registration java.sql.Blob -> org.hibernate.type.BasicTypeReference@3b0d3a63
2025-02-02T12:54:00.071+09:00 DEBUG 9676 --- [project] [main] org.hibernate.type.BasicTypeRegistry     : Adding type registration materialized_blob -> org.hibernate.type.BasicTypeReference@50598a1a
2025-02-02T12:54:00.074+09:00 DEBUG 9676 --- [project] [main] org.hibernate.type.BasicTypeRegistry     : Adding type registration materialized_blob_wrapper -> org.hibernate.type.BasicTypeReference@14de1901
2025-02-02T12:54:00.076+09:00 DEBUG 9676 --- [project] [main] org.hibernate.type.BasicTypeRegistry     : Adding type registration short -> org.hibernate.type.BasicTypeReference@437ed416
2025-02-02T12:54:00.078+09:00 DEBUG 9676 --- [project] [main] org.hibernate.type.BasicTypeRegistry     : Adding type registration short -> org.hibernate.type.BasicTypeReference@437ed416
2025-02-02T12:54:00.079+09:00 DEBUG 9676 --- [project] [main] org.hibernate.type.BasicTypeRegistry     : Adding type registration java.lang.Short -> org.hibernate.type.BasicTypeReference@437ed416
2025-02-02T12:54:00.081+09:00 DEBUG 9676 --- [project] [main] org.hibernate.type.BasicTypeRegistry     : Adding type registration integer -> org.hibernate.type.BasicTypeReference@11f23038
2025-02-02T12:54:00.083+09:00 DEBUG 9676 --- [project] [main] org.hibernate.type.BasicTypeRegistry     : Adding type registration int -> org.hibernate.type.BasicTypeReference@11f23038
2025-02-02T12:54:00.088+09:00 DEBUG 9676 --- [project] [main] org.hibernate.type.BasicTypeRegistry     : Adding type registration java.lang.Integer -> org.hibernate.type.BasicTypeReference@11f23038
2025-02-02T12:54:00.090+09:00 DEBUG 9676 --- [project] [main] org.hibernate.type.BasicTypeRegistry     : Adding type registration long -> org.hibernate.type.BasicTypeReference@de77146
2025-02-02T12:54:00.091+09:00 DEBUG 9676 --- [project] [main] org.hibernate.type.BasicTypeRegistry     : Adding type registration long -> org.hibernate.type.BasicTypeReference@de77146
2025-02-02T12:54:00.093+09:00 DEBUG 9676 --- [project] [main] org.hibernate.type.BasicTypeRegistry     : Adding type registration java.lang.Long -> org.hibernate.type.BasicTypeReference@de77146
2025-02-02T12:54:00.098+09:00 DEBUG 9676 --- [project] [main] org.hibernate.type.BasicTypeRegistry     : Adding type registration float -> org.hibernate.type.BasicTypeReference@691567ea
2025-02-02T12:54:00.102+09:00 DEBUG 9676 --- [project] [main] org.hibernate.type.BasicTypeRegistry     : Adding type registration float -> org.hibernate.type.BasicTypeReference@691567ea
2025-02-02T12:54:00.106+09:00 DEBUG 9676 --- [project] [main] org.hibernate.type.BasicTypeRegistry     : Adding type registration java.lang.Float -> org.hibernate.type.BasicTypeReference@691567ea
2025-02-02T12:54:00.109+09:00 DEBUG 9676 --- [project] [main] org.hibernate.type.BasicTypeRegistry     : Adding type registration double -> org.hibernate.type.BasicTypeReference@5cfed0ba
2025-02-02T12:54:00.112+09:00 DEBUG 9676 --- [project] [main] org.hibernate.type.BasicTypeRegistry     : Adding type registration double -> org.hibernate.type.BasicTypeReference@5cfed0ba
2025-02-02T12:54:00.113+09:00 DEBUG 9676 --- [project] [main] org.hibernate.type.BasicTypeRegistry     : Adding type registration java.lang.Double -> org.hibernate.type.BasicTypeReference@5cfed0ba
2025-02-02T12:54:00.114+09:00 DEBUG 9676 --- [project] [main] org.hibernate.type.BasicTypeRegistry     : Adding type registration big_integer -> org.hibernate.type.BasicTypeReference@5c8d58ed
2025-02-02T12:54:00.115+09:00 DEBUG 9676 --- [project] [main] org.hibernate.type.BasicTypeRegistry     : Adding type registration java.math.BigInteger -> org.hibernate.type.BasicTypeReference@5c8d58ed
2025-02-02T12:54:00.120+09:00 DEBUG 9676 --- [project] [main] org.hibernate.type.BasicTypeRegistry     : Adding type registration big_decimal -> org.hibernate.type.BasicTypeReference@6a567f7b
2025-02-02T12:54:00.121+09:00 DEBUG 9676 --- [project] [main] org.hibernate.type.BasicTypeRegistry     : Adding type registration java.math.BigDecimal -> org.hibernate.type.BasicTypeReference@6a567f7b
2025-02-02T12:54:00.122+09:00 DEBUG 9676 --- [project] [main] org.hibernate.type.BasicTypeRegistry     : Adding type registration character -> org.hibernate.type.BasicTypeReference@28be7fec
2025-02-02T12:54:00.123+09:00 DEBUG 9676 --- [project] [main] org.hibernate.type.BasicTypeRegistry     : Adding type registration char -> org.hibernate.type.BasicTypeReference@28be7fec
2025-02-02T12:54:00.124+09:00 DEBUG 9676 --- [project] [main] org.hibernate.type.BasicTypeRegistry     : Adding type registration java.lang.Character -> org.hibernate.type.BasicTypeReference@28be7fec
2025-02-02T12:54:00.126+09:00 DEBUG 9676 --- [project] [main] org.hibernate.type.BasicTypeRegistry     : Adding type registration character_nchar -> org.hibernate.type.BasicTypeReference@26f0141
2025-02-02T12:54:00.128+09:00 DEBUG 9676 --- [project] [main] org.hibernate.type.BasicTypeRegistry     : Adding type registration string -> org.hibernate.type.BasicTypeReference@34136bd1
2025-02-02T12:54:00.130+09:00 DEBUG 9676 --- [project] [main] org.hibernate.type.BasicTypeRegistry     : Adding type registration java.lang.String -> org.hibernate.type.BasicTypeReference@34136bd1
2025-02-02T12:54:00.132+09:00 DEBUG 9676 --- [project] [main] org.hibernate.type.BasicTypeRegistry     : Adding type registration nstring -> org.hibernate.type.BasicTypeReference@6de7778f
2025-02-02T12:54:00.134+09:00 DEBUG 9676 --- [project] [main] org.hibernate.type.BasicTypeRegistry     : Adding type registration characters -> org.hibernate.type.BasicTypeReference@367d34c0
2025-02-02T12:54:00.137+09:00 DEBUG 9676 --- [project] [main] org.hibernate.type.BasicTypeRegistry     : Adding type registration char[] -> org.hibernate.type.BasicTypeReference@367d34c0
2025-02-02T12:54:00.140+09:00 DEBUG 9676 --- [project] [main] org.hibernate.type.BasicTypeRegistry     : Adding type registration [C -> org.hibernate.type.BasicTypeReference@367d34c0
2025-02-02T12:54:00.141+09:00 DEBUG 9676 --- [project] [main] org.hibernate.type.BasicTypeRegistry     : Adding type registration wrapper-characters -> org.hibernate.type.BasicTypeReference@4ce25e47
2025-02-02T12:54:00.143+09:00 DEBUG 9676 --- [project] [main] org.hibernate.type.BasicTypeRegistry     : Adding type registration text -> org.hibernate.type.BasicTypeReference@6380e9e9
2025-02-02T12:54:00.145+09:00 DEBUG 9676 --- [project] [main] org.hibernate.type.BasicTypeRegistry     : Adding type registration ntext -> org.hibernate.type.BasicTypeReference@350da119
2025-02-02T12:54:00.147+09:00 DEBUG 9676 --- [project] [main] org.hibernate.type.BasicTypeRegistry     : Adding type registration clob -> org.hibernate.type.BasicTypeReference@6a09484c
2025-02-02T12:54:00.149+09:00 DEBUG 9676 --- [project] [main] org.hibernate.type.BasicTypeRegistry     : Adding type registration java.sql.Clob -> org.hibernate.type.BasicTypeReference@6a09484c
2025-02-02T12:54:00.151+09:00 DEBUG 9676 --- [project] [main] org.hibernate.type.BasicTypeRegistry     : Adding type registration nclob -> org.hibernate.type.BasicTypeReference@34c7232c
2025-02-02T12:54:00.152+09:00 DEBUG 9676 --- [project] [main] org.hibernate.type.BasicTypeRegistry     : Adding type registration java.sql.NClob -> org.hibernate.type.BasicTypeReference@34c7232c
2025-02-02T12:54:00.153+09:00 DEBUG 9676 --- [project] [main] org.hibernate.type.BasicTypeRegistry     : Adding type registration materialized_clob -> org.hibernate.type.BasicTypeReference@50ec4bfc
2025-02-02T12:54:00.155+09:00 DEBUG 9676 --- [project] [main] org.hibernate.type.BasicTypeRegistry     : Adding type registration materialized_clob_char_array -> org.hibernate.type.BasicTypeReference@8b13d91
2025-02-02T12:54:00.156+09:00 DEBUG 9676 --- [project] [main] org.hibernate.type.BasicTypeRegistry     : Adding type registration materialized_clob_character_array -> org.hibernate.type.BasicTypeReference@285a4fe3
2025-02-02T12:54:00.157+09:00 DEBUG 9676 --- [project] [main] org.hibernate.type.BasicTypeRegistry     : Adding type registration materialized_nclob -> org.hibernate.type.BasicTypeReference@2589d787
2025-02-02T12:54:00.158+09:00 DEBUG 9676 --- [project] [main] org.hibernate.type.BasicTypeRegistry     : Adding type registration materialized_nclob_character_array -> org.hibernate.type.BasicTypeReference@1788cb61
2025-02-02T12:54:00.159+09:00 DEBUG 9676 --- [project] [main] org.hibernate.type.BasicTypeRegistry     : Adding type registration materialized_nclob_char_array -> org.hibernate.type.BasicTypeReference@16d431b4
2025-02-02T12:54:00.160+09:00 DEBUG 9676 --- [project] [main] org.hibernate.type.BasicTypeRegistry     : Adding type registration Duration -> org.hibernate.type.BasicTypeReference@6c0b51da
2025-02-02T12:54:00.161+09:00 DEBUG 9676 --- [project] [main] org.hibernate.type.BasicTypeRegistry     : Adding type registration java.time.Duration -> org.hibernate.type.BasicTypeReference@6c0b51da
2025-02-02T12:54:00.162+09:00 DEBUG 9676 --- [project] [main] org.hibernate.type.BasicTypeRegistry     : Adding type registration LocalDateTime -> org.hibernate.type.BasicTypeReference@7558633
2025-02-02T12:54:00.163+09:00 DEBUG 9676 --- [project] [main] org.hibernate.type.BasicTypeRegistry     : Adding type registration java.time.LocalDateTime -> org.hibernate.type.BasicTypeReference@7558633
2025-02-02T12:54:00.165+09:00 DEBUG 9676 --- [project] [main] org.hibernate.type.BasicTypeRegistry     : Adding type registration LocalDate -> org.hibernate.type.BasicTypeReference@5657967b
2025-02-02T12:54:00.169+09:00 DEBUG 9676 --- [project] [main] org.hibernate.type.BasicTypeRegistry     : Adding type registration java.time.LocalDate -> org.hibernate.type.BasicTypeReference@5657967b
2025-02-02T12:54:00.170+09:00 DEBUG 9676 --- [project] [main] org.hibernate.type.BasicTypeRegistry     : Adding type registration LocalTime -> org.hibernate.type.BasicTypeReference@61394494
2025-02-02T12:54:00.172+09:00 DEBUG 9676 --- [project] [main] org.hibernate.type.BasicTypeRegistry     : Adding type registration java.time.LocalTime -> org.hibernate.type.BasicTypeReference@61394494
2025-02-02T12:54:00.173+09:00 DEBUG 9676 --- [project] [main] org.hibernate.type.BasicTypeRegistry     : Adding type registration OffsetDateTime -> org.hibernate.type.BasicTypeReference@578a5ce8
2025-02-02T12:54:00.174+09:00 DEBUG 9676 --- [project] [main] org.hibernate.type.BasicTypeRegistry     : Adding type registration java.time.OffsetDateTime -> org.hibernate.type.BasicTypeReference@578a5ce8
2025-02-02T12:54:00.175+09:00 DEBUG 9676 --- [project] [main] org.hibernate.type.BasicTypeRegistry     : Adding type registration OffsetDateTimeWithTimezone -> org.hibernate.type.BasicTypeReference@7c453c34
2025-02-02T12:54:00.176+09:00 DEBUG 9676 --- [project] [main] org.hibernate.type.BasicTypeRegistry     : Adding type registration OffsetDateTimeWithoutTimezone -> org.hibernate.type.BasicTypeReference@16cb9989
2025-02-02T12:54:00.177+09:00 DEBUG 9676 --- [project] [main] org.hibernate.type.BasicTypeRegistry     : Adding type registration OffsetTime -> org.hibernate.type.BasicTypeReference@3dfd6220
2025-02-02T12:54:00.177+09:00 DEBUG 9676 --- [project] [main] org.hibernate.type.BasicTypeRegistry     : Adding type registration java.time.OffsetTime -> org.hibernate.type.BasicTypeReference@3dfd6220
2025-02-02T12:54:00.178+09:00 DEBUG 9676 --- [project] [main] org.hibernate.type.BasicTypeRegistry     : Adding type registration OffsetTimeUtc -> org.hibernate.type.BasicTypeReference@3815146b
2025-02-02T12:54:00.181+09:00 DEBUG 9676 --- [project] [main] org.hibernate.type.BasicTypeRegistry     : Adding type registration OffsetTimeWithTimezone -> org.hibernate.type.BasicTypeReference@6de43bc1
2025-02-02T12:54:00.186+09:00 DEBUG 9676 --- [project] [main] org.hibernate.type.BasicTypeRegistry     : Adding type registration OffsetTimeWithoutTimezone -> org.hibernate.type.BasicTypeReference@27a9f025
2025-02-02T12:54:00.188+09:00 DEBUG 9676 --- [project] [main] org.hibernate.type.BasicTypeRegistry     : Adding type registration ZonedDateTime -> org.hibernate.type.BasicTypeReference@71936a92
2025-02-02T12:54:00.189+09:00 DEBUG 9676 --- [project] [main] org.hibernate.type.BasicTypeRegistry     : Adding type registration java.time.ZonedDateTime -> org.hibernate.type.BasicTypeReference@71936a92
2025-02-02T12:54:00.192+09:00 DEBUG 9676 --- [project] [main] org.hibernate.type.BasicTypeRegistry     : Adding type registration ZonedDateTimeWithTimezone -> org.hibernate.type.BasicTypeReference@61359e87
2025-02-02T12:54:00.193+09:00 DEBUG 9676 --- [project] [main] org.hibernate.type.BasicTypeRegistry     : Adding type registration ZonedDateTimeWithoutTimezone -> org.hibernate.type.BasicTypeReference@2dc39b53
2025-02-02T12:54:00.194+09:00 DEBUG 9676 --- [project] [main] org.hibernate.type.BasicTypeRegistry     : Adding type registration date -> org.hibernate.type.BasicTypeReference@45037e16
2025-02-02T12:54:00.196+09:00 DEBUG 9676 --- [project] [main] org.hibernate.type.BasicTypeRegistry     : Adding type registration java.sql.Date -> org.hibernate.type.BasicTypeReference@45037e16
2025-02-02T12:54:00.196+09:00 DEBUG 9676 --- [project] [main] org.hibernate.type.BasicTypeRegistry     : Adding type registration time -> org.hibernate.type.BasicTypeReference@2f2e4bde
2025-02-02T12:54:00.197+09:00 DEBUG 9676 --- [project] [main] org.hibernate.type.BasicTypeRegistry     : Adding type registration java.sql.Time -> org.hibernate.type.BasicTypeReference@2f2e4bde
2025-02-02T12:54:00.198+09:00 DEBUG 9676 --- [project] [main] org.hibernate.type.BasicTypeRegistry     : Adding type registration timestamp -> org.hibernate.type.BasicTypeReference@6222391a
2025-02-02T12:54:00.198+09:00 DEBUG 9676 --- [project] [main] org.hibernate.type.BasicTypeRegistry     : Adding type registration java.sql.Timestamp -> org.hibernate.type.BasicTypeReference@6222391a
2025-02-02T12:54:00.199+09:00 DEBUG 9676 --- [project] [main] org.hibernate.type.BasicTypeRegistry     : Adding type registration java.util.Date -> org.hibernate.type.BasicTypeReference@6222391a
2025-02-02T12:54:00.203+09:00 DEBUG 9676 --- [project] [main] org.hibernate.type.BasicTypeRegistry     : Adding type registration calendar -> org.hibernate.type.BasicTypeReference@538a2f0e
2025-02-02T12:54:00.206+09:00 DEBUG 9676 --- [project] [main] org.hibernate.type.BasicTypeRegistry     : Adding type registration java.util.Calendar -> org.hibernate.type.BasicTypeReference@538a2f0e
2025-02-02T12:54:00.208+09:00 DEBUG 9676 --- [project] [main] org.hibernate.type.BasicTypeRegistry     : Adding type registration java.util.GregorianCalendar -> org.hibernate.type.BasicTypeReference@538a2f0e
2025-02-02T12:54:00.209+09:00 DEBUG 9676 --- [project] [main] org.hibernate.type.BasicTypeRegistry     : Adding type registration calendar_date -> org.hibernate.type.BasicTypeReference@d2708a7
2025-02-02T12:54:00.214+09:00 DEBUG 9676 --- [project] [main] org.hibernate.type.BasicTypeRegistry     : Adding type registration calendar_time -> org.hibernate.type.BasicTypeReference@508ad266
2025-02-02T12:54:00.217+09:00 DEBUG 9676 --- [project] [main] org.hibernate.type.BasicTypeRegistry     : Adding type registration instant -> org.hibernate.type.BasicTypeReference@2313db84
2025-02-02T12:54:00.220+09:00 DEBUG 9676 --- [project] [main] org.hibernate.type.BasicTypeRegistry     : Adding type registration java.time.Instant -> org.hibernate.type.BasicTypeReference@2313db84
2025-02-02T12:54:00.222+09:00 DEBUG 9676 --- [project] [main] org.hibernate.type.BasicTypeRegistry     : Adding type registration uuid -> org.hibernate.type.BasicTypeReference@216372b7
2025-02-02T12:54:00.223+09:00 DEBUG 9676 --- [project] [main] org.hibernate.type.BasicTypeRegistry     : Adding type registration java.util.UUID -> org.hibernate.type.BasicTypeReference@216372b7
2025-02-02T12:54:00.224+09:00 DEBUG 9676 --- [project] [main] org.hibernate.type.BasicTypeRegistry     : Adding type registration pg-uuid -> org.hibernate.type.BasicTypeReference@216372b7
2025-02-02T12:54:00.225+09:00 DEBUG 9676 --- [project] [main] org.hibernate.type.BasicTypeRegistry     : Adding type registration uuid-binary -> org.hibernate.type.BasicTypeReference@14b4340c
2025-02-02T12:54:00.225+09:00 DEBUG 9676 --- [project] [main] org.hibernate.type.BasicTypeRegistry     : Adding type registration uuid-char -> org.hibernate.type.BasicTypeReference@12abcd1e
2025-02-02T12:54:00.227+09:00 DEBUG 9676 --- [project] [main] org.hibernate.type.BasicTypeRegistry     : Adding type registration class -> org.hibernate.type.BasicTypeReference@2fd9fb34
2025-02-02T12:54:00.228+09:00 DEBUG 9676 --- [project] [main] org.hibernate.type.BasicTypeRegistry     : Adding type registration java.lang.Class -> org.hibernate.type.BasicTypeReference@2fd9fb34
2025-02-02T12:54:00.229+09:00 DEBUG 9676 --- [project] [main] org.hibernate.type.BasicTypeRegistry     : Adding type registration currency -> org.hibernate.type.BasicTypeReference@1595d2b2
2025-02-02T12:54:00.230+09:00 DEBUG 9676 --- [project] [main] org.hibernate.type.BasicTypeRegistry     : Adding type registration Currency -> org.hibernate.type.BasicTypeReference@1595d2b2
2025-02-02T12:54:00.230+09:00 DEBUG 9676 --- [project] [main] org.hibernate.type.BasicTypeRegistry     : Adding type registration java.util.Currency -> org.hibernate.type.BasicTypeReference@1595d2b2
2025-02-02T12:54:00.231+09:00 DEBUG 9676 --- [project] [main] org.hibernate.type.BasicTypeRegistry     : Adding type registration locale -> org.hibernate.type.BasicTypeReference@20349058
2025-02-02T12:54:00.232+09:00 DEBUG 9676 --- [project] [main] org.hibernate.type.BasicTypeRegistry     : Adding type registration java.util.Locale -> org.hibernate.type.BasicTypeReference@20349058
2025-02-02T12:54:00.234+09:00 DEBUG 9676 --- [project] [main] org.hibernate.type.BasicTypeRegistry     : Adding type registration serializable -> org.hibernate.type.BasicTypeReference@6cbb7a7d
2025-02-02T12:54:00.236+09:00 DEBUG 9676 --- [project] [main] org.hibernate.type.BasicTypeRegistry     : Adding type registration java.io.Serializable -> org.hibernate.type.BasicTypeReference@6cbb7a7d
2025-02-02T12:54:00.239+09:00 DEBUG 9676 --- [project] [main] org.hibernate.type.BasicTypeRegistry     : Adding type registration timezone -> org.hibernate.type.BasicTypeReference@cdb3c85
2025-02-02T12:54:00.241+09:00 DEBUG 9676 --- [project] [main] org.hibernate.type.BasicTypeRegistry     : Adding type registration java.util.TimeZone -> org.hibernate.type.BasicTypeReference@cdb3c85
2025-02-02T12:54:00.242+09:00 DEBUG 9676 --- [project] [main] org.hibernate.type.BasicTypeRegistry     : Adding type registration ZoneOffset -> org.hibernate.type.BasicTypeReference@37606fee
2025-02-02T12:54:00.249+09:00 DEBUG 9676 --- [project] [main] org.hibernate.type.BasicTypeRegistry     : Adding type registration java.time.ZoneOffset -> org.hibernate.type.BasicTypeReference@37606fee
2025-02-02T12:54:00.251+09:00 DEBUG 9676 --- [project] [main] org.hibernate.type.BasicTypeRegistry     : Adding type registration url -> org.hibernate.type.BasicTypeReference@33d28f0a
2025-02-02T12:54:00.253+09:00 DEBUG 9676 --- [project] [main] org.hibernate.type.BasicTypeRegistry     : Adding type registration java.net.URL -> org.hibernate.type.BasicTypeReference@33d28f0a
2025-02-02T12:54:00.253+09:00 DEBUG 9676 --- [project] [main] org.hibernate.type.BasicTypeRegistry     : Adding type registration vector -> org.hibernate.type.BasicTypeReference@48d739f
2025-02-02T12:54:00.254+09:00 DEBUG 9676 --- [project] [main] org.hibernate.type.BasicTypeRegistry     : Adding type registration float_vector -> org.hibernate.type.BasicTypeReference@51e7589f
2025-02-02T12:54:00.255+09:00 DEBUG 9676 --- [project] [main] org.hibernate.type.BasicTypeRegistry     : Adding type registration double_vector -> org.hibernate.type.BasicTypeReference@65cc5252
2025-02-02T12:54:00.257+09:00 DEBUG 9676 --- [project] [main] org.hibernate.type.BasicTypeRegistry     : Adding type registration byte_vector -> org.hibernate.type.BasicTypeReference@42c12b3e
2025-02-02T12:54:00.258+09:00 DEBUG 9676 --- [project] [main] org.hibernate.type.BasicTypeRegistry     : Adding type registration row_version -> org.hibernate.type.BasicTypeReference@2dbfa972
2025-02-02T12:54:00.291+09:00 DEBUG 9676 --- [project] [main] org.hibernate.type.BasicTypeRegistry     : Adding type registration object -> org.hibernate.type.JavaObjectType@43d76a92
2025-02-02T12:54:00.292+09:00 DEBUG 9676 --- [project] [main] org.hibernate.type.BasicTypeRegistry     : Adding type registration java.lang.Object -> org.hibernate.type.JavaObjectType@43d76a92
2025-02-02T12:54:00.297+09:00 DEBUG 9676 --- [project] [main] org.hibernate.type.BasicTypeRegistry     : Adding type registration null -> org.hibernate.type.NullType@6b1321b7
2025-02-02T12:54:00.298+09:00 DEBUG 9676 --- [project] [main] org.hibernate.type.BasicTypeRegistry     : Adding type registration imm_date -> org.hibernate.type.BasicTypeReference@342ee097
2025-02-02T12:54:00.299+09:00 DEBUG 9676 --- [project] [main] org.hibernate.type.BasicTypeRegistry     : Adding type registration imm_time -> org.hibernate.type.BasicTypeReference@6ac45c0c
2025-02-02T12:54:00.300+09:00 DEBUG 9676 --- [project] [main] org.hibernate.type.BasicTypeRegistry     : Adding type registration imm_timestamp -> org.hibernate.type.BasicTypeReference@12192604
2025-02-02T12:54:00.301+09:00 DEBUG 9676 --- [project] [main] org.hibernate.type.BasicTypeRegistry     : Adding type registration imm_calendar -> org.hibernate.type.BasicTypeReference@6075b369
2025-02-02T12:54:00.302+09:00 DEBUG 9676 --- [project] [main] org.hibernate.type.BasicTypeRegistry     : Adding type registration imm_calendar_date -> org.hibernate.type.BasicTypeReference@231cdda8
2025-02-02T12:54:00.303+09:00 DEBUG 9676 --- [project] [main] org.hibernate.type.BasicTypeRegistry     : Adding type registration imm_calendar_time -> org.hibernate.type.BasicTypeReference@6b70d1fb
2025-02-02T12:54:00.303+09:00 DEBUG 9676 --- [project] [main] org.hibernate.type.BasicTypeRegistry     : Adding type registration imm_binary -> org.hibernate.type.BasicTypeReference@3002e397
2025-02-02T12:54:00.304+09:00 DEBUG 9676 --- [project] [main] org.hibernate.type.BasicTypeRegistry     : Adding type registration imm_serializable -> org.hibernate.type.BasicTypeReference@7da1e005
2025-02-02T12:54:01.927+09:00  INFO 9676 --- [project] [main] o.s.o.j.p.SpringPersistenceUnitInfo      : No LoadTimeWeaver setup: ignoring JPA class transformer
2025-02-02T12:54:02.146+09:00  INFO 9676 --- [project] [main] com.zaxxer.hikari.HikariDataSource       : HikariPool-1 - Starting...
2025-02-02T12:54:03.557+09:00  INFO 9676 --- [project] [main] com.zaxxer.hikari.pool.HikariPool        : HikariPool-1 - Added connection conn0: url=jdbc:h2:mem:test user=SA
2025-02-02T12:54:03.571+09:00  INFO 9676 --- [project] [main] com.zaxxer.hikari.HikariDataSource       : HikariPool-1 - Start completed.
2025-02-02T12:54:04.076+09:00  INFO 9676 --- [project] [main] org.hibernate.orm.connections.pooling    : HHH10001005: Database info:
	Database JDBC URL [Connecting through datasource 'HikariDataSource (HikariPool-1)']
	Database driver: undefined/unknown
	Database version: 2.3.232
	Autocommit mode: undefined/unknown
	Isolation level: undefined/unknown
	Minimum pool size: undefined/unknown
	Maximum pool size: undefined/unknown
2025-02-02T12:54:04.138+09:00 DEBUG 9676 --- [project] [main] o.h.t.d.jdbc.spi.JdbcTypeRegistry        : addDescriptor(NCharTypeDescriptor) replaced previous registration(CharTypeDescriptor)
2025-02-02T12:54:04.138+09:00 DEBUG 9676 --- [project] [main] o.h.t.d.jdbc.spi.JdbcTypeRegistry        : addDescriptor(NVarcharTypeDescriptor) replaced previous registration(VarcharTypeDescriptor)
2025-02-02T12:54:04.141+09:00 DEBUG 9676 --- [project] [main] o.h.t.d.jdbc.spi.JdbcTypeRegistry        : addDescriptor(LongNVarcharTypeDescriptor) replaced previous registration(LongVarcharTypeDescriptor)
2025-02-02T12:54:04.162+09:00 DEBUG 9676 --- [project] [main] o.h.t.d.jdbc.spi.JdbcTypeRegistry        : addDescriptor(NClobTypeDescriptor(DEFAULT)) replaced previous registration(ClobTypeDescriptor(DEFAULT))
2025-02-02T12:54:04.170+09:00 DEBUG 9676 --- [project] [main] o.h.t.d.jdbc.spi.JdbcTypeRegistry        : addDescriptor(TimestampUtcDescriptor) replaced previous registration(TimestampUtcDescriptor)
2025-02-02T12:54:04.202+09:00 DEBUG 9676 --- [project] [main] org.hibernate.type.BasicTypeRegistry     : Adding type registration org.hibernate.type.DurationType -> basicType@1(java.time.Duration,3015)
2025-02-02T12:54:04.203+09:00 DEBUG 9676 --- [project] [main] org.hibernate.type.BasicTypeRegistry     : Adding type registration Duration -> basicType@1(java.time.Duration,3015)
2025-02-02T12:54:04.203+09:00 DEBUG 9676 --- [project] [main] org.hibernate.type.BasicTypeRegistry     : Adding type registration java.time.Duration -> basicType@1(java.time.Duration,3015)
2025-02-02T12:54:04.229+09:00 DEBUG 9676 --- [project] [main] o.h.type.spi.TypeConfiguration$Scope     : Scoping TypeConfiguration [org.hibernate.type.spi.TypeConfiguration@2a9e754e] to MetadataBuildingContext [org.hibernate.boot.internal.MetadataBuildingContextRootImpl@760a2b6e]
2025-02-02T12:54:09.954+09:00  INFO 9676 --- [project] [main] o.h.e.t.j.p.i.JtaPlatformInitiator       : HHH000489: No JTA platform available (set 'hibernate.transaction.jta.platform' to enable JTA platform integration)
2025-02-02T12:54:09.957+09:00 DEBUG 9676 --- [project] [main] o.h.type.spi.TypeConfiguration$Scope     : Scoping TypeConfiguration [org.hibernate.type.spi.TypeConfiguration@2a9e754e] to SessionFactoryImplementor [org.hibernate.internal.SessionFactoryImpl@3f838072]
2025-02-02T12:54:10.172+09:00 TRACE 9676 --- [project] [main] o.h.type.spi.TypeConfiguration$Scope     : Handling #sessionFactoryCreated from [org.hibernate.internal.SessionFactoryImpl@3f838072] for TypeConfiguration
2025-02-02T12:54:10.173+09:00  INFO 9676 --- [project] [main] j.LocalContainerEntityManagerFactoryBean : Initialized JPA EntityManagerFactory for persistence unit 'default'
2025-02-02T12:54:12.897+09:00  WARN 9676 --- [project] [main] .s.s.UserDetailsServiceAutoConfiguration : 

Using generated security password: 2a046657-a7a1-4477-bed7-dfbb89091c44

This generated password is for development use only. Your security configuration must be updated before running your application in production.

2025-02-02T12:54:12.986+09:00  INFO 9676 --- [project] [main] r$InitializeUserDetailsManagerConfigurer : Global AuthenticationManager configured with UserDetailsService bean with name inMemoryUserDetailsManager
2025-02-02T12:54:16.057+09:00  INFO 9676 --- [project] [main] o.s.b.a.h2.H2ConsoleAutoConfiguration    : H2 console available at '/h2-console'. Database available at 'jdbc:h2:mem:test'
2025-02-02T12:54:16.549+09:00  INFO 9676 --- [project] [main] o.s.b.w.embedded.tomcat.TomcatWebServer  : Tomcat started on port 8080 (http) with context path '/'
2025-02-02T12:54:16.580+09:00  INFO 9676 --- [project] [main] com.example.project.ProjectApplication   : Started ProjectApplication in 29.55 seconds (process running for 31.546)
2025-02-02T12:54:22.503+09:00  INFO 9676 --- [project] [http-nio-8080-exec-1] o.a.c.c.C.[Tomcat].[localhost].[/]       : Initializing Spring DispatcherServlet 'dispatcherServlet'
2025-02-02T12:54:22.504+09:00  INFO 9676 --- [project] [http-nio-8080-exec-1] o.s.web.servlet.DispatcherServlet        : Initializing Servlet 'dispatcherServlet'
2025-02-02T12:54:22.511+09:00  INFO 9676 --- [project] [http-nio-8080-exec-1] o.s.web.servlet.DispatcherServlet        : Completed initialization in 5 ms
2025-02-02T14:09:50.051+09:00  INFO 10920 --- [project] [main] com.example.project.ProjectApplication   : Starting ProjectApplication using Java 21.0.5 with PID 10920 (C:\AI\javaProject\develope\project\build\classes\java\main started by nsy71 in C:\AI\javaProject\develope\project)
2025-02-02T14:09:50.061+09:00  INFO 10920 --- [project] [main] com.example.project.ProjectApplication   : The following 2 profiles are active: "secret", "dev"
2025-02-02T14:09:53.598+09:00  INFO 10920 --- [project] [main] .s.d.r.c.RepositoryConfigurationDelegate : Bootstrapping Spring Data JPA repositories in DEFAULT mode.
2025-02-02T14:09:53.919+09:00  INFO 10920 --- [project] [main] .s.d.r.c.RepositoryConfigurationDelegate : Finished Spring Data repository scanning in 280 ms. Found 1 JPA repository interface.
2025-02-02T14:09:56.627+09:00  INFO 10920 --- [project] [main] o.s.b.w.embedded.tomcat.TomcatWebServer  : Tomcat initialized with port 8080 (http)
2025-02-02T14:09:56.694+09:00  INFO 10920 --- [project] [main] o.apache.catalina.core.StandardService   : Starting service [Tomcat]
2025-02-02T14:09:56.696+09:00  INFO 10920 --- [project] [main] o.apache.catalina.core.StandardEngine    : Starting Servlet engine: [Apache Tomcat/10.1.34]
2025-02-02T14:09:56.995+09:00  INFO 10920 --- [project] [main] o.a.c.c.C.[Tomcat].[localhost].[/]       : Initializing Spring embedded WebApplicationContext
2025-02-02T14:09:56.997+09:00  INFO 10920 --- [project] [main] w.s.c.ServletWebServerApplicationContext : Root WebApplicationContext: initialization completed in 6702 ms
2025-02-02T14:09:58.476+09:00  INFO 10920 --- [project] [main] o.hibernate.jpa.internal.util.LogHelper  : HHH000204: Processing PersistenceUnitInfo [name: default]
2025-02-02T14:09:58.887+09:00  INFO 10920 --- [project] [main] org.hibernate.Version                    : HHH000412: Hibernate ORM core version 6.6.5.Final
2025-02-02T14:09:59.148+09:00  INFO 10920 --- [project] [main] o.h.c.internal.RegionFactoryInitiator    : HHH000026: Second-level cache disabled
2025-02-02T14:09:59.726+09:00 DEBUG 10920 --- [project] [main] org.hibernate.type.BasicTypeRegistry     : Adding type registration boolean -> org.hibernate.type.BasicTypeReference@8b13d91
2025-02-02T14:09:59.728+09:00 DEBUG 10920 --- [project] [main] org.hibernate.type.BasicTypeRegistry     : Adding type registration boolean -> org.hibernate.type.BasicTypeReference@8b13d91
2025-02-02T14:09:59.729+09:00 DEBUG 10920 --- [project] [main] org.hibernate.type.BasicTypeRegistry     : Adding type registration java.lang.Boolean -> org.hibernate.type.BasicTypeReference@8b13d91
2025-02-02T14:09:59.731+09:00 DEBUG 10920 --- [project] [main] org.hibernate.type.BasicTypeRegistry     : Adding type registration numeric_boolean -> org.hibernate.type.BasicTypeReference@285a4fe3
2025-02-02T14:09:59.732+09:00 DEBUG 10920 --- [project] [main] org.hibernate.type.BasicTypeRegistry     : Adding type registration org.hibernate.type.NumericBooleanConverter -> org.hibernate.type.BasicTypeReference@285a4fe3
2025-02-02T14:09:59.733+09:00 DEBUG 10920 --- [project] [main] org.hibernate.type.BasicTypeRegistry     : Adding type registration true_false -> org.hibernate.type.BasicTypeReference@2589d787
2025-02-02T14:09:59.734+09:00 DEBUG 10920 --- [project] [main] org.hibernate.type.BasicTypeRegistry     : Adding type registration org.hibernate.type.TrueFalseConverter -> org.hibernate.type.BasicTypeReference@2589d787
2025-02-02T14:09:59.735+09:00 DEBUG 10920 --- [project] [main] org.hibernate.type.BasicTypeRegistry     : Adding type registration yes_no -> org.hibernate.type.BasicTypeReference@1788cb61
2025-02-02T14:09:59.736+09:00 DEBUG 10920 --- [project] [main] org.hibernate.type.BasicTypeRegistry     : Adding type registration org.hibernate.type.YesNoConverter -> org.hibernate.type.BasicTypeReference@1788cb61
2025-02-02T14:09:59.737+09:00 DEBUG 10920 --- [project] [main] org.hibernate.type.BasicTypeRegistry     : Adding type registration byte -> org.hibernate.type.BasicTypeReference@16d431b4
2025-02-02T14:09:59.739+09:00 DEBUG 10920 --- [project] [main] org.hibernate.type.BasicTypeRegistry     : Adding type registration byte -> org.hibernate.type.BasicTypeReference@16d431b4
2025-02-02T14:09:59.740+09:00 DEBUG 10920 --- [project] [main] org.hibernate.type.BasicTypeRegistry     : Adding type registration java.lang.Byte -> org.hibernate.type.BasicTypeReference@16d431b4
2025-02-02T14:09:59.741+09:00 DEBUG 10920 --- [project] [main] org.hibernate.type.BasicTypeRegistry     : Adding type registration binary -> org.hibernate.type.BasicTypeReference@6c0b51da
2025-02-02T14:09:59.743+09:00 DEBUG 10920 --- [project] [main] org.hibernate.type.BasicTypeRegistry     : Adding type registration byte[] -> org.hibernate.type.BasicTypeReference@6c0b51da
2025-02-02T14:09:59.744+09:00 DEBUG 10920 --- [project] [main] org.hibernate.type.BasicTypeRegistry     : Adding type registration [B -> org.hibernate.type.BasicTypeReference@6c0b51da
2025-02-02T14:09:59.745+09:00 DEBUG 10920 --- [project] [main] org.hibernate.type.BasicTypeRegistry     : Adding type registration binary_wrapper -> org.hibernate.type.BasicTypeReference@7558633
2025-02-02T14:09:59.746+09:00 DEBUG 10920 --- [project] [main] org.hibernate.type.BasicTypeRegistry     : Adding type registration wrapper-binary -> org.hibernate.type.BasicTypeReference@7558633
2025-02-02T14:09:59.748+09:00 DEBUG 10920 --- [project] [main] org.hibernate.type.BasicTypeRegistry     : Adding type registration image -> org.hibernate.type.BasicTypeReference@5657967b
2025-02-02T14:09:59.750+09:00 DEBUG 10920 --- [project] [main] org.hibernate.type.BasicTypeRegistry     : Adding type registration blob -> org.hibernate.type.BasicTypeReference@61394494
2025-02-02T14:09:59.751+09:00 DEBUG 10920 --- [project] [main] org.hibernate.type.BasicTypeRegistry     : Adding type registration java.sql.Blob -> org.hibernate.type.BasicTypeReference@61394494
2025-02-02T14:09:59.751+09:00 DEBUG 10920 --- [project] [main] org.hibernate.type.BasicTypeRegistry     : Adding type registration materialized_blob -> org.hibernate.type.BasicTypeReference@578a5ce8
2025-02-02T14:09:59.752+09:00 DEBUG 10920 --- [project] [main] org.hibernate.type.BasicTypeRegistry     : Adding type registration materialized_blob_wrapper -> org.hibernate.type.BasicTypeReference@7c453c34
2025-02-02T14:09:59.753+09:00 DEBUG 10920 --- [project] [main] org.hibernate.type.BasicTypeRegistry     : Adding type registration short -> org.hibernate.type.BasicTypeReference@16cb9989
2025-02-02T14:09:59.754+09:00 DEBUG 10920 --- [project] [main] org.hibernate.type.BasicTypeRegistry     : Adding type registration short -> org.hibernate.type.BasicTypeReference@16cb9989
2025-02-02T14:09:59.755+09:00 DEBUG 10920 --- [project] [main] org.hibernate.type.BasicTypeRegistry     : Adding type registration java.lang.Short -> org.hibernate.type.BasicTypeReference@16cb9989
2025-02-02T14:09:59.756+09:00 DEBUG 10920 --- [project] [main] org.hibernate.type.BasicTypeRegistry     : Adding type registration integer -> org.hibernate.type.BasicTypeReference@3dfd6220
2025-02-02T14:09:59.757+09:00 DEBUG 10920 --- [project] [main] org.hibernate.type.BasicTypeRegistry     : Adding type registration int -> org.hibernate.type.BasicTypeReference@3dfd6220
2025-02-02T14:09:59.758+09:00 DEBUG 10920 --- [project] [main] org.hibernate.type.BasicTypeRegistry     : Adding type registration java.lang.Integer -> org.hibernate.type.BasicTypeReference@3dfd6220
2025-02-02T14:09:59.759+09:00 DEBUG 10920 --- [project] [main] org.hibernate.type.BasicTypeRegistry     : Adding type registration long -> org.hibernate.type.BasicTypeReference@3815146b
2025-02-02T14:09:59.760+09:00 DEBUG 10920 --- [project] [main] org.hibernate.type.BasicTypeRegistry     : Adding type registration long -> org.hibernate.type.BasicTypeReference@3815146b
2025-02-02T14:09:59.762+09:00 DEBUG 10920 --- [project] [main] org.hibernate.type.BasicTypeRegistry     : Adding type registration java.lang.Long -> org.hibernate.type.BasicTypeReference@3815146b
2025-02-02T14:09:59.764+09:00 DEBUG 10920 --- [project] [main] org.hibernate.type.BasicTypeRegistry     : Adding type registration float -> org.hibernate.type.BasicTypeReference@6de43bc1
2025-02-02T14:09:59.765+09:00 DEBUG 10920 --- [project] [main] org.hibernate.type.BasicTypeRegistry     : Adding type registration float -> org.hibernate.type.BasicTypeReference@6de43bc1
2025-02-02T14:09:59.766+09:00 DEBUG 10920 --- [project] [main] org.hibernate.type.BasicTypeRegistry     : Adding type registration java.lang.Float -> org.hibernate.type.BasicTypeReference@6de43bc1
2025-02-02T14:09:59.767+09:00 DEBUG 10920 --- [project] [main] org.hibernate.type.BasicTypeRegistry     : Adding type registration double -> org.hibernate.type.BasicTypeReference@27a9f025
2025-02-02T14:09:59.768+09:00 DEBUG 10920 --- [project] [main] org.hibernate.type.BasicTypeRegistry     : Adding type registration double -> org.hibernate.type.BasicTypeReference@27a9f025
2025-02-02T14:09:59.769+09:00 DEBUG 10920 --- [project] [main] org.hibernate.type.BasicTypeRegistry     : Adding type registration java.lang.Double -> org.hibernate.type.BasicTypeReference@27a9f025
2025-02-02T14:09:59.770+09:00 DEBUG 10920 --- [project] [main] org.hibernate.type.BasicTypeRegistry     : Adding type registration big_integer -> org.hibernate.type.BasicTypeReference@71936a92
2025-02-02T14:09:59.771+09:00 DEBUG 10920 --- [project] [main] org.hibernate.type.BasicTypeRegistry     : Adding type registration java.math.BigInteger -> org.hibernate.type.BasicTypeReference@71936a92
2025-02-02T14:09:59.772+09:00 DEBUG 10920 --- [project] [main] org.hibernate.type.BasicTypeRegistry     : Adding type registration big_decimal -> org.hibernate.type.BasicTypeReference@61359e87
2025-02-02T14:09:59.773+09:00 DEBUG 10920 --- [project] [main] org.hibernate.type.BasicTypeRegistry     : Adding type registration java.math.BigDecimal -> org.hibernate.type.BasicTypeReference@61359e87
2025-02-02T14:09:59.774+09:00 DEBUG 10920 --- [project] [main] org.hibernate.type.BasicTypeRegistry     : Adding type registration character -> org.hibernate.type.BasicTypeReference@2dc39b53
2025-02-02T14:09:59.775+09:00 DEBUG 10920 --- [project] [main] org.hibernate.type.BasicTypeRegistry     : Adding type registration char -> org.hibernate.type.BasicTypeReference@2dc39b53
2025-02-02T14:09:59.776+09:00 DEBUG 10920 --- [project] [main] org.hibernate.type.BasicTypeRegistry     : Adding type registration java.lang.Character -> org.hibernate.type.BasicTypeReference@2dc39b53
2025-02-02T14:09:59.778+09:00 DEBUG 10920 --- [project] [main] org.hibernate.type.BasicTypeRegistry     : Adding type registration character_nchar -> org.hibernate.type.BasicTypeReference@45037e16
2025-02-02T14:09:59.779+09:00 DEBUG 10920 --- [project] [main] org.hibernate.type.BasicTypeRegistry     : Adding type registration string -> org.hibernate.type.BasicTypeReference@2f2e4bde
2025-02-02T14:09:59.780+09:00 DEBUG 10920 --- [project] [main] org.hibernate.type.BasicTypeRegistry     : Adding type registration java.lang.String -> org.hibernate.type.BasicTypeReference@2f2e4bde
2025-02-02T14:09:59.782+09:00 DEBUG 10920 --- [project] [main] org.hibernate.type.BasicTypeRegistry     : Adding type registration nstring -> org.hibernate.type.BasicTypeReference@6222391a
2025-02-02T14:09:59.783+09:00 DEBUG 10920 --- [project] [main] org.hibernate.type.BasicTypeRegistry     : Adding type registration characters -> org.hibernate.type.BasicTypeReference@538a2f0e
2025-02-02T14:09:59.784+09:00 DEBUG 10920 --- [project] [main] org.hibernate.type.BasicTypeRegistry     : Adding type registration char[] -> org.hibernate.type.BasicTypeReference@538a2f0e
2025-02-02T14:09:59.785+09:00 DEBUG 10920 --- [project] [main] org.hibernate.type.BasicTypeRegistry     : Adding type registration [C -> org.hibernate.type.BasicTypeReference@538a2f0e
2025-02-02T14:09:59.786+09:00 DEBUG 10920 --- [project] [main] org.hibernate.type.BasicTypeRegistry     : Adding type registration wrapper-characters -> org.hibernate.type.BasicTypeReference@d2708a7
2025-02-02T14:09:59.787+09:00 DEBUG 10920 --- [project] [main] org.hibernate.type.BasicTypeRegistry     : Adding type registration text -> org.hibernate.type.BasicTypeReference@508ad266
2025-02-02T14:09:59.789+09:00 DEBUG 10920 --- [project] [main] org.hibernate.type.BasicTypeRegistry     : Adding type registration ntext -> org.hibernate.type.BasicTypeReference@2313db84
2025-02-02T14:09:59.790+09:00 DEBUG 10920 --- [project] [main] org.hibernate.type.BasicTypeRegistry     : Adding type registration clob -> org.hibernate.type.BasicTypeReference@216372b7
2025-02-02T14:09:59.791+09:00 DEBUG 10920 --- [project] [main] org.hibernate.type.BasicTypeRegistry     : Adding type registration java.sql.Clob -> org.hibernate.type.BasicTypeReference@216372b7
2025-02-02T14:09:59.791+09:00 DEBUG 10920 --- [project] [main] org.hibernate.type.BasicTypeRegistry     : Adding type registration nclob -> org.hibernate.type.BasicTypeReference@14b4340c
2025-02-02T14:09:59.792+09:00 DEBUG 10920 --- [project] [main] org.hibernate.type.BasicTypeRegistry     : Adding type registration java.sql.NClob -> org.hibernate.type.BasicTypeReference@14b4340c
2025-02-02T14:09:59.793+09:00 DEBUG 10920 --- [project] [main] org.hibernate.type.BasicTypeRegistry     : Adding type registration materialized_clob -> org.hibernate.type.BasicTypeReference@12abcd1e
2025-02-02T14:09:59.794+09:00 DEBUG 10920 --- [project] [main] org.hibernate.type.BasicTypeRegistry     : Adding type registration materialized_clob_char_array -> org.hibernate.type.BasicTypeReference@2fd9fb34
2025-02-02T14:09:59.795+09:00 DEBUG 10920 --- [project] [main] org.hibernate.type.BasicTypeRegistry     : Adding type registration materialized_clob_character_array -> org.hibernate.type.BasicTypeReference@1595d2b2
2025-02-02T14:09:59.796+09:00 DEBUG 10920 --- [project] [main] org.hibernate.type.BasicTypeRegistry     : Adding type registration materialized_nclob -> org.hibernate.type.BasicTypeReference@20349058
2025-02-02T14:09:59.798+09:00 DEBUG 10920 --- [project] [main] org.hibernate.type.BasicTypeRegistry     : Adding type registration materialized_nclob_character_array -> org.hibernate.type.BasicTypeReference@6cbb7a7d
2025-02-02T14:09:59.799+09:00 DEBUG 10920 --- [project] [main] org.hibernate.type.BasicTypeRegistry     : Adding type registration materialized_nclob_char_array -> org.hibernate.type.BasicTypeReference@cdb3c85
2025-02-02T14:09:59.800+09:00 DEBUG 10920 --- [project] [main] org.hibernate.type.BasicTypeRegistry     : Adding type registration Duration -> org.hibernate.type.BasicTypeReference@37606fee
2025-02-02T14:09:59.802+09:00 DEBUG 10920 --- [project] [main] org.hibernate.type.BasicTypeRegistry     : Adding type registration java.time.Duration -> org.hibernate.type.BasicTypeReference@37606fee
2025-02-02T14:09:59.804+09:00 DEBUG 10920 --- [project] [main] org.hibernate.type.BasicTypeRegistry     : Adding type registration LocalDateTime -> org.hibernate.type.BasicTypeReference@33d28f0a
2025-02-02T14:09:59.805+09:00 DEBUG 10920 --- [project] [main] org.hibernate.type.BasicTypeRegistry     : Adding type registration java.time.LocalDateTime -> org.hibernate.type.BasicTypeReference@33d28f0a
2025-02-02T14:09:59.807+09:00 DEBUG 10920 --- [project] [main] org.hibernate.type.BasicTypeRegistry     : Adding type registration LocalDate -> org.hibernate.type.BasicTypeReference@48d739f
2025-02-02T14:09:59.813+09:00 DEBUG 10920 --- [project] [main] org.hibernate.type.BasicTypeRegistry     : Adding type registration java.time.LocalDate -> org.hibernate.type.BasicTypeReference@48d739f
2025-02-02T14:09:59.814+09:00 DEBUG 10920 --- [project] [main] org.hibernate.type.BasicTypeRegistry     : Adding type registration LocalTime -> org.hibernate.type.BasicTypeReference@51e7589f
2025-02-02T14:09:59.815+09:00 DEBUG 10920 --- [project] [main] org.hibernate.type.BasicTypeRegistry     : Adding type registration java.time.LocalTime -> org.hibernate.type.BasicTypeReference@51e7589f
2025-02-02T14:09:59.817+09:00 DEBUG 10920 --- [project] [main] org.hibernate.type.BasicTypeRegistry     : Adding type registration OffsetDateTime -> org.hibernate.type.BasicTypeReference@65cc5252
2025-02-02T14:09:59.819+09:00 DEBUG 10920 --- [project] [main] org.hibernate.type.BasicTypeRegistry     : Adding type registration java.time.OffsetDateTime -> org.hibernate.type.BasicTypeReference@65cc5252
2025-02-02T14:09:59.820+09:00 DEBUG 10920 --- [project] [main] org.hibernate.type.BasicTypeRegistry     : Adding type registration OffsetDateTimeWithTimezone -> org.hibernate.type.BasicTypeReference@42c12b3e
2025-02-02T14:09:59.821+09:00 DEBUG 10920 --- [project] [main] org.hibernate.type.BasicTypeRegistry     : Adding type registration OffsetDateTimeWithoutTimezone -> org.hibernate.type.BasicTypeReference@2dbfa972
2025-02-02T14:09:59.823+09:00 DEBUG 10920 --- [project] [main] org.hibernate.type.BasicTypeRegistry     : Adding type registration OffsetTime -> org.hibernate.type.BasicTypeReference@46f73ffa
2025-02-02T14:09:59.825+09:00 DEBUG 10920 --- [project] [main] org.hibernate.type.BasicTypeRegistry     : Adding type registration java.time.OffsetTime -> org.hibernate.type.BasicTypeReference@46f73ffa
2025-02-02T14:09:59.826+09:00 DEBUG 10920 --- [project] [main] org.hibernate.type.BasicTypeRegistry     : Adding type registration OffsetTimeUtc -> org.hibernate.type.BasicTypeReference@41aebbb4
2025-02-02T14:09:59.827+09:00 DEBUG 10920 --- [project] [main] org.hibernate.type.BasicTypeRegistry     : Adding type registration OffsetTimeWithTimezone -> org.hibernate.type.BasicTypeReference@afde064
2025-02-02T14:09:59.828+09:00 DEBUG 10920 --- [project] [main] org.hibernate.type.BasicTypeRegistry     : Adding type registration OffsetTimeWithoutTimezone -> org.hibernate.type.BasicTypeReference@5a592c70
2025-02-02T14:09:59.831+09:00 DEBUG 10920 --- [project] [main] org.hibernate.type.BasicTypeRegistry     : Adding type registration ZonedDateTime -> org.hibernate.type.BasicTypeReference@252ec02e
2025-02-02T14:09:59.836+09:00 DEBUG 10920 --- [project] [main] org.hibernate.type.BasicTypeRegistry     : Adding type registration java.time.ZonedDateTime -> org.hibernate.type.BasicTypeReference@252ec02e
2025-02-02T14:09:59.838+09:00 DEBUG 10920 --- [project] [main] org.hibernate.type.BasicTypeRegistry     : Adding type registration ZonedDateTimeWithTimezone -> org.hibernate.type.BasicTypeReference@11e9ac24
2025-02-02T14:09:59.844+09:00 DEBUG 10920 --- [project] [main] org.hibernate.type.BasicTypeRegistry     : Adding type registration ZonedDateTimeWithoutTimezone -> org.hibernate.type.BasicTypeReference@74f280bd
2025-02-02T14:09:59.847+09:00 DEBUG 10920 --- [project] [main] org.hibernate.type.BasicTypeRegistry     : Adding type registration date -> org.hibernate.type.BasicTypeReference@675b18ff
2025-02-02T14:09:59.848+09:00 DEBUG 10920 --- [project] [main] org.hibernate.type.BasicTypeRegistry     : Adding type registration java.sql.Date -> org.hibernate.type.BasicTypeReference@675b18ff
2025-02-02T14:09:59.849+09:00 DEBUG 10920 --- [project] [main] org.hibernate.type.BasicTypeRegistry     : Adding type registration time -> org.hibernate.type.BasicTypeReference@34279b8a
2025-02-02T14:09:59.851+09:00 DEBUG 10920 --- [project] [main] org.hibernate.type.BasicTypeRegistry     : Adding type registration java.sql.Time -> org.hibernate.type.BasicTypeReference@34279b8a
2025-02-02T14:09:59.852+09:00 DEBUG 10920 --- [project] [main] org.hibernate.type.BasicTypeRegistry     : Adding type registration timestamp -> org.hibernate.type.BasicTypeReference@687389a6
2025-02-02T14:09:59.852+09:00 DEBUG 10920 --- [project] [main] org.hibernate.type.BasicTypeRegistry     : Adding type registration java.sql.Timestamp -> org.hibernate.type.BasicTypeReference@687389a6
2025-02-02T14:09:59.853+09:00 DEBUG 10920 --- [project] [main] org.hibernate.type.BasicTypeRegistry     : Adding type registration java.util.Date -> org.hibernate.type.BasicTypeReference@687389a6
2025-02-02T14:09:59.853+09:00 DEBUG 10920 --- [project] [main] org.hibernate.type.BasicTypeRegistry     : Adding type registration calendar -> org.hibernate.type.BasicTypeReference@8641b7d
2025-02-02T14:09:59.854+09:00 DEBUG 10920 --- [project] [main] org.hibernate.type.BasicTypeRegistry     : Adding type registration java.util.Calendar -> org.hibernate.type.BasicTypeReference@8641b7d
2025-02-02T14:09:59.857+09:00 DEBUG 10920 --- [project] [main] org.hibernate.type.BasicTypeRegistry     : Adding type registration java.util.GregorianCalendar -> org.hibernate.type.BasicTypeReference@8641b7d
2025-02-02T14:09:59.858+09:00 DEBUG 10920 --- [project] [main] org.hibernate.type.BasicTypeRegistry     : Adding type registration calendar_date -> org.hibernate.type.BasicTypeReference@37c7766e
2025-02-02T14:09:59.859+09:00 DEBUG 10920 --- [project] [main] org.hibernate.type.BasicTypeRegistry     : Adding type registration calendar_time -> org.hibernate.type.BasicTypeReference@3fb450d7
2025-02-02T14:09:59.860+09:00 DEBUG 10920 --- [project] [main] org.hibernate.type.BasicTypeRegistry     : Adding type registration instant -> org.hibernate.type.BasicTypeReference@4b7ed03e
2025-02-02T14:09:59.861+09:00 DEBUG 10920 --- [project] [main] org.hibernate.type.BasicTypeRegistry     : Adding type registration java.time.Instant -> org.hibernate.type.BasicTypeReference@4b7ed03e
2025-02-02T14:09:59.862+09:00 DEBUG 10920 --- [project] [main] org.hibernate.type.BasicTypeRegistry     : Adding type registration uuid -> org.hibernate.type.BasicTypeReference@636985df
2025-02-02T14:09:59.863+09:00 DEBUG 10920 --- [project] [main] org.hibernate.type.BasicTypeRegistry     : Adding type registration java.util.UUID -> org.hibernate.type.BasicTypeReference@636985df
2025-02-02T14:09:59.863+09:00 DEBUG 10920 --- [project] [main] org.hibernate.type.BasicTypeRegistry     : Adding type registration pg-uuid -> org.hibernate.type.BasicTypeReference@636985df
2025-02-02T14:09:59.864+09:00 DEBUG 10920 --- [project] [main] org.hibernate.type.BasicTypeRegistry     : Adding type registration uuid-binary -> org.hibernate.type.BasicTypeReference@6f91fbda
2025-02-02T14:09:59.865+09:00 DEBUG 10920 --- [project] [main] org.hibernate.type.BasicTypeRegistry     : Adding type registration uuid-char -> org.hibernate.type.BasicTypeReference@723e3c17
2025-02-02T14:09:59.866+09:00 DEBUG 10920 --- [project] [main] org.hibernate.type.BasicTypeRegistry     : Adding type registration class -> org.hibernate.type.BasicTypeReference@4ffced4e
2025-02-02T14:09:59.868+09:00 DEBUG 10920 --- [project] [main] org.hibernate.type.BasicTypeRegistry     : Adding type registration java.lang.Class -> org.hibernate.type.BasicTypeReference@4ffced4e
2025-02-02T14:09:59.869+09:00 DEBUG 10920 --- [project] [main] org.hibernate.type.BasicTypeRegistry     : Adding type registration currency -> org.hibernate.type.BasicTypeReference@6094de13
2025-02-02T14:09:59.870+09:00 DEBUG 10920 --- [project] [main] org.hibernate.type.BasicTypeRegistry     : Adding type registration Currency -> org.hibernate.type.BasicTypeReference@6094de13
2025-02-02T14:09:59.870+09:00 DEBUG 10920 --- [project] [main] org.hibernate.type.BasicTypeRegistry     : Adding type registration java.util.Currency -> org.hibernate.type.BasicTypeReference@6094de13
2025-02-02T14:09:59.873+09:00 DEBUG 10920 --- [project] [main] org.hibernate.type.BasicTypeRegistry     : Adding type registration locale -> org.hibernate.type.BasicTypeReference@bbb6f0
2025-02-02T14:09:59.875+09:00 DEBUG 10920 --- [project] [main] org.hibernate.type.BasicTypeRegistry     : Adding type registration java.util.Locale -> org.hibernate.type.BasicTypeReference@bbb6f0
2025-02-02T14:09:59.876+09:00 DEBUG 10920 --- [project] [main] org.hibernate.type.BasicTypeRegistry     : Adding type registration serializable -> org.hibernate.type.BasicTypeReference@3e6ec74
2025-02-02T14:09:59.877+09:00 DEBUG 10920 --- [project] [main] org.hibernate.type.BasicTypeRegistry     : Adding type registration java.io.Serializable -> org.hibernate.type.BasicTypeReference@3e6ec74
2025-02-02T14:09:59.878+09:00 DEBUG 10920 --- [project] [main] org.hibernate.type.BasicTypeRegistry     : Adding type registration timezone -> org.hibernate.type.BasicTypeReference@2bd8f7db
2025-02-02T14:09:59.879+09:00 DEBUG 10920 --- [project] [main] org.hibernate.type.BasicTypeRegistry     : Adding type registration java.util.TimeZone -> org.hibernate.type.BasicTypeReference@2bd8f7db
2025-02-02T14:09:59.881+09:00 DEBUG 10920 --- [project] [main] org.hibernate.type.BasicTypeRegistry     : Adding type registration ZoneOffset -> org.hibernate.type.BasicTypeReference@6d7ad0f5
2025-02-02T14:09:59.885+09:00 DEBUG 10920 --- [project] [main] org.hibernate.type.BasicTypeRegistry     : Adding type registration java.time.ZoneOffset -> org.hibernate.type.BasicTypeReference@6d7ad0f5
2025-02-02T14:09:59.888+09:00 DEBUG 10920 --- [project] [main] org.hibernate.type.BasicTypeRegistry     : Adding type registration url -> org.hibernate.type.BasicTypeReference@30abf79c
2025-02-02T14:09:59.890+09:00 DEBUG 10920 --- [project] [main] org.hibernate.type.BasicTypeRegistry     : Adding type registration java.net.URL -> org.hibernate.type.BasicTypeReference@30abf79c
2025-02-02T14:09:59.891+09:00 DEBUG 10920 --- [project] [main] org.hibernate.type.BasicTypeRegistry     : Adding type registration vector -> org.hibernate.type.BasicTypeReference@49a38b1
2025-02-02T14:09:59.891+09:00 DEBUG 10920 --- [project] [main] org.hibernate.type.BasicTypeRegistry     : Adding type registration float_vector -> org.hibernate.type.BasicTypeReference@681061d6
2025-02-02T14:09:59.892+09:00 DEBUG 10920 --- [project] [main] org.hibernate.type.BasicTypeRegistry     : Adding type registration double_vector -> org.hibernate.type.BasicTypeReference@53d6e959
2025-02-02T14:09:59.893+09:00 DEBUG 10920 --- [project] [main] org.hibernate.type.BasicTypeRegistry     : Adding type registration byte_vector -> org.hibernate.type.BasicTypeReference@3caee3a8
2025-02-02T14:09:59.894+09:00 DEBUG 10920 --- [project] [main] org.hibernate.type.BasicTypeRegistry     : Adding type registration row_version -> org.hibernate.type.BasicTypeReference@69a40b3c
2025-02-02T14:09:59.926+09:00 DEBUG 10920 --- [project] [main] org.hibernate.type.BasicTypeRegistry     : Adding type registration object -> org.hibernate.type.JavaObjectType@4eeab3e
2025-02-02T14:09:59.927+09:00 DEBUG 10920 --- [project] [main] org.hibernate.type.BasicTypeRegistry     : Adding type registration java.lang.Object -> org.hibernate.type.JavaObjectType@4eeab3e
2025-02-02T14:09:59.938+09:00 DEBUG 10920 --- [project] [main] org.hibernate.type.BasicTypeRegistry     : Adding type registration null -> org.hibernate.type.NullType@132e3594
2025-02-02T14:09:59.939+09:00 DEBUG 10920 --- [project] [main] org.hibernate.type.BasicTypeRegistry     : Adding type registration imm_date -> org.hibernate.type.BasicTypeReference@4f235107
2025-02-02T14:09:59.940+09:00 DEBUG 10920 --- [project] [main] org.hibernate.type.BasicTypeRegistry     : Adding type registration imm_time -> org.hibernate.type.BasicTypeReference@28d739f1
2025-02-02T14:09:59.941+09:00 DEBUG 10920 --- [project] [main] org.hibernate.type.BasicTypeRegistry     : Adding type registration imm_timestamp -> org.hibernate.type.BasicTypeReference@1c5d3a37
2025-02-02T14:09:59.942+09:00 DEBUG 10920 --- [project] [main] org.hibernate.type.BasicTypeRegistry     : Adding type registration imm_calendar -> org.hibernate.type.BasicTypeReference@7e3d2ebd
2025-02-02T14:09:59.942+09:00 DEBUG 10920 --- [project] [main] org.hibernate.type.BasicTypeRegistry     : Adding type registration imm_calendar_date -> org.hibernate.type.BasicTypeReference@2b43f314
2025-02-02T14:09:59.943+09:00 DEBUG 10920 --- [project] [main] org.hibernate.type.BasicTypeRegistry     : Adding type registration imm_calendar_time -> org.hibernate.type.BasicTypeReference@3a4a5f3c
2025-02-02T14:09:59.943+09:00 DEBUG 10920 --- [project] [main] org.hibernate.type.BasicTypeRegistry     : Adding type registration imm_binary -> org.hibernate.type.BasicTypeReference@4f3356c0
2025-02-02T14:09:59.944+09:00 DEBUG 10920 --- [project] [main] org.hibernate.type.BasicTypeRegistry     : Adding type registration imm_serializable -> org.hibernate.type.BasicTypeReference@586cc15d
2025-02-02T14:10:02.202+09:00  INFO 10920 --- [project] [main] o.s.o.j.p.SpringPersistenceUnitInfo      : No LoadTimeWeaver setup: ignoring JPA class transformer
2025-02-02T14:10:02.390+09:00  INFO 10920 --- [project] [main] com.zaxxer.hikari.HikariDataSource       : HikariPool-1 - Starting...
2025-02-02T14:10:03.442+09:00  INFO 10920 --- [project] [main] com.zaxxer.hikari.pool.HikariPool        : HikariPool-1 - Added connection conn0: url=jdbc:h2:mem:test user=SA
2025-02-02T14:10:03.453+09:00  INFO 10920 --- [project] [main] com.zaxxer.hikari.HikariDataSource       : HikariPool-1 - Start completed.
2025-02-02T14:10:03.789+09:00  INFO 10920 --- [project] [main] org.hibernate.orm.connections.pooling    : HHH10001005: Database info:
	Database JDBC URL [Connecting through datasource 'HikariDataSource (HikariPool-1)']
	Database driver: undefined/unknown
	Database version: 2.3.232
	Autocommit mode: undefined/unknown
	Isolation level: undefined/unknown
	Minimum pool size: undefined/unknown
	Maximum pool size: undefined/unknown
2025-02-02T14:10:03.838+09:00 DEBUG 10920 --- [project] [main] o.h.t.d.jdbc.spi.JdbcTypeRegistry        : addDescriptor(NCharTypeDescriptor) replaced previous registration(CharTypeDescriptor)
2025-02-02T14:10:03.839+09:00 DEBUG 10920 --- [project] [main] o.h.t.d.jdbc.spi.JdbcTypeRegistry        : addDescriptor(NVarcharTypeDescriptor) replaced previous registration(VarcharTypeDescriptor)
2025-02-02T14:10:03.841+09:00 DEBUG 10920 --- [project] [main] o.h.t.d.jdbc.spi.JdbcTypeRegistry        : addDescriptor(LongNVarcharTypeDescriptor) replaced previous registration(LongVarcharTypeDescriptor)
2025-02-02T14:10:03.858+09:00 DEBUG 10920 --- [project] [main] o.h.t.d.jdbc.spi.JdbcTypeRegistry        : addDescriptor(NClobTypeDescriptor(DEFAULT)) replaced previous registration(ClobTypeDescriptor(DEFAULT))
2025-02-02T14:10:03.866+09:00 DEBUG 10920 --- [project] [main] o.h.t.d.jdbc.spi.JdbcTypeRegistry        : addDescriptor(TimestampUtcDescriptor) replaced previous registration(TimestampUtcDescriptor)
2025-02-02T14:10:03.896+09:00 DEBUG 10920 --- [project] [main] org.hibernate.type.BasicTypeRegistry     : Adding type registration org.hibernate.type.DurationType -> basicType@1(java.time.Duration,3015)
2025-02-02T14:10:03.897+09:00 DEBUG 10920 --- [project] [main] org.hibernate.type.BasicTypeRegistry     : Adding type registration Duration -> basicType@1(java.time.Duration,3015)
2025-02-02T14:10:03.897+09:00 DEBUG 10920 --- [project] [main] org.hibernate.type.BasicTypeRegistry     : Adding type registration java.time.Duration -> basicType@1(java.time.Duration,3015)
2025-02-02T14:10:03.931+09:00 DEBUG 10920 --- [project] [main] o.h.type.spi.TypeConfiguration$Scope     : Scoping TypeConfiguration [org.hibernate.type.spi.TypeConfiguration@1530d0f2] to MetadataBuildingContext [org.hibernate.boot.internal.MetadataBuildingContextRootImpl@7573c7b5]
2025-02-02T14:10:09.044+09:00  INFO 10920 --- [project] [main] o.h.e.t.j.p.i.JtaPlatformInitiator       : HHH000489: No JTA platform available (set 'hibernate.transaction.jta.platform' to enable JTA platform integration)
2025-02-02T14:10:09.051+09:00 DEBUG 10920 --- [project] [main] o.h.type.spi.TypeConfiguration$Scope     : Scoping TypeConfiguration [org.hibernate.type.spi.TypeConfiguration@1530d0f2] to SessionFactoryImplementor [org.hibernate.internal.SessionFactoryImpl@4a10c019]
2025-02-02T14:10:09.318+09:00 TRACE 10920 --- [project] [main] o.h.type.spi.TypeConfiguration$Scope     : Handling #sessionFactoryCreated from [org.hibernate.internal.SessionFactoryImpl@4a10c019] for TypeConfiguration
2025-02-02T14:10:09.320+09:00  INFO 10920 --- [project] [main] j.LocalContainerEntityManagerFactoryBean : Initialized JPA EntityManagerFactory for persistence unit 'default'
2025-02-02T14:10:10.872+09:00  WARN 10920 --- [project] [main] ConfigServletWebServerApplicationContext : Exception encountered during context initialization - cancelling refresh attempt: org.springframework.beans.factory.UnsatisfiedDependencyException: Error creating bean with name 'apiV1MemberController' defined in file [C:\AI\javaProject\develope\project\build\classes\java\main\com\example\project\domain\member\controller\ApiV1MemberController.class]: Unsatisfied dependency expressed through constructor parameter 1: Error creating bean with name 'jwtProvider': Injection of autowired dependencies failed
2025-02-02T14:10:10.874+09:00  INFO 10920 --- [project] [main] j.LocalContainerEntityManagerFactoryBean : Closing JPA EntityManagerFactory for persistence unit 'default'
2025-02-02T14:10:10.878+09:00 TRACE 10920 --- [project] [main] o.h.type.spi.TypeConfiguration$Scope     : Handling #sessionFactoryClosed from [org.hibernate.internal.SessionFactoryImpl@4a10c019] for TypeConfiguration
2025-02-02T14:10:10.878+09:00 DEBUG 10920 --- [project] [main] o.h.type.spi.TypeConfiguration$Scope     : Un-scoping TypeConfiguration [org.hibernate.type.spi.TypeConfiguration$Scope@47d7e4b6] from SessionFactory [org.hibernate.internal.SessionFactoryImpl@4a10c019]
2025-02-02T14:10:10.886+09:00  INFO 10920 --- [project] [main] com.zaxxer.hikari.HikariDataSource       : HikariPool-1 - Shutdown initiated...
2025-02-02T14:10:10.898+09:00  INFO 10920 --- [project] [main] com.zaxxer.hikari.HikariDataSource       : HikariPool-1 - Shutdown completed.
2025-02-02T14:10:10.907+09:00  INFO 10920 --- [project] [main] o.apache.catalina.core.StandardService   : Stopping service [Tomcat]
2025-02-02T14:10:11.148+09:00  INFO 10920 --- [project] [main] .s.b.a.l.ConditionEvaluationReportLogger : 

Error starting ApplicationContext. To display the condition evaluation report re-run your application with 'debug' enabled.
2025-02-02T14:10:11.535+09:00 ERROR 10920 --- [project] [main] o.s.boot.SpringApplication               : Application run failed

org.springframework.beans.factory.UnsatisfiedDependencyException: Error creating bean with name 'apiV1MemberController' defined in file [C:\AI\javaProject\develope\project\build\classes\java\main\com\example\project\domain\member\controller\ApiV1MemberController.class]: Unsatisfied dependency expressed through constructor parameter 1: Error creating bean with name 'jwtProvider': Injection of autowired dependencies failed
	at org.springframework.beans.factory.support.ConstructorResolver.createArgumentArray(ConstructorResolver.java:804) ~[spring-beans-6.2.2.jar:6.2.2]
	at org.springframework.beans.factory.support.ConstructorResolver.autowireConstructor(ConstructorResolver.java:240) ~[spring-beans-6.2.2.jar:6.2.2]
	at org.springframework.beans.factory.support.AbstractAutowireCapableBeanFactory.autowireConstructor(AbstractAutowireCapableBeanFactory.java:1381) ~[spring-beans-6.2.2.jar:6.2.2]
	at org.springframework.beans.factory.support.AbstractAutowireCapableBeanFactory.createBeanInstance(AbstractAutowireCapableBeanFactory.java:1218) ~[spring-beans-6.2.2.jar:6.2.2]
	at org.springframework.beans.factory.support.AbstractAutowireCapableBeanFactory.doCreateBean(AbstractAutowireCapableBeanFactory.java:563) ~[spring-beans-6.2.2.jar:6.2.2]
	at org.springframework.beans.factory.support.AbstractAutowireCapableBeanFactory.createBean(AbstractAutowireCapableBeanFactory.java:523) ~[spring-beans-6.2.2.jar:6.2.2]
	at org.springframework.beans.factory.support.AbstractBeanFactory.lambda$doGetBean$0(AbstractBeanFactory.java:336) ~[spring-beans-6.2.2.jar:6.2.2]
	at org.springframework.beans.factory.support.DefaultSingletonBeanRegistry.getSingleton(DefaultSingletonBeanRegistry.java:307) ~[spring-beans-6.2.2.jar:6.2.2]
	at org.springframework.beans.factory.support.AbstractBeanFactory.doGetBean(AbstractBeanFactory.java:334) ~[spring-beans-6.2.2.jar:6.2.2]
	at org.springframework.beans.factory.support.AbstractBeanFactory.getBean(AbstractBeanFactory.java:199) ~[spring-beans-6.2.2.jar:6.2.2]
	at org.springframework.beans.factory.support.DefaultListableBeanFactory.instantiateSingleton(DefaultListableBeanFactory.java:1122) ~[spring-beans-6.2.2.jar:6.2.2]
	at org.springframework.beans.factory.support.DefaultListableBeanFactory.preInstantiateSingleton(DefaultListableBeanFactory.java:1093) ~[spring-beans-6.2.2.jar:6.2.2]
	at org.springframework.beans.factory.support.DefaultListableBeanFactory.preInstantiateSingletons(DefaultListableBeanFactory.java:1030) ~[spring-beans-6.2.2.jar:6.2.2]
	at org.springframework.context.support.AbstractApplicationContext.finishBeanFactoryInitialization(AbstractApplicationContext.java:987) ~[spring-context-6.2.2.jar:6.2.2]
	at org.springframework.context.support.AbstractApplicationContext.refresh(AbstractApplicationContext.java:627) ~[spring-context-6.2.2.jar:6.2.2]
	at org.springframework.boot.web.servlet.context.ServletWebServerApplicationContext.refresh(ServletWebServerApplicationContext.java:146) ~[spring-boot-3.4.2.jar:3.4.2]
	at org.springframework.boot.SpringApplication.refresh(SpringApplication.java:752) ~[spring-boot-3.4.2.jar:3.4.2]
	at org.springframework.boot.SpringApplication.refreshContext(SpringApplication.java:439) ~[spring-boot-3.4.2.jar:3.4.2]
	at org.springframework.boot.SpringApplication.run(SpringApplication.java:318) ~[spring-boot-3.4.2.jar:3.4.2]
	at org.springframework.boot.SpringApplication.run(SpringApplication.java:1361) ~[spring-boot-3.4.2.jar:3.4.2]
	at org.springframework.boot.SpringApplication.run(SpringApplication.java:1350) ~[spring-boot-3.4.2.jar:3.4.2]
	at com.example.project.ProjectApplication.main(ProjectApplication.java:10) ~[main/:na]
Caused by: org.springframework.beans.factory.BeanCreationException: Error creating bean with name 'jwtProvider': Injection of autowired dependencies failed
	at org.springframework.beans.factory.annotation.AutowiredAnnotationBeanPostProcessor.postProcessProperties(AutowiredAnnotationBeanPostProcessor.java:515) ~[spring-beans-6.2.2.jar:6.2.2]
	at org.springframework.beans.factory.support.AbstractAutowireCapableBeanFactory.populateBean(AbstractAutowireCapableBeanFactory.java:1445) ~[spring-beans-6.2.2.jar:6.2.2]
	at org.springframework.beans.factory.support.AbstractAutowireCapableBeanFactory.doCreateBean(AbstractAutowireCapableBeanFactory.java:600) ~[spring-beans-6.2.2.jar:6.2.2]
	at org.springframework.beans.factory.support.AbstractAutowireCapableBeanFactory.createBean(AbstractAutowireCapableBeanFactory.java:523) ~[spring-beans-6.2.2.jar:6.2.2]
	at org.springframework.beans.factory.support.AbstractBeanFactory.lambda$doGetBean$0(AbstractBeanFactory.java:336) ~[spring-beans-6.2.2.jar:6.2.2]
	at org.springframework.beans.factory.support.DefaultSingletonBeanRegistry.getSingleton(DefaultSingletonBeanRegistry.java:307) ~[spring-beans-6.2.2.jar:6.2.2]
	at org.springframework.beans.factory.support.AbstractBeanFactory.doGetBean(AbstractBeanFactory.java:334) ~[spring-beans-6.2.2.jar:6.2.2]
	at org.springframework.beans.factory.support.AbstractBeanFactory.getBean(AbstractBeanFactory.java:199) ~[spring-beans-6.2.2.jar:6.2.2]
	at org.springframework.beans.factory.support.DefaultListableBeanFactory.doResolveDependency(DefaultListableBeanFactory.java:1573) ~[spring-beans-6.2.2.jar:6.2.2]
	at org.springframework.beans.factory.support.DefaultListableBeanFactory.resolveDependency(DefaultListableBeanFactory.java:1519) ~[spring-beans-6.2.2.jar:6.2.2]
	at org.springframework.beans.factory.support.ConstructorResolver.resolveAutowiredArgument(ConstructorResolver.java:913) ~[spring-beans-6.2.2.jar:6.2.2]
	at org.springframework.beans.factory.support.ConstructorResolver.createArgumentArray(ConstructorResolver.java:791) ~[spring-beans-6.2.2.jar:6.2.2]
	... 21 common frames omitted
Caused by: org.springframework.util.PlaceholderResolutionException: Could not resolve placeholder 'spring.oauth2.jwt.secret-key' in value "${spring.oauth2.jwt.secret-key}"
	at org.springframework.util.PlaceholderResolutionException.withValue(PlaceholderResolutionException.java:81) ~[spring-core-6.2.2.jar:6.2.2]
	at org.springframework.util.PlaceholderParser$ParsedValue.resolve(PlaceholderParser.java:416) ~[spring-core-6.2.2.jar:6.2.2]
	at org.springframework.util.PlaceholderParser.replacePlaceholders(PlaceholderParser.java:128) ~[spring-core-6.2.2.jar:6.2.2]
	at org.springframework.util.PropertyPlaceholderHelper.parseStringValue(PropertyPlaceholderHelper.java:118) ~[spring-core-6.2.2.jar:6.2.2]
	at org.springframework.util.PropertyPlaceholderHelper.replacePlaceholders(PropertyPlaceholderHelper.java:114) ~[spring-core-6.2.2.jar:6.2.2]
	at org.springframework.core.env.AbstractPropertyResolver.doResolvePlaceholders(AbstractPropertyResolver.java:255) ~[spring-core-6.2.2.jar:6.2.2]
	at org.springframework.core.env.AbstractPropertyResolver.resolveRequiredPlaceholders(AbstractPropertyResolver.java:226) ~[spring-core-6.2.2.jar:6.2.2]
	at org.springframework.context.support.PropertySourcesPlaceholderConfigurer.lambda$processProperties$0(PropertySourcesPlaceholderConfigurer.java:201) ~[spring-context-6.2.2.jar:6.2.2]
	at org.springframework.beans.factory.support.AbstractBeanFactory.resolveEmbeddedValue(AbstractBeanFactory.java:963) ~[spring-beans-6.2.2.jar:6.2.2]
	at org.springframework.beans.factory.support.DefaultListableBeanFactory.doResolveDependency(DefaultListableBeanFactory.java:1541) ~[spring-beans-6.2.2.jar:6.2.2]
	at org.springframework.beans.factory.support.DefaultListableBeanFactory.resolveDependency(DefaultListableBeanFactory.java:1519) ~[spring-beans-6.2.2.jar:6.2.2]
	at org.springframework.beans.factory.annotation.AutowiredAnnotationBeanPostProcessor$AutowiredFieldElement.resolveFieldValue(AutowiredAnnotationBeanPostProcessor.java:785) ~[spring-beans-6.2.2.jar:6.2.2]
	at org.springframework.beans.factory.annotation.AutowiredAnnotationBeanPostProcessor$AutowiredFieldElement.inject(AutowiredAnnotationBeanPostProcessor.java:768) ~[spring-beans-6.2.2.jar:6.2.2]
	at org.springframework.beans.factory.annotation.InjectionMetadata.inject(InjectionMetadata.java:146) ~[spring-beans-6.2.2.jar:6.2.2]
	at org.springframework.beans.factory.annotation.AutowiredAnnotationBeanPostProcessor.postProcessProperties(AutowiredAnnotationBeanPostProcessor.java:509) ~[spring-beans-6.2.2.jar:6.2.2]
	... 32 common frames omitted

2025-02-02T14:20:11.169+09:00  INFO 13364 --- [project] [main] com.example.project.ProjectApplication   : Starting ProjectApplication using Java 21.0.5 with PID 13364 (C:\AI\javaProject\develope\project\out\production\classes started by nsy71 in C:\AI\javaProject\develope\project)
2025-02-02T14:20:11.194+09:00  INFO 13364 --- [project] [main] com.example.project.ProjectApplication   : The following 2 profiles are active: "secret", "dev"
2025-02-02T14:20:16.635+09:00  INFO 13364 --- [project] [main] .s.d.r.c.RepositoryConfigurationDelegate : Bootstrapping Spring Data JPA repositories in DEFAULT mode.
2025-02-02T14:20:17.251+09:00  INFO 13364 --- [project] [main] .s.d.r.c.RepositoryConfigurationDelegate : Finished Spring Data repository scanning in 533 ms. Found 1 JPA repository interface.
2025-02-02T14:20:21.558+09:00  INFO 13364 --- [project] [main] o.s.b.w.embedded.tomcat.TomcatWebServer  : Tomcat initialized with port 8080 (http)
2025-02-02T14:20:21.659+09:00  INFO 13364 --- [project] [main] o.apache.catalina.core.StandardService   : Starting service [Tomcat]
2025-02-02T14:20:21.661+09:00  INFO 13364 --- [project] [main] o.apache.catalina.core.StandardEngine    : Starting Servlet engine: [Apache Tomcat/10.1.34]
2025-02-02T14:20:22.203+09:00  INFO 13364 --- [project] [main] o.a.c.c.C.[Tomcat].[localhost].[/]       : Initializing Spring embedded WebApplicationContext
2025-02-02T14:20:22.206+09:00  INFO 13364 --- [project] [main] w.s.c.ServletWebServerApplicationContext : Root WebApplicationContext: initialization completed in 10614 ms
2025-02-02T14:20:23.484+09:00  INFO 13364 --- [project] [main] o.hibernate.jpa.internal.util.LogHelper  : HHH000204: Processing PersistenceUnitInfo [name: default]
2025-02-02T14:20:24.027+09:00  INFO 13364 --- [project] [main] org.hibernate.Version                    : HHH000412: Hibernate ORM core version 6.6.5.Final
2025-02-02T14:20:24.295+09:00  INFO 13364 --- [project] [main] o.h.c.internal.RegionFactoryInitiator    : HHH000026: Second-level cache disabled
2025-02-02T14:20:24.919+09:00 DEBUG 13364 --- [project] [main] org.hibernate.type.BasicTypeRegistry     : Adding type registration boolean -> org.hibernate.type.BasicTypeReference@30abf79c
2025-02-02T14:20:24.921+09:00 DEBUG 13364 --- [project] [main] org.hibernate.type.BasicTypeRegistry     : Adding type registration boolean -> org.hibernate.type.BasicTypeReference@30abf79c
2025-02-02T14:20:24.925+09:00 DEBUG 13364 --- [project] [main] org.hibernate.type.BasicTypeRegistry     : Adding type registration java.lang.Boolean -> org.hibernate.type.BasicTypeReference@30abf79c
2025-02-02T14:20:24.927+09:00 DEBUG 13364 --- [project] [main] org.hibernate.type.BasicTypeRegistry     : Adding type registration numeric_boolean -> org.hibernate.type.BasicTypeReference@49a38b1
2025-02-02T14:20:24.937+09:00 DEBUG 13364 --- [project] [main] org.hibernate.type.BasicTypeRegistry     : Adding type registration org.hibernate.type.NumericBooleanConverter -> org.hibernate.type.BasicTypeReference@49a38b1
2025-02-02T14:20:24.952+09:00 DEBUG 13364 --- [project] [main] org.hibernate.type.BasicTypeRegistry     : Adding type registration true_false -> org.hibernate.type.BasicTypeReference@681061d6
2025-02-02T14:20:24.956+09:00 DEBUG 13364 --- [project] [main] org.hibernate.type.BasicTypeRegistry     : Adding type registration org.hibernate.type.TrueFalseConverter -> org.hibernate.type.BasicTypeReference@681061d6
2025-02-02T14:20:24.960+09:00 DEBUG 13364 --- [project] [main] org.hibernate.type.BasicTypeRegistry     : Adding type registration yes_no -> org.hibernate.type.BasicTypeReference@53d6e959
2025-02-02T14:20:24.962+09:00 DEBUG 13364 --- [project] [main] org.hibernate.type.BasicTypeRegistry     : Adding type registration org.hibernate.type.YesNoConverter -> org.hibernate.type.BasicTypeReference@53d6e959
2025-02-02T14:20:24.965+09:00 DEBUG 13364 --- [project] [main] org.hibernate.type.BasicTypeRegistry     : Adding type registration byte -> org.hibernate.type.BasicTypeReference@3caee3a8
2025-02-02T14:20:24.967+09:00 DEBUG 13364 --- [project] [main] org.hibernate.type.BasicTypeRegistry     : Adding type registration byte -> org.hibernate.type.BasicTypeReference@3caee3a8
2025-02-02T14:20:24.968+09:00 DEBUG 13364 --- [project] [main] org.hibernate.type.BasicTypeRegistry     : Adding type registration java.lang.Byte -> org.hibernate.type.BasicTypeReference@3caee3a8
2025-02-02T14:20:24.971+09:00 DEBUG 13364 --- [project] [main] org.hibernate.type.BasicTypeRegistry     : Adding type registration binary -> org.hibernate.type.BasicTypeReference@69a40b3c
2025-02-02T14:20:24.974+09:00 DEBUG 13364 --- [project] [main] org.hibernate.type.BasicTypeRegistry     : Adding type registration byte[] -> org.hibernate.type.BasicTypeReference@69a40b3c
2025-02-02T14:20:24.976+09:00 DEBUG 13364 --- [project] [main] org.hibernate.type.BasicTypeRegistry     : Adding type registration [B -> org.hibernate.type.BasicTypeReference@69a40b3c
2025-02-02T14:20:24.977+09:00 DEBUG 13364 --- [project] [main] org.hibernate.type.BasicTypeRegistry     : Adding type registration binary_wrapper -> org.hibernate.type.BasicTypeReference@251c90f
2025-02-02T14:20:24.979+09:00 DEBUG 13364 --- [project] [main] org.hibernate.type.BasicTypeRegistry     : Adding type registration wrapper-binary -> org.hibernate.type.BasicTypeReference@251c90f
2025-02-02T14:20:24.981+09:00 DEBUG 13364 --- [project] [main] org.hibernate.type.BasicTypeRegistry     : Adding type registration image -> org.hibernate.type.BasicTypeReference@6629643d
2025-02-02T14:20:24.983+09:00 DEBUG 13364 --- [project] [main] org.hibernate.type.BasicTypeRegistry     : Adding type registration blob -> org.hibernate.type.BasicTypeReference@2dd178f3
2025-02-02T14:20:24.984+09:00 DEBUG 13364 --- [project] [main] org.hibernate.type.BasicTypeRegistry     : Adding type registration java.sql.Blob -> org.hibernate.type.BasicTypeReference@2dd178f3
2025-02-02T14:20:24.988+09:00 DEBUG 13364 --- [project] [main] org.hibernate.type.BasicTypeRegistry     : Adding type registration materialized_blob -> org.hibernate.type.BasicTypeReference@64656b9e
2025-02-02T14:20:24.990+09:00 DEBUG 13364 --- [project] [main] org.hibernate.type.BasicTypeRegistry     : Adding type registration materialized_blob_wrapper -> org.hibernate.type.BasicTypeReference@6870cfac
2025-02-02T14:20:24.993+09:00 DEBUG 13364 --- [project] [main] org.hibernate.type.BasicTypeRegistry     : Adding type registration short -> org.hibernate.type.BasicTypeReference@45554613
2025-02-02T14:20:24.995+09:00 DEBUG 13364 --- [project] [main] org.hibernate.type.BasicTypeRegistry     : Adding type registration short -> org.hibernate.type.BasicTypeReference@45554613
2025-02-02T14:20:24.997+09:00 DEBUG 13364 --- [project] [main] org.hibernate.type.BasicTypeRegistry     : Adding type registration java.lang.Short -> org.hibernate.type.BasicTypeReference@45554613
2025-02-02T14:20:25.008+09:00 DEBUG 13364 --- [project] [main] org.hibernate.type.BasicTypeRegistry     : Adding type registration integer -> org.hibernate.type.BasicTypeReference@63e5b8aa
2025-02-02T14:20:25.011+09:00 DEBUG 13364 --- [project] [main] org.hibernate.type.BasicTypeRegistry     : Adding type registration int -> org.hibernate.type.BasicTypeReference@63e5b8aa
2025-02-02T14:20:25.014+09:00 DEBUG 13364 --- [project] [main] org.hibernate.type.BasicTypeRegistry     : Adding type registration java.lang.Integer -> org.hibernate.type.BasicTypeReference@63e5b8aa
2025-02-02T14:20:25.015+09:00 DEBUG 13364 --- [project] [main] org.hibernate.type.BasicTypeRegistry     : Adding type registration long -> org.hibernate.type.BasicTypeReference@2c9306d3
2025-02-02T14:20:25.017+09:00 DEBUG 13364 --- [project] [main] org.hibernate.type.BasicTypeRegistry     : Adding type registration long -> org.hibernate.type.BasicTypeReference@2c9306d3
2025-02-02T14:20:25.020+09:00 DEBUG 13364 --- [project] [main] org.hibernate.type.BasicTypeRegistry     : Adding type registration java.lang.Long -> org.hibernate.type.BasicTypeReference@2c9306d3
2025-02-02T14:20:25.022+09:00 DEBUG 13364 --- [project] [main] org.hibernate.type.BasicTypeRegistry     : Adding type registration float -> org.hibernate.type.BasicTypeReference@4270b142
2025-02-02T14:20:25.024+09:00 DEBUG 13364 --- [project] [main] org.hibernate.type.BasicTypeRegistry     : Adding type registration float -> org.hibernate.type.BasicTypeReference@4270b142
2025-02-02T14:20:25.027+09:00 DEBUG 13364 --- [project] [main] org.hibernate.type.BasicTypeRegistry     : Adding type registration java.lang.Float -> org.hibernate.type.BasicTypeReference@4270b142
2025-02-02T14:20:25.029+09:00 DEBUG 13364 --- [project] [main] org.hibernate.type.BasicTypeRegistry     : Adding type registration double -> org.hibernate.type.BasicTypeReference@2dfa02c1
2025-02-02T14:20:25.031+09:00 DEBUG 13364 --- [project] [main] org.hibernate.type.BasicTypeRegistry     : Adding type registration double -> org.hibernate.type.BasicTypeReference@2dfa02c1
2025-02-02T14:20:25.033+09:00 DEBUG 13364 --- [project] [main] org.hibernate.type.BasicTypeRegistry     : Adding type registration java.lang.Double -> org.hibernate.type.BasicTypeReference@2dfa02c1
2025-02-02T14:20:25.034+09:00 DEBUG 13364 --- [project] [main] org.hibernate.type.BasicTypeRegistry     : Adding type registration big_integer -> org.hibernate.type.BasicTypeReference@6314df3c
2025-02-02T14:20:25.036+09:00 DEBUG 13364 --- [project] [main] org.hibernate.type.BasicTypeRegistry     : Adding type registration java.math.BigInteger -> org.hibernate.type.BasicTypeReference@6314df3c
2025-02-02T14:20:25.038+09:00 DEBUG 13364 --- [project] [main] org.hibernate.type.BasicTypeRegistry     : Adding type registration big_decimal -> org.hibernate.type.BasicTypeReference@5785e813
2025-02-02T14:20:25.040+09:00 DEBUG 13364 --- [project] [main] org.hibernate.type.BasicTypeRegistry     : Adding type registration java.math.BigDecimal -> org.hibernate.type.BasicTypeReference@5785e813
2025-02-02T14:20:25.042+09:00 DEBUG 13364 --- [project] [main] org.hibernate.type.BasicTypeRegistry     : Adding type registration character -> org.hibernate.type.BasicTypeReference@10b8b900
2025-02-02T14:20:25.044+09:00 DEBUG 13364 --- [project] [main] org.hibernate.type.BasicTypeRegistry     : Adding type registration char -> org.hibernate.type.BasicTypeReference@10b8b900
2025-02-02T14:20:25.045+09:00 DEBUG 13364 --- [project] [main] org.hibernate.type.BasicTypeRegistry     : Adding type registration java.lang.Character -> org.hibernate.type.BasicTypeReference@10b8b900
2025-02-02T14:20:25.047+09:00 DEBUG 13364 --- [project] [main] org.hibernate.type.BasicTypeRegistry     : Adding type registration character_nchar -> org.hibernate.type.BasicTypeReference@6d294ddc
2025-02-02T14:20:25.049+09:00 DEBUG 13364 --- [project] [main] org.hibernate.type.BasicTypeRegistry     : Adding type registration string -> org.hibernate.type.BasicTypeReference@2801827a
2025-02-02T14:20:25.053+09:00 DEBUG 13364 --- [project] [main] org.hibernate.type.BasicTypeRegistry     : Adding type registration java.lang.String -> org.hibernate.type.BasicTypeReference@2801827a
2025-02-02T14:20:25.055+09:00 DEBUG 13364 --- [project] [main] org.hibernate.type.BasicTypeRegistry     : Adding type registration nstring -> org.hibernate.type.BasicTypeReference@50bc3219
2025-02-02T14:20:25.056+09:00 DEBUG 13364 --- [project] [main] org.hibernate.type.BasicTypeRegistry     : Adding type registration characters -> org.hibernate.type.BasicTypeReference@599f1b7
2025-02-02T14:20:25.058+09:00 DEBUG 13364 --- [project] [main] org.hibernate.type.BasicTypeRegistry     : Adding type registration char[] -> org.hibernate.type.BasicTypeReference@599f1b7
2025-02-02T14:20:25.060+09:00 DEBUG 13364 --- [project] [main] org.hibernate.type.BasicTypeRegistry     : Adding type registration [C -> org.hibernate.type.BasicTypeReference@599f1b7
2025-02-02T14:20:25.061+09:00 DEBUG 13364 --- [project] [main] org.hibernate.type.BasicTypeRegistry     : Adding type registration wrapper-characters -> org.hibernate.type.BasicTypeReference@22791b75
2025-02-02T14:20:25.064+09:00 DEBUG 13364 --- [project] [main] org.hibernate.type.BasicTypeRegistry     : Adding type registration text -> org.hibernate.type.BasicTypeReference@64f4f12
2025-02-02T14:20:25.065+09:00 DEBUG 13364 --- [project] [main] org.hibernate.type.BasicTypeRegistry     : Adding type registration ntext -> org.hibernate.type.BasicTypeReference@37d28938
2025-02-02T14:20:25.068+09:00 DEBUG 13364 --- [project] [main] org.hibernate.type.BasicTypeRegistry     : Adding type registration clob -> org.hibernate.type.BasicTypeReference@7d0cd23c
2025-02-02T14:20:25.069+09:00 DEBUG 13364 --- [project] [main] org.hibernate.type.BasicTypeRegistry     : Adding type registration java.sql.Clob -> org.hibernate.type.BasicTypeReference@7d0cd23c
2025-02-02T14:20:25.071+09:00 DEBUG 13364 --- [project] [main] org.hibernate.type.BasicTypeRegistry     : Adding type registration nclob -> org.hibernate.type.BasicTypeReference@17c4dc5b
2025-02-02T14:20:25.072+09:00 DEBUG 13364 --- [project] [main] org.hibernate.type.BasicTypeRegistry     : Adding type registration java.sql.NClob -> org.hibernate.type.BasicTypeReference@17c4dc5b
2025-02-02T14:20:25.073+09:00 DEBUG 13364 --- [project] [main] org.hibernate.type.BasicTypeRegistry     : Adding type registration materialized_clob -> org.hibernate.type.BasicTypeReference@6b0f266e
2025-02-02T14:20:25.074+09:00 DEBUG 13364 --- [project] [main] org.hibernate.type.BasicTypeRegistry     : Adding type registration materialized_clob_char_array -> org.hibernate.type.BasicTypeReference@4837f97e
2025-02-02T14:20:25.076+09:00 DEBUG 13364 --- [project] [main] org.hibernate.type.BasicTypeRegistry     : Adding type registration materialized_clob_character_array -> org.hibernate.type.BasicTypeReference@53314f76
2025-02-02T14:20:25.077+09:00 DEBUG 13364 --- [project] [main] org.hibernate.type.BasicTypeRegistry     : Adding type registration materialized_nclob -> org.hibernate.type.BasicTypeReference@62a6674f
2025-02-02T14:20:25.079+09:00 DEBUG 13364 --- [project] [main] org.hibernate.type.BasicTypeRegistry     : Adding type registration materialized_nclob_character_array -> org.hibernate.type.BasicTypeReference@70881123
2025-02-02T14:20:25.083+09:00 DEBUG 13364 --- [project] [main] org.hibernate.type.BasicTypeRegistry     : Adding type registration materialized_nclob_char_array -> org.hibernate.type.BasicTypeReference@703fa45
2025-02-02T14:20:25.086+09:00 DEBUG 13364 --- [project] [main] org.hibernate.type.BasicTypeRegistry     : Adding type registration Duration -> org.hibernate.type.BasicTypeReference@5e905f2c
2025-02-02T14:20:25.088+09:00 DEBUG 13364 --- [project] [main] org.hibernate.type.BasicTypeRegistry     : Adding type registration java.time.Duration -> org.hibernate.type.BasicTypeReference@5e905f2c
2025-02-02T14:20:25.090+09:00 DEBUG 13364 --- [project] [main] org.hibernate.type.BasicTypeRegistry     : Adding type registration LocalDateTime -> org.hibernate.type.BasicTypeReference@fddd7ae
2025-02-02T14:20:25.092+09:00 DEBUG 13364 --- [project] [main] org.hibernate.type.BasicTypeRegistry     : Adding type registration java.time.LocalDateTime -> org.hibernate.type.BasicTypeReference@fddd7ae
2025-02-02T14:20:25.094+09:00 DEBUG 13364 --- [project] [main] org.hibernate.type.BasicTypeRegistry     : Adding type registration LocalDate -> org.hibernate.type.BasicTypeReference@3f6cce7f
2025-02-02T14:20:25.096+09:00 DEBUG 13364 --- [project] [main] org.hibernate.type.BasicTypeRegistry     : Adding type registration java.time.LocalDate -> org.hibernate.type.BasicTypeReference@3f6cce7f
2025-02-02T14:20:25.100+09:00 DEBUG 13364 --- [project] [main] org.hibernate.type.BasicTypeRegistry     : Adding type registration LocalTime -> org.hibernate.type.BasicTypeReference@2725ca05
2025-02-02T14:20:25.102+09:00 DEBUG 13364 --- [project] [main] org.hibernate.type.BasicTypeRegistry     : Adding type registration java.time.LocalTime -> org.hibernate.type.BasicTypeReference@2725ca05
2025-02-02T14:20:25.105+09:00 DEBUG 13364 --- [project] [main] org.hibernate.type.BasicTypeRegistry     : Adding type registration OffsetDateTime -> org.hibernate.type.BasicTypeReference@7b9088f2
2025-02-02T14:20:25.107+09:00 DEBUG 13364 --- [project] [main] org.hibernate.type.BasicTypeRegistry     : Adding type registration java.time.OffsetDateTime -> org.hibernate.type.BasicTypeReference@7b9088f2
2025-02-02T14:20:25.110+09:00 DEBUG 13364 --- [project] [main] org.hibernate.type.BasicTypeRegistry     : Adding type registration OffsetDateTimeWithTimezone -> org.hibernate.type.BasicTypeReference@1a914089
2025-02-02T14:20:25.111+09:00 DEBUG 13364 --- [project] [main] org.hibernate.type.BasicTypeRegistry     : Adding type registration OffsetDateTimeWithoutTimezone -> org.hibernate.type.BasicTypeReference@43d76a92
2025-02-02T14:20:25.115+09:00 DEBUG 13364 --- [project] [main] org.hibernate.type.BasicTypeRegistry     : Adding type registration OffsetTime -> org.hibernate.type.BasicTypeReference@4a2bf50f
2025-02-02T14:20:25.116+09:00 DEBUG 13364 --- [project] [main] org.hibernate.type.BasicTypeRegistry     : Adding type registration java.time.OffsetTime -> org.hibernate.type.BasicTypeReference@4a2bf50f
2025-02-02T14:20:25.117+09:00 DEBUG 13364 --- [project] [main] org.hibernate.type.BasicTypeRegistry     : Adding type registration OffsetTimeUtc -> org.hibernate.type.BasicTypeReference@350323a0
2025-02-02T14:20:25.118+09:00 DEBUG 13364 --- [project] [main] org.hibernate.type.BasicTypeRegistry     : Adding type registration OffsetTimeWithTimezone -> org.hibernate.type.BasicTypeReference@2506b881
2025-02-02T14:20:25.119+09:00 DEBUG 13364 --- [project] [main] org.hibernate.type.BasicTypeRegistry     : Adding type registration OffsetTimeWithoutTimezone -> org.hibernate.type.BasicTypeReference@5d7dd549
2025-02-02T14:20:25.121+09:00 DEBUG 13364 --- [project] [main] org.hibernate.type.BasicTypeRegistry     : Adding type registration ZonedDateTime -> org.hibernate.type.BasicTypeReference@486bd064
2025-02-02T14:20:25.123+09:00 DEBUG 13364 --- [project] [main] org.hibernate.type.BasicTypeRegistry     : Adding type registration java.time.ZonedDateTime -> org.hibernate.type.BasicTypeReference@486bd064
2025-02-02T14:20:25.124+09:00 DEBUG 13364 --- [project] [main] org.hibernate.type.BasicTypeRegistry     : Adding type registration ZonedDateTimeWithTimezone -> org.hibernate.type.BasicTypeReference@6459f4ea
2025-02-02T14:20:25.126+09:00 DEBUG 13364 --- [project] [main] org.hibernate.type.BasicTypeRegistry     : Adding type registration ZonedDateTimeWithoutTimezone -> org.hibernate.type.BasicTypeReference@740b9a50
2025-02-02T14:20:25.128+09:00 DEBUG 13364 --- [project] [main] org.hibernate.type.BasicTypeRegistry     : Adding type registration date -> org.hibernate.type.BasicTypeReference@476fde05
2025-02-02T14:20:25.138+09:00 DEBUG 13364 --- [project] [main] org.hibernate.type.BasicTypeRegistry     : Adding type registration java.sql.Date -> org.hibernate.type.BasicTypeReference@476fde05
2025-02-02T14:20:25.140+09:00 DEBUG 13364 --- [project] [main] org.hibernate.type.BasicTypeRegistry     : Adding type registration time -> org.hibernate.type.BasicTypeReference@5111de7c
2025-02-02T14:20:25.145+09:00 DEBUG 13364 --- [project] [main] org.hibernate.type.BasicTypeRegistry     : Adding type registration java.sql.Time -> org.hibernate.type.BasicTypeReference@5111de7c
2025-02-02T14:20:25.148+09:00 DEBUG 13364 --- [project] [main] org.hibernate.type.BasicTypeRegistry     : Adding type registration timestamp -> org.hibernate.type.BasicTypeReference@7ac48e10
2025-02-02T14:20:25.150+09:00 DEBUG 13364 --- [project] [main] org.hibernate.type.BasicTypeRegistry     : Adding type registration java.sql.Timestamp -> org.hibernate.type.BasicTypeReference@7ac48e10
2025-02-02T14:20:25.152+09:00 DEBUG 13364 --- [project] [main] org.hibernate.type.BasicTypeRegistry     : Adding type registration java.util.Date -> org.hibernate.type.BasicTypeReference@7ac48e10
2025-02-02T14:20:25.154+09:00 DEBUG 13364 --- [project] [main] org.hibernate.type.BasicTypeRegistry     : Adding type registration calendar -> org.hibernate.type.BasicTypeReference@52354202
2025-02-02T14:20:25.163+09:00 DEBUG 13364 --- [project] [main] org.hibernate.type.BasicTypeRegistry     : Adding type registration java.util.Calendar -> org.hibernate.type.BasicTypeReference@52354202
2025-02-02T14:20:25.166+09:00 DEBUG 13364 --- [project] [main] org.hibernate.type.BasicTypeRegistry     : Adding type registration java.util.GregorianCalendar -> org.hibernate.type.BasicTypeReference@52354202
2025-02-02T14:20:25.167+09:00 DEBUG 13364 --- [project] [main] org.hibernate.type.BasicTypeRegistry     : Adding type registration calendar_date -> org.hibernate.type.BasicTypeReference@6b1321b7
2025-02-02T14:20:25.171+09:00 DEBUG 13364 --- [project] [main] org.hibernate.type.BasicTypeRegistry     : Adding type registration calendar_time -> org.hibernate.type.BasicTypeReference@342ee097
2025-02-02T14:20:25.173+09:00 DEBUG 13364 --- [project] [main] org.hibernate.type.BasicTypeRegistry     : Adding type registration instant -> org.hibernate.type.BasicTypeReference@6ac45c0c
2025-02-02T14:20:25.175+09:00 DEBUG 13364 --- [project] [main] org.hibernate.type.BasicTypeRegistry     : Adding type registration java.time.Instant -> org.hibernate.type.BasicTypeReference@6ac45c0c
2025-02-02T14:20:25.177+09:00 DEBUG 13364 --- [project] [main] org.hibernate.type.BasicTypeRegistry     : Adding type registration uuid -> org.hibernate.type.BasicTypeReference@12192604
2025-02-02T14:20:25.178+09:00 DEBUG 13364 --- [project] [main] org.hibernate.type.BasicTypeRegistry     : Adding type registration java.util.UUID -> org.hibernate.type.BasicTypeReference@12192604
2025-02-02T14:20:25.181+09:00 DEBUG 13364 --- [project] [main] org.hibernate.type.BasicTypeRegistry     : Adding type registration pg-uuid -> org.hibernate.type.BasicTypeReference@12192604
2025-02-02T14:20:25.183+09:00 DEBUG 13364 --- [project] [main] org.hibernate.type.BasicTypeRegistry     : Adding type registration uuid-binary -> org.hibernate.type.BasicTypeReference@6075b369
2025-02-02T14:20:25.205+09:00 DEBUG 13364 --- [project] [main] org.hibernate.type.BasicTypeRegistry     : Adding type registration uuid-char -> org.hibernate.type.BasicTypeReference@231cdda8
2025-02-02T14:20:25.233+09:00 DEBUG 13364 --- [project] [main] org.hibernate.type.BasicTypeRegistry     : Adding type registration class -> org.hibernate.type.BasicTypeReference@6b70d1fb
2025-02-02T14:20:25.238+09:00 DEBUG 13364 --- [project] [main] org.hibernate.type.BasicTypeRegistry     : Adding type registration java.lang.Class -> org.hibernate.type.BasicTypeReference@6b70d1fb
2025-02-02T14:20:25.247+09:00 DEBUG 13364 --- [project] [main] org.hibernate.type.BasicTypeRegistry     : Adding type registration currency -> org.hibernate.type.BasicTypeReference@3002e397
2025-02-02T14:20:25.253+09:00 DEBUG 13364 --- [project] [main] org.hibernate.type.BasicTypeRegistry     : Adding type registration Currency -> org.hibernate.type.BasicTypeReference@3002e397
2025-02-02T14:20:25.262+09:00 DEBUG 13364 --- [project] [main] org.hibernate.type.BasicTypeRegistry     : Adding type registration java.util.Currency -> org.hibernate.type.BasicTypeReference@3002e397
2025-02-02T14:20:25.265+09:00 DEBUG 13364 --- [project] [main] org.hibernate.type.BasicTypeRegistry     : Adding type registration locale -> org.hibernate.type.BasicTypeReference@7da1e005
2025-02-02T14:20:25.297+09:00 DEBUG 13364 --- [project] [main] org.hibernate.type.BasicTypeRegistry     : Adding type registration java.util.Locale -> org.hibernate.type.BasicTypeReference@7da1e005
2025-02-02T14:20:25.299+09:00 DEBUG 13364 --- [project] [main] org.hibernate.type.BasicTypeRegistry     : Adding type registration serializable -> org.hibernate.type.BasicTypeReference@38159384
2025-02-02T14:20:25.301+09:00 DEBUG 13364 --- [project] [main] org.hibernate.type.BasicTypeRegistry     : Adding type registration java.io.Serializable -> org.hibernate.type.BasicTypeReference@38159384
2025-02-02T14:20:25.305+09:00 DEBUG 13364 --- [project] [main] org.hibernate.type.BasicTypeRegistry     : Adding type registration timezone -> org.hibernate.type.BasicTypeReference@55877274
2025-02-02T14:20:25.307+09:00 DEBUG 13364 --- [project] [main] org.hibernate.type.BasicTypeRegistry     : Adding type registration java.util.TimeZone -> org.hibernate.type.BasicTypeReference@55877274
2025-02-02T14:20:25.309+09:00 DEBUG 13364 --- [project] [main] org.hibernate.type.BasicTypeRegistry     : Adding type registration ZoneOffset -> org.hibernate.type.BasicTypeReference@723e2d08
2025-02-02T14:20:25.312+09:00 DEBUG 13364 --- [project] [main] org.hibernate.type.BasicTypeRegistry     : Adding type registration java.time.ZoneOffset -> org.hibernate.type.BasicTypeReference@723e2d08
2025-02-02T14:20:25.313+09:00 DEBUG 13364 --- [project] [main] org.hibernate.type.BasicTypeRegistry     : Adding type registration url -> org.hibernate.type.BasicTypeReference@6d4a82
2025-02-02T14:20:25.316+09:00 DEBUG 13364 --- [project] [main] org.hibernate.type.BasicTypeRegistry     : Adding type registration java.net.URL -> org.hibernate.type.BasicTypeReference@6d4a82
2025-02-02T14:20:25.317+09:00 DEBUG 13364 --- [project] [main] org.hibernate.type.BasicTypeRegistry     : Adding type registration vector -> org.hibernate.type.BasicTypeReference@14f060b8
2025-02-02T14:20:25.320+09:00 DEBUG 13364 --- [project] [main] org.hibernate.type.BasicTypeRegistry     : Adding type registration float_vector -> org.hibernate.type.BasicTypeReference@7a0ab480
2025-02-02T14:20:25.322+09:00 DEBUG 13364 --- [project] [main] org.hibernate.type.BasicTypeRegistry     : Adding type registration double_vector -> org.hibernate.type.BasicTypeReference@79df80a4
2025-02-02T14:20:25.323+09:00 DEBUG 13364 --- [project] [main] org.hibernate.type.BasicTypeRegistry     : Adding type registration byte_vector -> org.hibernate.type.BasicTypeReference@130cfc47
2025-02-02T14:20:25.324+09:00 DEBUG 13364 --- [project] [main] org.hibernate.type.BasicTypeRegistry     : Adding type registration row_version -> org.hibernate.type.BasicTypeReference@4eeab3e
2025-02-02T14:20:25.358+09:00 DEBUG 13364 --- [project] [main] org.hibernate.type.BasicTypeRegistry     : Adding type registration object -> org.hibernate.type.JavaObjectType@21b51e59
2025-02-02T14:20:25.360+09:00 DEBUG 13364 --- [project] [main] org.hibernate.type.BasicTypeRegistry     : Adding type registration java.lang.Object -> org.hibernate.type.JavaObjectType@21b51e59
2025-02-02T14:20:25.367+09:00 DEBUG 13364 --- [project] [main] org.hibernate.type.BasicTypeRegistry     : Adding type registration null -> org.hibernate.type.NullType@5d1bdd4a
2025-02-02T14:20:25.375+09:00 DEBUG 13364 --- [project] [main] org.hibernate.type.BasicTypeRegistry     : Adding type registration imm_date -> org.hibernate.type.BasicTypeReference@6812c8cc
2025-02-02T14:20:25.377+09:00 DEBUG 13364 --- [project] [main] org.hibernate.type.BasicTypeRegistry     : Adding type registration imm_time -> org.hibernate.type.BasicTypeReference@3457cc8d
2025-02-02T14:20:25.378+09:00 DEBUG 13364 --- [project] [main] org.hibernate.type.BasicTypeRegistry     : Adding type registration imm_timestamp -> org.hibernate.type.BasicTypeReference@7a66c35a
2025-02-02T14:20:25.379+09:00 DEBUG 13364 --- [project] [main] org.hibernate.type.BasicTypeRegistry     : Adding type registration imm_calendar -> org.hibernate.type.BasicTypeReference@7994a0d1
2025-02-02T14:20:25.380+09:00 DEBUG 13364 --- [project] [main] org.hibernate.type.BasicTypeRegistry     : Adding type registration imm_calendar_date -> org.hibernate.type.BasicTypeReference@73e4387
2025-02-02T14:20:25.381+09:00 DEBUG 13364 --- [project] [main] org.hibernate.type.BasicTypeRegistry     : Adding type registration imm_calendar_time -> org.hibernate.type.BasicTypeReference@d87d449
2025-02-02T14:20:25.382+09:00 DEBUG 13364 --- [project] [main] org.hibernate.type.BasicTypeRegistry     : Adding type registration imm_binary -> org.hibernate.type.BasicTypeReference@4137aab0
2025-02-02T14:20:25.383+09:00 DEBUG 13364 --- [project] [main] org.hibernate.type.BasicTypeRegistry     : Adding type registration imm_serializable -> org.hibernate.type.BasicTypeReference@1df9186f
2025-02-02T14:20:26.906+09:00  INFO 13364 --- [project] [main] o.s.o.j.p.SpringPersistenceUnitInfo      : No LoadTimeWeaver setup: ignoring JPA class transformer
2025-02-02T14:20:27.130+09:00  INFO 13364 --- [project] [main] com.zaxxer.hikari.HikariDataSource       : HikariPool-1 - Starting...
2025-02-02T14:20:28.234+09:00  INFO 13364 --- [project] [main] com.zaxxer.hikari.pool.HikariPool        : HikariPool-1 - Added connection conn0: url=jdbc:h2:mem:test user=SA
2025-02-02T14:20:28.245+09:00  INFO 13364 --- [project] [main] com.zaxxer.hikari.HikariDataSource       : HikariPool-1 - Start completed.
2025-02-02T14:20:28.584+09:00  INFO 13364 --- [project] [main] org.hibernate.orm.connections.pooling    : HHH10001005: Database info:
	Database JDBC URL [Connecting through datasource 'HikariDataSource (HikariPool-1)']
	Database driver: undefined/unknown
	Database version: 2.3.232
	Autocommit mode: undefined/unknown
	Isolation level: undefined/unknown
	Minimum pool size: undefined/unknown
	Maximum pool size: undefined/unknown
2025-02-02T14:20:28.636+09:00 DEBUG 13364 --- [project] [main] o.h.t.d.jdbc.spi.JdbcTypeRegistry        : addDescriptor(NCharTypeDescriptor) replaced previous registration(CharTypeDescriptor)
2025-02-02T14:20:28.637+09:00 DEBUG 13364 --- [project] [main] o.h.t.d.jdbc.spi.JdbcTypeRegistry        : addDescriptor(NVarcharTypeDescriptor) replaced previous registration(VarcharTypeDescriptor)
2025-02-02T14:20:28.640+09:00 DEBUG 13364 --- [project] [main] o.h.t.d.jdbc.spi.JdbcTypeRegistry        : addDescriptor(LongNVarcharTypeDescriptor) replaced previous registration(LongVarcharTypeDescriptor)
2025-02-02T14:20:28.657+09:00 DEBUG 13364 --- [project] [main] o.h.t.d.jdbc.spi.JdbcTypeRegistry        : addDescriptor(NClobTypeDescriptor(DEFAULT)) replaced previous registration(ClobTypeDescriptor(DEFAULT))
2025-02-02T14:20:28.665+09:00 DEBUG 13364 --- [project] [main] o.h.t.d.jdbc.spi.JdbcTypeRegistry        : addDescriptor(TimestampUtcDescriptor) replaced previous registration(TimestampUtcDescriptor)
2025-02-02T14:20:28.698+09:00 DEBUG 13364 --- [project] [main] org.hibernate.type.BasicTypeRegistry     : Adding type registration org.hibernate.type.DurationType -> basicType@1(java.time.Duration,3015)
2025-02-02T14:20:28.700+09:00 DEBUG 13364 --- [project] [main] org.hibernate.type.BasicTypeRegistry     : Adding type registration Duration -> basicType@1(java.time.Duration,3015)
2025-02-02T14:20:28.701+09:00 DEBUG 13364 --- [project] [main] org.hibernate.type.BasicTypeRegistry     : Adding type registration java.time.Duration -> basicType@1(java.time.Duration,3015)
2025-02-02T14:20:28.722+09:00 DEBUG 13364 --- [project] [main] o.h.type.spi.TypeConfiguration$Scope     : Scoping TypeConfiguration [org.hibernate.type.spi.TypeConfiguration@4fea5ee0] to MetadataBuildingContext [org.hibernate.boot.internal.MetadataBuildingContextRootImpl@65f5cae3]
2025-02-02T14:20:35.740+09:00  INFO 13364 --- [project] [main] o.h.e.t.j.p.i.JtaPlatformInitiator       : HHH000489: No JTA platform available (set 'hibernate.transaction.jta.platform' to enable JTA platform integration)
2025-02-02T14:20:35.743+09:00 DEBUG 13364 --- [project] [main] o.h.type.spi.TypeConfiguration$Scope     : Scoping TypeConfiguration [org.hibernate.type.spi.TypeConfiguration@4fea5ee0] to SessionFactoryImplementor [org.hibernate.internal.SessionFactoryImpl@57ed8f95]
2025-02-02T14:20:35.933+09:00 TRACE 13364 --- [project] [main] o.h.type.spi.TypeConfiguration$Scope     : Handling #sessionFactoryCreated from [org.hibernate.internal.SessionFactoryImpl@57ed8f95] for TypeConfiguration
2025-02-02T14:20:35.934+09:00  INFO 13364 --- [project] [main] j.LocalContainerEntityManagerFactoryBean : Initialized JPA EntityManagerFactory for persistence unit 'default'
2025-02-02T14:20:37.724+09:00  WARN 13364 --- [project] [main] ConfigServletWebServerApplicationContext : Exception encountered during context initialization - cancelling refresh attempt: org.springframework.beans.factory.UnsatisfiedDependencyException: Error creating bean with name 'apiV1MemberController' defined in file [C:\AI\javaProject\develope\project\out\production\classes\com\example\project\domain\member\controller\ApiV1MemberController.class]: Unsatisfied dependency expressed through constructor parameter 1: Error creating bean with name 'jwtProvider': Injection of autowired dependencies failed
2025-02-02T14:20:37.726+09:00  INFO 13364 --- [project] [main] j.LocalContainerEntityManagerFactoryBean : Closing JPA EntityManagerFactory for persistence unit 'default'
2025-02-02T14:20:37.732+09:00 TRACE 13364 --- [project] [main] o.h.type.spi.TypeConfiguration$Scope     : Handling #sessionFactoryClosed from [org.hibernate.internal.SessionFactoryImpl@57ed8f95] for TypeConfiguration
2025-02-02T14:20:37.734+09:00 DEBUG 13364 --- [project] [main] o.h.type.spi.TypeConfiguration$Scope     : Un-scoping TypeConfiguration [org.hibernate.type.spi.TypeConfiguration$Scope@43cf97a8] from SessionFactory [org.hibernate.internal.SessionFactoryImpl@57ed8f95]
2025-02-02T14:20:37.742+09:00  INFO 13364 --- [project] [main] com.zaxxer.hikari.HikariDataSource       : HikariPool-1 - Shutdown initiated...
2025-02-02T14:20:37.758+09:00  INFO 13364 --- [project] [main] com.zaxxer.hikari.HikariDataSource       : HikariPool-1 - Shutdown completed.
2025-02-02T14:20:37.779+09:00  INFO 13364 --- [project] [main] o.apache.catalina.core.StandardService   : Stopping service [Tomcat]
2025-02-02T14:20:37.863+09:00  INFO 13364 --- [project] [main] .s.b.a.l.ConditionEvaluationReportLogger : 

Error starting ApplicationContext. To display the condition evaluation report re-run your application with 'debug' enabled.
2025-02-02T14:20:38.059+09:00 ERROR 13364 --- [project] [main] o.s.boot.SpringApplication               : Application run failed

org.springframework.beans.factory.UnsatisfiedDependencyException: Error creating bean with name 'apiV1MemberController' defined in file [C:\AI\javaProject\develope\project\out\production\classes\com\example\project\domain\member\controller\ApiV1MemberController.class]: Unsatisfied dependency expressed through constructor parameter 1: Error creating bean with name 'jwtProvider': Injection of autowired dependencies failed
	at org.springframework.beans.factory.support.ConstructorResolver.createArgumentArray(ConstructorResolver.java:804) ~[spring-beans-6.2.2.jar:6.2.2]
	at org.springframework.beans.factory.support.ConstructorResolver.autowireConstructor(ConstructorResolver.java:240) ~[spring-beans-6.2.2.jar:6.2.2]
	at org.springframework.beans.factory.support.AbstractAutowireCapableBeanFactory.autowireConstructor(AbstractAutowireCapableBeanFactory.java:1381) ~[spring-beans-6.2.2.jar:6.2.2]
	at org.springframework.beans.factory.support.AbstractAutowireCapableBeanFactory.createBeanInstance(AbstractAutowireCapableBeanFactory.java:1218) ~[spring-beans-6.2.2.jar:6.2.2]
	at org.springframework.beans.factory.support.AbstractAutowireCapableBeanFactory.doCreateBean(AbstractAutowireCapableBeanFactory.java:563) ~[spring-beans-6.2.2.jar:6.2.2]
	at org.springframework.beans.factory.support.AbstractAutowireCapableBeanFactory.createBean(AbstractAutowireCapableBeanFactory.java:523) ~[spring-beans-6.2.2.jar:6.2.2]
	at org.springframework.beans.factory.support.AbstractBeanFactory.lambda$doGetBean$0(AbstractBeanFactory.java:336) ~[spring-beans-6.2.2.jar:6.2.2]
	at org.springframework.beans.factory.support.DefaultSingletonBeanRegistry.getSingleton(DefaultSingletonBeanRegistry.java:307) ~[spring-beans-6.2.2.jar:6.2.2]
	at org.springframework.beans.factory.support.AbstractBeanFactory.doGetBean(AbstractBeanFactory.java:334) ~[spring-beans-6.2.2.jar:6.2.2]
	at org.springframework.beans.factory.support.AbstractBeanFactory.getBean(AbstractBeanFactory.java:199) ~[spring-beans-6.2.2.jar:6.2.2]
	at org.springframework.beans.factory.support.DefaultListableBeanFactory.instantiateSingleton(DefaultListableBeanFactory.java:1122) ~[spring-beans-6.2.2.jar:6.2.2]
	at org.springframework.beans.factory.support.DefaultListableBeanFactory.preInstantiateSingleton(DefaultListableBeanFactory.java:1093) ~[spring-beans-6.2.2.jar:6.2.2]
	at org.springframework.beans.factory.support.DefaultListableBeanFactory.preInstantiateSingletons(DefaultListableBeanFactory.java:1030) ~[spring-beans-6.2.2.jar:6.2.2]
	at org.springframework.context.support.AbstractApplicationContext.finishBeanFactoryInitialization(AbstractApplicationContext.java:987) ~[spring-context-6.2.2.jar:6.2.2]
	at org.springframework.context.support.AbstractApplicationContext.refresh(AbstractApplicationContext.java:627) ~[spring-context-6.2.2.jar:6.2.2]
	at org.springframework.boot.web.servlet.context.ServletWebServerApplicationContext.refresh(ServletWebServerApplicationContext.java:146) ~[spring-boot-3.4.2.jar:3.4.2]
	at org.springframework.boot.SpringApplication.refresh(SpringApplication.java:752) ~[spring-boot-3.4.2.jar:3.4.2]
	at org.springframework.boot.SpringApplication.refreshContext(SpringApplication.java:439) ~[spring-boot-3.4.2.jar:3.4.2]
	at org.springframework.boot.SpringApplication.run(SpringApplication.java:318) ~[spring-boot-3.4.2.jar:3.4.2]
	at org.springframework.boot.SpringApplication.run(SpringApplication.java:1361) ~[spring-boot-3.4.2.jar:3.4.2]
	at org.springframework.boot.SpringApplication.run(SpringApplication.java:1350) ~[spring-boot-3.4.2.jar:3.4.2]
	at com.example.project.ProjectApplication.main(ProjectApplication.java:10) ~[classes/:na]
Caused by: org.springframework.beans.factory.BeanCreationException: Error creating bean with name 'jwtProvider': Injection of autowired dependencies failed
	at org.springframework.beans.factory.annotation.AutowiredAnnotationBeanPostProcessor.postProcessProperties(AutowiredAnnotationBeanPostProcessor.java:515) ~[spring-beans-6.2.2.jar:6.2.2]
	at org.springframework.beans.factory.support.AbstractAutowireCapableBeanFactory.populateBean(AbstractAutowireCapableBeanFactory.java:1445) ~[spring-beans-6.2.2.jar:6.2.2]
	at org.springframework.beans.factory.support.AbstractAutowireCapableBeanFactory.doCreateBean(AbstractAutowireCapableBeanFactory.java:600) ~[spring-beans-6.2.2.jar:6.2.2]
	at org.springframework.beans.factory.support.AbstractAutowireCapableBeanFactory.createBean(AbstractAutowireCapableBeanFactory.java:523) ~[spring-beans-6.2.2.jar:6.2.2]
	at org.springframework.beans.factory.support.AbstractBeanFactory.lambda$doGetBean$0(AbstractBeanFactory.java:336) ~[spring-beans-6.2.2.jar:6.2.2]
	at org.springframework.beans.factory.support.DefaultSingletonBeanRegistry.getSingleton(DefaultSingletonBeanRegistry.java:307) ~[spring-beans-6.2.2.jar:6.2.2]
	at org.springframework.beans.factory.support.AbstractBeanFactory.doGetBean(AbstractBeanFactory.java:334) ~[spring-beans-6.2.2.jar:6.2.2]
	at org.springframework.beans.factory.support.AbstractBeanFactory.getBean(AbstractBeanFactory.java:199) ~[spring-beans-6.2.2.jar:6.2.2]
	at org.springframework.beans.factory.config.DependencyDescriptor.resolveCandidate(DependencyDescriptor.java:254) ~[spring-beans-6.2.2.jar:6.2.2]
	at org.springframework.beans.factory.support.DefaultListableBeanFactory.doResolveDependency(DefaultListableBeanFactory.java:1631) ~[spring-beans-6.2.2.jar:6.2.2]
	at org.springframework.beans.factory.support.DefaultListableBeanFactory.resolveDependency(DefaultListableBeanFactory.java:1519) ~[spring-beans-6.2.2.jar:6.2.2]
	at org.springframework.beans.factory.support.ConstructorResolver.resolveAutowiredArgument(ConstructorResolver.java:913) ~[spring-beans-6.2.2.jar:6.2.2]
	at org.springframework.beans.factory.support.ConstructorResolver.createArgumentArray(ConstructorResolver.java:791) ~[spring-beans-6.2.2.jar:6.2.2]
	... 21 common frames omitted
Caused by: org.springframework.util.PlaceholderResolutionException: Could not resolve placeholder 'spring.oauth2.jwt.secret-key' in value "${spring.oauth2.jwt.secret-key}"
	at org.springframework.util.PlaceholderResolutionException.withValue(PlaceholderResolutionException.java:81) ~[spring-core-6.2.2.jar:6.2.2]
	at org.springframework.util.PlaceholderParser$ParsedValue.resolve(PlaceholderParser.java:416) ~[spring-core-6.2.2.jar:6.2.2]
	at org.springframework.util.PlaceholderParser.replacePlaceholders(PlaceholderParser.java:128) ~[spring-core-6.2.2.jar:6.2.2]
	at org.springframework.util.PropertyPlaceholderHelper.parseStringValue(PropertyPlaceholderHelper.java:118) ~[spring-core-6.2.2.jar:6.2.2]
	at org.springframework.util.PropertyPlaceholderHelper.replacePlaceholders(PropertyPlaceholderHelper.java:114) ~[spring-core-6.2.2.jar:6.2.2]
	at org.springframework.core.env.AbstractPropertyResolver.doResolvePlaceholders(AbstractPropertyResolver.java:255) ~[spring-core-6.2.2.jar:6.2.2]
	at org.springframework.core.env.AbstractPropertyResolver.resolveRequiredPlaceholders(AbstractPropertyResolver.java:226) ~[spring-core-6.2.2.jar:6.2.2]
	at org.springframework.context.support.PropertySourcesPlaceholderConfigurer.lambda$processProperties$0(PropertySourcesPlaceholderConfigurer.java:201) ~[spring-context-6.2.2.jar:6.2.2]
	at org.springframework.beans.factory.support.AbstractBeanFactory.resolveEmbeddedValue(AbstractBeanFactory.java:963) ~[spring-beans-6.2.2.jar:6.2.2]
	at org.springframework.beans.factory.support.DefaultListableBeanFactory.doResolveDependency(DefaultListableBeanFactory.java:1541) ~[spring-beans-6.2.2.jar:6.2.2]
	at org.springframework.beans.factory.support.DefaultListableBeanFactory.resolveDependency(DefaultListableBeanFactory.java:1519) ~[spring-beans-6.2.2.jar:6.2.2]
	at org.springframework.beans.factory.annotation.AutowiredAnnotationBeanPostProcessor$AutowiredFieldElement.resolveFieldValue(AutowiredAnnotationBeanPostProcessor.java:785) ~[spring-beans-6.2.2.jar:6.2.2]
	at org.springframework.beans.factory.annotation.AutowiredAnnotationBeanPostProcessor$AutowiredFieldElement.inject(AutowiredAnnotationBeanPostProcessor.java:768) ~[spring-beans-6.2.2.jar:6.2.2]
	at org.springframework.beans.factory.annotation.InjectionMetadata.inject(InjectionMetadata.java:146) ~[spring-beans-6.2.2.jar:6.2.2]
	at org.springframework.beans.factory.annotation.AutowiredAnnotationBeanPostProcessor.postProcessProperties(AutowiredAnnotationBeanPostProcessor.java:509) ~[spring-beans-6.2.2.jar:6.2.2]
	... 33 common frames omitted

2025-02-02T14:24:05.968+09:00  INFO 12240 --- [project] [main] com.example.project.ProjectApplication   : Starting ProjectApplication using Java 21.0.5 with PID 12240 (C:\AI\javaProject\develope\project\out\production\classes started by nsy71 in C:\AI\javaProject\develope\project)
2025-02-02T14:24:05.990+09:00  INFO 12240 --- [project] [main] com.example.project.ProjectApplication   : The following 2 profiles are active: "secret", "dev"
2025-02-02T14:24:11.616+09:00  INFO 12240 --- [project] [main] .s.d.r.c.RepositoryConfigurationDelegate : Bootstrapping Spring Data JPA repositories in DEFAULT mode.
2025-02-02T14:24:12.194+09:00  INFO 12240 --- [project] [main] .s.d.r.c.RepositoryConfigurationDelegate : Finished Spring Data repository scanning in 510 ms. Found 1 JPA repository interface.
2025-02-02T14:24:18.155+09:00  INFO 12240 --- [project] [main] o.s.b.w.embedded.tomcat.TomcatWebServer  : Tomcat initialized with port 8080 (http)
2025-02-02T14:24:18.256+09:00  INFO 12240 --- [project] [main] o.apache.catalina.core.StandardService   : Starting service [Tomcat]
2025-02-02T14:24:18.261+09:00  INFO 12240 --- [project] [main] o.apache.catalina.core.StandardEngine    : Starting Servlet engine: [Apache Tomcat/10.1.34]
2025-02-02T14:24:18.787+09:00  INFO 12240 --- [project] [main] o.a.c.c.C.[Tomcat].[localhost].[/]       : Initializing Spring embedded WebApplicationContext
2025-02-02T14:24:18.790+09:00  INFO 12240 --- [project] [main] w.s.c.ServletWebServerApplicationContext : Root WebApplicationContext: initialization completed in 12447 ms
2025-02-02T14:24:19.940+09:00  INFO 12240 --- [project] [main] o.hibernate.jpa.internal.util.LogHelper  : HHH000204: Processing PersistenceUnitInfo [name: default]
2025-02-02T14:24:21.076+09:00  INFO 12240 --- [project] [main] org.hibernate.Version                    : HHH000412: Hibernate ORM core version 6.6.5.Final
2025-02-02T14:24:21.419+09:00  INFO 12240 --- [project] [main] o.h.c.internal.RegionFactoryInitiator    : HHH000026: Second-level cache disabled
2025-02-02T14:24:22.079+09:00 DEBUG 12240 --- [project] [main] org.hibernate.type.BasicTypeRegistry     : Adding type registration boolean -> org.hibernate.type.BasicTypeReference@53d6e959
2025-02-02T14:24:22.081+09:00 DEBUG 12240 --- [project] [main] org.hibernate.type.BasicTypeRegistry     : Adding type registration boolean -> org.hibernate.type.BasicTypeReference@53d6e959
2025-02-02T14:24:22.083+09:00 DEBUG 12240 --- [project] [main] org.hibernate.type.BasicTypeRegistry     : Adding type registration java.lang.Boolean -> org.hibernate.type.BasicTypeReference@53d6e959
2025-02-02T14:24:22.085+09:00 DEBUG 12240 --- [project] [main] org.hibernate.type.BasicTypeRegistry     : Adding type registration numeric_boolean -> org.hibernate.type.BasicTypeReference@3caee3a8
2025-02-02T14:24:22.087+09:00 DEBUG 12240 --- [project] [main] org.hibernate.type.BasicTypeRegistry     : Adding type registration org.hibernate.type.NumericBooleanConverter -> org.hibernate.type.BasicTypeReference@3caee3a8
2025-02-02T14:24:22.089+09:00 DEBUG 12240 --- [project] [main] org.hibernate.type.BasicTypeRegistry     : Adding type registration true_false -> org.hibernate.type.BasicTypeReference@69a40b3c
2025-02-02T14:24:22.092+09:00 DEBUG 12240 --- [project] [main] org.hibernate.type.BasicTypeRegistry     : Adding type registration org.hibernate.type.TrueFalseConverter -> org.hibernate.type.BasicTypeReference@69a40b3c
2025-02-02T14:24:22.094+09:00 DEBUG 12240 --- [project] [main] org.hibernate.type.BasicTypeRegistry     : Adding type registration yes_no -> org.hibernate.type.BasicTypeReference@251c90f
2025-02-02T14:24:22.096+09:00 DEBUG 12240 --- [project] [main] org.hibernate.type.BasicTypeRegistry     : Adding type registration org.hibernate.type.YesNoConverter -> org.hibernate.type.BasicTypeReference@251c90f
2025-02-02T14:24:22.098+09:00 DEBUG 12240 --- [project] [main] org.hibernate.type.BasicTypeRegistry     : Adding type registration byte -> org.hibernate.type.BasicTypeReference@6629643d
2025-02-02T14:24:22.100+09:00 DEBUG 12240 --- [project] [main] org.hibernate.type.BasicTypeRegistry     : Adding type registration byte -> org.hibernate.type.BasicTypeReference@6629643d
2025-02-02T14:24:22.102+09:00 DEBUG 12240 --- [project] [main] org.hibernate.type.BasicTypeRegistry     : Adding type registration java.lang.Byte -> org.hibernate.type.BasicTypeReference@6629643d
2025-02-02T14:24:22.104+09:00 DEBUG 12240 --- [project] [main] org.hibernate.type.BasicTypeRegistry     : Adding type registration binary -> org.hibernate.type.BasicTypeReference@2dd178f3
2025-02-02T14:24:22.107+09:00 DEBUG 12240 --- [project] [main] org.hibernate.type.BasicTypeRegistry     : Adding type registration byte[] -> org.hibernate.type.BasicTypeReference@2dd178f3
2025-02-02T14:24:22.109+09:00 DEBUG 12240 --- [project] [main] org.hibernate.type.BasicTypeRegistry     : Adding type registration [B -> org.hibernate.type.BasicTypeReference@2dd178f3
2025-02-02T14:24:22.111+09:00 DEBUG 12240 --- [project] [main] org.hibernate.type.BasicTypeRegistry     : Adding type registration binary_wrapper -> org.hibernate.type.BasicTypeReference@64656b9e
2025-02-02T14:24:22.112+09:00 DEBUG 12240 --- [project] [main] org.hibernate.type.BasicTypeRegistry     : Adding type registration wrapper-binary -> org.hibernate.type.BasicTypeReference@64656b9e
2025-02-02T14:24:22.114+09:00 DEBUG 12240 --- [project] [main] org.hibernate.type.BasicTypeRegistry     : Adding type registration image -> org.hibernate.type.BasicTypeReference@6870cfac
2025-02-02T14:24:22.116+09:00 DEBUG 12240 --- [project] [main] org.hibernate.type.BasicTypeRegistry     : Adding type registration blob -> org.hibernate.type.BasicTypeReference@45554613
2025-02-02T14:24:22.117+09:00 DEBUG 12240 --- [project] [main] org.hibernate.type.BasicTypeRegistry     : Adding type registration java.sql.Blob -> org.hibernate.type.BasicTypeReference@45554613
2025-02-02T14:24:22.119+09:00 DEBUG 12240 --- [project] [main] org.hibernate.type.BasicTypeRegistry     : Adding type registration materialized_blob -> org.hibernate.type.BasicTypeReference@63e5b8aa
2025-02-02T14:24:22.121+09:00 DEBUG 12240 --- [project] [main] org.hibernate.type.BasicTypeRegistry     : Adding type registration materialized_blob_wrapper -> org.hibernate.type.BasicTypeReference@2c9306d3
2025-02-02T14:24:22.124+09:00 DEBUG 12240 --- [project] [main] org.hibernate.type.BasicTypeRegistry     : Adding type registration short -> org.hibernate.type.BasicTypeReference@4270b142
2025-02-02T14:24:22.125+09:00 DEBUG 12240 --- [project] [main] org.hibernate.type.BasicTypeRegistry     : Adding type registration short -> org.hibernate.type.BasicTypeReference@4270b142
2025-02-02T14:24:22.126+09:00 DEBUG 12240 --- [project] [main] org.hibernate.type.BasicTypeRegistry     : Adding type registration java.lang.Short -> org.hibernate.type.BasicTypeReference@4270b142
2025-02-02T14:24:22.128+09:00 DEBUG 12240 --- [project] [main] org.hibernate.type.BasicTypeRegistry     : Adding type registration integer -> org.hibernate.type.BasicTypeReference@2dfa02c1
2025-02-02T14:24:22.130+09:00 DEBUG 12240 --- [project] [main] org.hibernate.type.BasicTypeRegistry     : Adding type registration int -> org.hibernate.type.BasicTypeReference@2dfa02c1
2025-02-02T14:24:22.131+09:00 DEBUG 12240 --- [project] [main] org.hibernate.type.BasicTypeRegistry     : Adding type registration java.lang.Integer -> org.hibernate.type.BasicTypeReference@2dfa02c1
2025-02-02T14:24:22.133+09:00 DEBUG 12240 --- [project] [main] org.hibernate.type.BasicTypeRegistry     : Adding type registration long -> org.hibernate.type.BasicTypeReference@6314df3c
2025-02-02T14:24:22.135+09:00 DEBUG 12240 --- [project] [main] org.hibernate.type.BasicTypeRegistry     : Adding type registration long -> org.hibernate.type.BasicTypeReference@6314df3c
2025-02-02T14:24:22.137+09:00 DEBUG 12240 --- [project] [main] org.hibernate.type.BasicTypeRegistry     : Adding type registration java.lang.Long -> org.hibernate.type.BasicTypeReference@6314df3c
2025-02-02T14:24:22.140+09:00 DEBUG 12240 --- [project] [main] org.hibernate.type.BasicTypeRegistry     : Adding type registration float -> org.hibernate.type.BasicTypeReference@5785e813
2025-02-02T14:24:22.142+09:00 DEBUG 12240 --- [project] [main] org.hibernate.type.BasicTypeRegistry     : Adding type registration float -> org.hibernate.type.BasicTypeReference@5785e813
2025-02-02T14:24:22.143+09:00 DEBUG 12240 --- [project] [main] org.hibernate.type.BasicTypeRegistry     : Adding type registration java.lang.Float -> org.hibernate.type.BasicTypeReference@5785e813
2025-02-02T14:24:22.145+09:00 DEBUG 12240 --- [project] [main] org.hibernate.type.BasicTypeRegistry     : Adding type registration double -> org.hibernate.type.BasicTypeReference@10b8b900
2025-02-02T14:24:22.146+09:00 DEBUG 12240 --- [project] [main] org.hibernate.type.BasicTypeRegistry     : Adding type registration double -> org.hibernate.type.BasicTypeReference@10b8b900
2025-02-02T14:24:22.148+09:00 DEBUG 12240 --- [project] [main] org.hibernate.type.BasicTypeRegistry     : Adding type registration java.lang.Double -> org.hibernate.type.BasicTypeReference@10b8b900
2025-02-02T14:24:22.151+09:00 DEBUG 12240 --- [project] [main] org.hibernate.type.BasicTypeRegistry     : Adding type registration big_integer -> org.hibernate.type.BasicTypeReference@6d294ddc
2025-02-02T14:24:22.153+09:00 DEBUG 12240 --- [project] [main] org.hibernate.type.BasicTypeRegistry     : Adding type registration java.math.BigInteger -> org.hibernate.type.BasicTypeReference@6d294ddc
2025-02-02T14:24:22.156+09:00 DEBUG 12240 --- [project] [main] org.hibernate.type.BasicTypeRegistry     : Adding type registration big_decimal -> org.hibernate.type.BasicTypeReference@2801827a
2025-02-02T14:24:22.158+09:00 DEBUG 12240 --- [project] [main] org.hibernate.type.BasicTypeRegistry     : Adding type registration java.math.BigDecimal -> org.hibernate.type.BasicTypeReference@2801827a
2025-02-02T14:24:22.160+09:00 DEBUG 12240 --- [project] [main] org.hibernate.type.BasicTypeRegistry     : Adding type registration character -> org.hibernate.type.BasicTypeReference@50bc3219
2025-02-02T14:24:22.162+09:00 DEBUG 12240 --- [project] [main] org.hibernate.type.BasicTypeRegistry     : Adding type registration char -> org.hibernate.type.BasicTypeReference@50bc3219
2025-02-02T14:24:22.164+09:00 DEBUG 12240 --- [project] [main] org.hibernate.type.BasicTypeRegistry     : Adding type registration java.lang.Character -> org.hibernate.type.BasicTypeReference@50bc3219
2025-02-02T14:24:22.166+09:00 DEBUG 12240 --- [project] [main] org.hibernate.type.BasicTypeRegistry     : Adding type registration character_nchar -> org.hibernate.type.BasicTypeReference@599f1b7
2025-02-02T14:24:22.168+09:00 DEBUG 12240 --- [project] [main] org.hibernate.type.BasicTypeRegistry     : Adding type registration string -> org.hibernate.type.BasicTypeReference@22791b75
2025-02-02T14:24:22.169+09:00 DEBUG 12240 --- [project] [main] org.hibernate.type.BasicTypeRegistry     : Adding type registration java.lang.String -> org.hibernate.type.BasicTypeReference@22791b75
2025-02-02T14:24:22.173+09:00 DEBUG 12240 --- [project] [main] org.hibernate.type.BasicTypeRegistry     : Adding type registration nstring -> org.hibernate.type.BasicTypeReference@64f4f12
2025-02-02T14:24:22.175+09:00 DEBUG 12240 --- [project] [main] org.hibernate.type.BasicTypeRegistry     : Adding type registration characters -> org.hibernate.type.BasicTypeReference@37d28938
2025-02-02T14:24:22.177+09:00 DEBUG 12240 --- [project] [main] org.hibernate.type.BasicTypeRegistry     : Adding type registration char[] -> org.hibernate.type.BasicTypeReference@37d28938
2025-02-02T14:24:22.179+09:00 DEBUG 12240 --- [project] [main] org.hibernate.type.BasicTypeRegistry     : Adding type registration [C -> org.hibernate.type.BasicTypeReference@37d28938
2025-02-02T14:24:22.180+09:00 DEBUG 12240 --- [project] [main] org.hibernate.type.BasicTypeRegistry     : Adding type registration wrapper-characters -> org.hibernate.type.BasicTypeReference@7d0cd23c
2025-02-02T14:24:22.182+09:00 DEBUG 12240 --- [project] [main] org.hibernate.type.BasicTypeRegistry     : Adding type registration text -> org.hibernate.type.BasicTypeReference@17c4dc5b
2025-02-02T14:24:22.184+09:00 DEBUG 12240 --- [project] [main] org.hibernate.type.BasicTypeRegistry     : Adding type registration ntext -> org.hibernate.type.BasicTypeReference@6b0f266e
2025-02-02T14:24:22.185+09:00 DEBUG 12240 --- [project] [main] org.hibernate.type.BasicTypeRegistry     : Adding type registration clob -> org.hibernate.type.BasicTypeReference@4837f97e
2025-02-02T14:24:22.190+09:00 DEBUG 12240 --- [project] [main] org.hibernate.type.BasicTypeRegistry     : Adding type registration java.sql.Clob -> org.hibernate.type.BasicTypeReference@4837f97e
2025-02-02T14:24:22.192+09:00 DEBUG 12240 --- [project] [main] org.hibernate.type.BasicTypeRegistry     : Adding type registration nclob -> org.hibernate.type.BasicTypeReference@53314f76
2025-02-02T14:24:22.194+09:00 DEBUG 12240 --- [project] [main] org.hibernate.type.BasicTypeRegistry     : Adding type registration java.sql.NClob -> org.hibernate.type.BasicTypeReference@53314f76
2025-02-02T14:24:22.197+09:00 DEBUG 12240 --- [project] [main] org.hibernate.type.BasicTypeRegistry     : Adding type registration materialized_clob -> org.hibernate.type.BasicTypeReference@62a6674f
2025-02-02T14:24:22.201+09:00 DEBUG 12240 --- [project] [main] org.hibernate.type.BasicTypeRegistry     : Adding type registration materialized_clob_char_array -> org.hibernate.type.BasicTypeReference@70881123
2025-02-02T14:24:22.203+09:00 DEBUG 12240 --- [project] [main] org.hibernate.type.BasicTypeRegistry     : Adding type registration materialized_clob_character_array -> org.hibernate.type.BasicTypeReference@703fa45
2025-02-02T14:24:22.205+09:00 DEBUG 12240 --- [project] [main] org.hibernate.type.BasicTypeRegistry     : Adding type registration materialized_nclob -> org.hibernate.type.BasicTypeReference@5e905f2c
2025-02-02T14:24:22.210+09:00 DEBUG 12240 --- [project] [main] org.hibernate.type.BasicTypeRegistry     : Adding type registration materialized_nclob_character_array -> org.hibernate.type.BasicTypeReference@fddd7ae
2025-02-02T14:24:22.212+09:00 DEBUG 12240 --- [project] [main] org.hibernate.type.BasicTypeRegistry     : Adding type registration materialized_nclob_char_array -> org.hibernate.type.BasicTypeReference@3f6cce7f
2025-02-02T14:24:22.214+09:00 DEBUG 12240 --- [project] [main] org.hibernate.type.BasicTypeRegistry     : Adding type registration Duration -> org.hibernate.type.BasicTypeReference@2725ca05
2025-02-02T14:24:22.216+09:00 DEBUG 12240 --- [project] [main] org.hibernate.type.BasicTypeRegistry     : Adding type registration java.time.Duration -> org.hibernate.type.BasicTypeReference@2725ca05
2025-02-02T14:24:22.219+09:00 DEBUG 12240 --- [project] [main] org.hibernate.type.BasicTypeRegistry     : Adding type registration LocalDateTime -> org.hibernate.type.BasicTypeReference@7b9088f2
2025-02-02T14:24:22.220+09:00 DEBUG 12240 --- [project] [main] org.hibernate.type.BasicTypeRegistry     : Adding type registration java.time.LocalDateTime -> org.hibernate.type.BasicTypeReference@7b9088f2
2025-02-02T14:24:22.222+09:00 DEBUG 12240 --- [project] [main] org.hibernate.type.BasicTypeRegistry     : Adding type registration LocalDate -> org.hibernate.type.BasicTypeReference@1a914089
2025-02-02T14:24:22.224+09:00 DEBUG 12240 --- [project] [main] org.hibernate.type.BasicTypeRegistry     : Adding type registration java.time.LocalDate -> org.hibernate.type.BasicTypeReference@1a914089
2025-02-02T14:24:22.227+09:00 DEBUG 12240 --- [project] [main] org.hibernate.type.BasicTypeRegistry     : Adding type registration LocalTime -> org.hibernate.type.BasicTypeReference@43d76a92
2025-02-02T14:24:22.229+09:00 DEBUG 12240 --- [project] [main] org.hibernate.type.BasicTypeRegistry     : Adding type registration java.time.LocalTime -> org.hibernate.type.BasicTypeReference@43d76a92
2025-02-02T14:24:22.231+09:00 DEBUG 12240 --- [project] [main] org.hibernate.type.BasicTypeRegistry     : Adding type registration OffsetDateTime -> org.hibernate.type.BasicTypeReference@4a2bf50f
2025-02-02T14:24:22.232+09:00 DEBUG 12240 --- [project] [main] org.hibernate.type.BasicTypeRegistry     : Adding type registration java.time.OffsetDateTime -> org.hibernate.type.BasicTypeReference@4a2bf50f
2025-02-02T14:24:22.235+09:00 DEBUG 12240 --- [project] [main] org.hibernate.type.BasicTypeRegistry     : Adding type registration OffsetDateTimeWithTimezone -> org.hibernate.type.BasicTypeReference@350323a0
2025-02-02T14:24:22.237+09:00 DEBUG 12240 --- [project] [main] org.hibernate.type.BasicTypeRegistry     : Adding type registration OffsetDateTimeWithoutTimezone -> org.hibernate.type.BasicTypeReference@2506b881
2025-02-02T14:24:22.239+09:00 DEBUG 12240 --- [project] [main] org.hibernate.type.BasicTypeRegistry     : Adding type registration OffsetTime -> org.hibernate.type.BasicTypeReference@5d7dd549
2025-02-02T14:24:22.241+09:00 DEBUG 12240 --- [project] [main] org.hibernate.type.BasicTypeRegistry     : Adding type registration java.time.OffsetTime -> org.hibernate.type.BasicTypeReference@5d7dd549
2025-02-02T14:24:22.242+09:00 DEBUG 12240 --- [project] [main] org.hibernate.type.BasicTypeRegistry     : Adding type registration OffsetTimeUtc -> org.hibernate.type.BasicTypeReference@486bd064
2025-02-02T14:24:22.244+09:00 DEBUG 12240 --- [project] [main] org.hibernate.type.BasicTypeRegistry     : Adding type registration OffsetTimeWithTimezone -> org.hibernate.type.BasicTypeReference@6459f4ea
2025-02-02T14:24:22.246+09:00 DEBUG 12240 --- [project] [main] org.hibernate.type.BasicTypeRegistry     : Adding type registration OffsetTimeWithoutTimezone -> org.hibernate.type.BasicTypeReference@740b9a50
2025-02-02T14:24:22.252+09:00 DEBUG 12240 --- [project] [main] org.hibernate.type.BasicTypeRegistry     : Adding type registration ZonedDateTime -> org.hibernate.type.BasicTypeReference@476fde05
2025-02-02T14:24:22.254+09:00 DEBUG 12240 --- [project] [main] org.hibernate.type.BasicTypeRegistry     : Adding type registration java.time.ZonedDateTime -> org.hibernate.type.BasicTypeReference@476fde05
2025-02-02T14:24:22.256+09:00 DEBUG 12240 --- [project] [main] org.hibernate.type.BasicTypeRegistry     : Adding type registration ZonedDateTimeWithTimezone -> org.hibernate.type.BasicTypeReference@5111de7c
2025-02-02T14:24:22.258+09:00 DEBUG 12240 --- [project] [main] org.hibernate.type.BasicTypeRegistry     : Adding type registration ZonedDateTimeWithoutTimezone -> org.hibernate.type.BasicTypeReference@7ac48e10
2025-02-02T14:24:22.262+09:00 DEBUG 12240 --- [project] [main] org.hibernate.type.BasicTypeRegistry     : Adding type registration date -> org.hibernate.type.BasicTypeReference@52354202
2025-02-02T14:24:22.267+09:00 DEBUG 12240 --- [project] [main] org.hibernate.type.BasicTypeRegistry     : Adding type registration java.sql.Date -> org.hibernate.type.BasicTypeReference@52354202
2025-02-02T14:24:22.270+09:00 DEBUG 12240 --- [project] [main] org.hibernate.type.BasicTypeRegistry     : Adding type registration time -> org.hibernate.type.BasicTypeReference@6b1321b7
2025-02-02T14:24:22.275+09:00 DEBUG 12240 --- [project] [main] org.hibernate.type.BasicTypeRegistry     : Adding type registration java.sql.Time -> org.hibernate.type.BasicTypeReference@6b1321b7
2025-02-02T14:24:22.278+09:00 DEBUG 12240 --- [project] [main] org.hibernate.type.BasicTypeRegistry     : Adding type registration timestamp -> org.hibernate.type.BasicTypeReference@342ee097
2025-02-02T14:24:22.280+09:00 DEBUG 12240 --- [project] [main] org.hibernate.type.BasicTypeRegistry     : Adding type registration java.sql.Timestamp -> org.hibernate.type.BasicTypeReference@342ee097
2025-02-02T14:24:22.313+09:00 DEBUG 12240 --- [project] [main] org.hibernate.type.BasicTypeRegistry     : Adding type registration java.util.Date -> org.hibernate.type.BasicTypeReference@342ee097
2025-02-02T14:24:22.315+09:00 DEBUG 12240 --- [project] [main] org.hibernate.type.BasicTypeRegistry     : Adding type registration calendar -> org.hibernate.type.BasicTypeReference@6ac45c0c
2025-02-02T14:24:22.318+09:00 DEBUG 12240 --- [project] [main] org.hibernate.type.BasicTypeRegistry     : Adding type registration java.util.Calendar -> org.hibernate.type.BasicTypeReference@6ac45c0c
2025-02-02T14:24:22.320+09:00 DEBUG 12240 --- [project] [main] org.hibernate.type.BasicTypeRegistry     : Adding type registration java.util.GregorianCalendar -> org.hibernate.type.BasicTypeReference@6ac45c0c
2025-02-02T14:24:22.322+09:00 DEBUG 12240 --- [project] [main] org.hibernate.type.BasicTypeRegistry     : Adding type registration calendar_date -> org.hibernate.type.BasicTypeReference@12192604
2025-02-02T14:24:22.326+09:00 DEBUG 12240 --- [project] [main] org.hibernate.type.BasicTypeRegistry     : Adding type registration calendar_time -> org.hibernate.type.BasicTypeReference@6075b369
2025-02-02T14:24:22.327+09:00 DEBUG 12240 --- [project] [main] org.hibernate.type.BasicTypeRegistry     : Adding type registration instant -> org.hibernate.type.BasicTypeReference@231cdda8
2025-02-02T14:24:22.328+09:00 DEBUG 12240 --- [project] [main] org.hibernate.type.BasicTypeRegistry     : Adding type registration java.time.Instant -> org.hibernate.type.BasicTypeReference@231cdda8
2025-02-02T14:24:22.331+09:00 DEBUG 12240 --- [project] [main] org.hibernate.type.BasicTypeRegistry     : Adding type registration uuid -> org.hibernate.type.BasicTypeReference@6b70d1fb
2025-02-02T14:24:22.332+09:00 DEBUG 12240 --- [project] [main] org.hibernate.type.BasicTypeRegistry     : Adding type registration java.util.UUID -> org.hibernate.type.BasicTypeReference@6b70d1fb
2025-02-02T14:24:22.333+09:00 DEBUG 12240 --- [project] [main] org.hibernate.type.BasicTypeRegistry     : Adding type registration pg-uuid -> org.hibernate.type.BasicTypeReference@6b70d1fb
2025-02-02T14:24:22.335+09:00 DEBUG 12240 --- [project] [main] org.hibernate.type.BasicTypeRegistry     : Adding type registration uuid-binary -> org.hibernate.type.BasicTypeReference@3002e397
2025-02-02T14:24:22.336+09:00 DEBUG 12240 --- [project] [main] org.hibernate.type.BasicTypeRegistry     : Adding type registration uuid-char -> org.hibernate.type.BasicTypeReference@7da1e005
2025-02-02T14:24:22.337+09:00 DEBUG 12240 --- [project] [main] org.hibernate.type.BasicTypeRegistry     : Adding type registration class -> org.hibernate.type.BasicTypeReference@38159384
2025-02-02T14:24:22.338+09:00 DEBUG 12240 --- [project] [main] org.hibernate.type.BasicTypeRegistry     : Adding type registration java.lang.Class -> org.hibernate.type.BasicTypeReference@38159384
2025-02-02T14:24:22.339+09:00 DEBUG 12240 --- [project] [main] org.hibernate.type.BasicTypeRegistry     : Adding type registration currency -> org.hibernate.type.BasicTypeReference@55877274
2025-02-02T14:24:22.340+09:00 DEBUG 12240 --- [project] [main] org.hibernate.type.BasicTypeRegistry     : Adding type registration Currency -> org.hibernate.type.BasicTypeReference@55877274
2025-02-02T14:24:22.342+09:00 DEBUG 12240 --- [project] [main] org.hibernate.type.BasicTypeRegistry     : Adding type registration java.util.Currency -> org.hibernate.type.BasicTypeReference@55877274
2025-02-02T14:24:22.343+09:00 DEBUG 12240 --- [project] [main] org.hibernate.type.BasicTypeRegistry     : Adding type registration locale -> org.hibernate.type.BasicTypeReference@723e2d08
2025-02-02T14:24:22.344+09:00 DEBUG 12240 --- [project] [main] org.hibernate.type.BasicTypeRegistry     : Adding type registration java.util.Locale -> org.hibernate.type.BasicTypeReference@723e2d08
2025-02-02T14:24:22.353+09:00 DEBUG 12240 --- [project] [main] org.hibernate.type.BasicTypeRegistry     : Adding type registration serializable -> org.hibernate.type.BasicTypeReference@6d4a82
2025-02-02T14:24:22.356+09:00 DEBUG 12240 --- [project] [main] org.hibernate.type.BasicTypeRegistry     : Adding type registration java.io.Serializable -> org.hibernate.type.BasicTypeReference@6d4a82
2025-02-02T14:24:22.358+09:00 DEBUG 12240 --- [project] [main] org.hibernate.type.BasicTypeRegistry     : Adding type registration timezone -> org.hibernate.type.BasicTypeReference@14f060b8
2025-02-02T14:24:22.359+09:00 DEBUG 12240 --- [project] [main] org.hibernate.type.BasicTypeRegistry     : Adding type registration java.util.TimeZone -> org.hibernate.type.BasicTypeReference@14f060b8
2025-02-02T14:24:22.361+09:00 DEBUG 12240 --- [project] [main] org.hibernate.type.BasicTypeRegistry     : Adding type registration ZoneOffset -> org.hibernate.type.BasicTypeReference@7a0ab480
2025-02-02T14:24:22.365+09:00 DEBUG 12240 --- [project] [main] org.hibernate.type.BasicTypeRegistry     : Adding type registration java.time.ZoneOffset -> org.hibernate.type.BasicTypeReference@7a0ab480
2025-02-02T14:24:22.367+09:00 DEBUG 12240 --- [project] [main] org.hibernate.type.BasicTypeRegistry     : Adding type registration url -> org.hibernate.type.BasicTypeReference@79df80a4
2025-02-02T14:24:22.369+09:00 DEBUG 12240 --- [project] [main] org.hibernate.type.BasicTypeRegistry     : Adding type registration java.net.URL -> org.hibernate.type.BasicTypeReference@79df80a4
2025-02-02T14:24:22.370+09:00 DEBUG 12240 --- [project] [main] org.hibernate.type.BasicTypeRegistry     : Adding type registration vector -> org.hibernate.type.BasicTypeReference@130cfc47
2025-02-02T14:24:22.371+09:00 DEBUG 12240 --- [project] [main] org.hibernate.type.BasicTypeRegistry     : Adding type registration float_vector -> org.hibernate.type.BasicTypeReference@4eeab3e
2025-02-02T14:24:22.372+09:00 DEBUG 12240 --- [project] [main] org.hibernate.type.BasicTypeRegistry     : Adding type registration double_vector -> org.hibernate.type.BasicTypeReference@2b6fb197
2025-02-02T14:24:22.373+09:00 DEBUG 12240 --- [project] [main] org.hibernate.type.BasicTypeRegistry     : Adding type registration byte_vector -> org.hibernate.type.BasicTypeReference@2eb0cefe
2025-02-02T14:24:22.375+09:00 DEBUG 12240 --- [project] [main] org.hibernate.type.BasicTypeRegistry     : Adding type registration row_version -> org.hibernate.type.BasicTypeReference@5a2ae1ab
2025-02-02T14:24:22.426+09:00 DEBUG 12240 --- [project] [main] org.hibernate.type.BasicTypeRegistry     : Adding type registration object -> org.hibernate.type.JavaObjectType@46a8c2b4
2025-02-02T14:24:22.429+09:00 DEBUG 12240 --- [project] [main] org.hibernate.type.BasicTypeRegistry     : Adding type registration java.lang.Object -> org.hibernate.type.JavaObjectType@46a8c2b4
2025-02-02T14:24:22.438+09:00 DEBUG 12240 --- [project] [main] org.hibernate.type.BasicTypeRegistry     : Adding type registration null -> org.hibernate.type.NullType@7a66c35a
2025-02-02T14:24:22.440+09:00 DEBUG 12240 --- [project] [main] org.hibernate.type.BasicTypeRegistry     : Adding type registration imm_date -> org.hibernate.type.BasicTypeReference@7994a0d1
2025-02-02T14:24:22.442+09:00 DEBUG 12240 --- [project] [main] org.hibernate.type.BasicTypeRegistry     : Adding type registration imm_time -> org.hibernate.type.BasicTypeReference@73e4387
2025-02-02T14:24:22.444+09:00 DEBUG 12240 --- [project] [main] org.hibernate.type.BasicTypeRegistry     : Adding type registration imm_timestamp -> org.hibernate.type.BasicTypeReference@d87d449
2025-02-02T14:24:22.445+09:00 DEBUG 12240 --- [project] [main] org.hibernate.type.BasicTypeRegistry     : Adding type registration imm_calendar -> org.hibernate.type.BasicTypeReference@4137aab0
2025-02-02T14:24:22.447+09:00 DEBUG 12240 --- [project] [main] org.hibernate.type.BasicTypeRegistry     : Adding type registration imm_calendar_date -> org.hibernate.type.BasicTypeReference@1df9186f
2025-02-02T14:24:22.449+09:00 DEBUG 12240 --- [project] [main] org.hibernate.type.BasicTypeRegistry     : Adding type registration imm_calendar_time -> org.hibernate.type.BasicTypeReference@682e422c
2025-02-02T14:24:22.450+09:00 DEBUG 12240 --- [project] [main] org.hibernate.type.BasicTypeRegistry     : Adding type registration imm_binary -> org.hibernate.type.BasicTypeReference@5bb8e6fc
2025-02-02T14:24:22.452+09:00 DEBUG 12240 --- [project] [main] org.hibernate.type.BasicTypeRegistry     : Adding type registration imm_serializable -> org.hibernate.type.BasicTypeReference@2726a511
2025-02-02T14:24:23.933+09:00  INFO 12240 --- [project] [main] o.s.o.j.p.SpringPersistenceUnitInfo      : No LoadTimeWeaver setup: ignoring JPA class transformer
2025-02-02T14:24:24.151+09:00  INFO 12240 --- [project] [main] com.zaxxer.hikari.HikariDataSource       : HikariPool-1 - Starting...
2025-02-02T14:24:25.240+09:00  INFO 12240 --- [project] [main] com.zaxxer.hikari.pool.HikariPool        : HikariPool-1 - Added connection conn0: url=jdbc:h2:mem:test user=SA
2025-02-02T14:24:25.253+09:00  INFO 12240 --- [project] [main] com.zaxxer.hikari.HikariDataSource       : HikariPool-1 - Start completed.
2025-02-02T14:24:25.630+09:00  INFO 12240 --- [project] [main] org.hibernate.orm.connections.pooling    : HHH10001005: Database info:
	Database JDBC URL [Connecting through datasource 'HikariDataSource (HikariPool-1)']
	Database driver: undefined/unknown
	Database version: 2.3.232
	Autocommit mode: undefined/unknown
	Isolation level: undefined/unknown
	Minimum pool size: undefined/unknown
	Maximum pool size: undefined/unknown
2025-02-02T14:24:25.680+09:00 DEBUG 12240 --- [project] [main] o.h.t.d.jdbc.spi.JdbcTypeRegistry        : addDescriptor(NCharTypeDescriptor) replaced previous registration(CharTypeDescriptor)
2025-02-02T14:24:25.681+09:00 DEBUG 12240 --- [project] [main] o.h.t.d.jdbc.spi.JdbcTypeRegistry        : addDescriptor(NVarcharTypeDescriptor) replaced previous registration(VarcharTypeDescriptor)
2025-02-02T14:24:25.684+09:00 DEBUG 12240 --- [project] [main] o.h.t.d.jdbc.spi.JdbcTypeRegistry        : addDescriptor(LongNVarcharTypeDescriptor) replaced previous registration(LongVarcharTypeDescriptor)
2025-02-02T14:24:25.703+09:00 DEBUG 12240 --- [project] [main] o.h.t.d.jdbc.spi.JdbcTypeRegistry        : addDescriptor(NClobTypeDescriptor(DEFAULT)) replaced previous registration(ClobTypeDescriptor(DEFAULT))
2025-02-02T14:24:25.710+09:00 DEBUG 12240 --- [project] [main] o.h.t.d.jdbc.spi.JdbcTypeRegistry        : addDescriptor(TimestampUtcDescriptor) replaced previous registration(TimestampUtcDescriptor)
2025-02-02T14:24:25.738+09:00 DEBUG 12240 --- [project] [main] org.hibernate.type.BasicTypeRegistry     : Adding type registration org.hibernate.type.DurationType -> basicType@1(java.time.Duration,3015)
2025-02-02T14:24:25.740+09:00 DEBUG 12240 --- [project] [main] org.hibernate.type.BasicTypeRegistry     : Adding type registration Duration -> basicType@1(java.time.Duration,3015)
2025-02-02T14:24:25.741+09:00 DEBUG 12240 --- [project] [main] org.hibernate.type.BasicTypeRegistry     : Adding type registration java.time.Duration -> basicType@1(java.time.Duration,3015)
2025-02-02T14:24:25.760+09:00 DEBUG 12240 --- [project] [main] o.h.type.spi.TypeConfiguration$Scope     : Scoping TypeConfiguration [org.hibernate.type.spi.TypeConfiguration@fe08eaf] to MetadataBuildingContext [org.hibernate.boot.internal.MetadataBuildingContextRootImpl@6fd9dbe6]
2025-02-02T14:24:31.183+09:00  INFO 12240 --- [project] [main] o.h.e.t.j.p.i.JtaPlatformInitiator       : HHH000489: No JTA platform available (set 'hibernate.transaction.jta.platform' to enable JTA platform integration)
2025-02-02T14:24:31.187+09:00 DEBUG 12240 --- [project] [main] o.h.type.spi.TypeConfiguration$Scope     : Scoping TypeConfiguration [org.hibernate.type.spi.TypeConfiguration@fe08eaf] to SessionFactoryImplementor [org.hibernate.internal.SessionFactoryImpl@6fe337a5]
2025-02-02T14:24:31.404+09:00 TRACE 12240 --- [project] [main] o.h.type.spi.TypeConfiguration$Scope     : Handling #sessionFactoryCreated from [org.hibernate.internal.SessionFactoryImpl@6fe337a5] for TypeConfiguration
2025-02-02T14:24:31.407+09:00  INFO 12240 --- [project] [main] j.LocalContainerEntityManagerFactoryBean : Initialized JPA EntityManagerFactory for persistence unit 'default'
2025-02-02T14:24:33.544+09:00  WARN 12240 --- [project] [main] ConfigServletWebServerApplicationContext : Exception encountered during context initialization - cancelling refresh attempt: org.springframework.beans.factory.UnsatisfiedDependencyException: Error creating bean with name 'apiV1MemberController' defined in file [C:\AI\javaProject\develope\project\out\production\classes\com\example\project\domain\member\controller\ApiV1MemberController.class]: Unsatisfied dependency expressed through constructor parameter 1: Error creating bean with name 'jwtProvider': Injection of autowired dependencies failed
2025-02-02T14:24:33.547+09:00  INFO 12240 --- [project] [main] j.LocalContainerEntityManagerFactoryBean : Closing JPA EntityManagerFactory for persistence unit 'default'
2025-02-02T14:24:33.551+09:00 TRACE 12240 --- [project] [main] o.h.type.spi.TypeConfiguration$Scope     : Handling #sessionFactoryClosed from [org.hibernate.internal.SessionFactoryImpl@6fe337a5] for TypeConfiguration
2025-02-02T14:24:33.552+09:00 DEBUG 12240 --- [project] [main] o.h.type.spi.TypeConfiguration$Scope     : Un-scoping TypeConfiguration [org.hibernate.type.spi.TypeConfiguration$Scope@66df362c] from SessionFactory [org.hibernate.internal.SessionFactoryImpl@6fe337a5]
2025-02-02T14:24:33.562+09:00  INFO 12240 --- [project] [main] com.zaxxer.hikari.HikariDataSource       : HikariPool-1 - Shutdown initiated...
2025-02-02T14:24:33.574+09:00  INFO 12240 --- [project] [main] com.zaxxer.hikari.HikariDataSource       : HikariPool-1 - Shutdown completed.
2025-02-02T14:24:33.586+09:00  INFO 12240 --- [project] [main] o.apache.catalina.core.StandardService   : Stopping service [Tomcat]
2025-02-02T14:24:33.656+09:00  INFO 12240 --- [project] [main] .s.b.a.l.ConditionEvaluationReportLogger : 

Error starting ApplicationContext. To display the condition evaluation report re-run your application with 'debug' enabled.
2025-02-02T14:24:33.881+09:00 ERROR 12240 --- [project] [main] o.s.boot.SpringApplication               : Application run failed

org.springframework.beans.factory.UnsatisfiedDependencyException: Error creating bean with name 'apiV1MemberController' defined in file [C:\AI\javaProject\develope\project\out\production\classes\com\example\project\domain\member\controller\ApiV1MemberController.class]: Unsatisfied dependency expressed through constructor parameter 1: Error creating bean with name 'jwtProvider': Injection of autowired dependencies failed
	at org.springframework.beans.factory.support.ConstructorResolver.createArgumentArray(ConstructorResolver.java:804) ~[spring-beans-6.2.2.jar:6.2.2]
	at org.springframework.beans.factory.support.ConstructorResolver.autowireConstructor(ConstructorResolver.java:240) ~[spring-beans-6.2.2.jar:6.2.2]
	at org.springframework.beans.factory.support.AbstractAutowireCapableBeanFactory.autowireConstructor(AbstractAutowireCapableBeanFactory.java:1381) ~[spring-beans-6.2.2.jar:6.2.2]
	at org.springframework.beans.factory.support.AbstractAutowireCapableBeanFactory.createBeanInstance(AbstractAutowireCapableBeanFactory.java:1218) ~[spring-beans-6.2.2.jar:6.2.2]
	at org.springframework.beans.factory.support.AbstractAutowireCapableBeanFactory.doCreateBean(AbstractAutowireCapableBeanFactory.java:563) ~[spring-beans-6.2.2.jar:6.2.2]
	at org.springframework.beans.factory.support.AbstractAutowireCapableBeanFactory.createBean(AbstractAutowireCapableBeanFactory.java:523) ~[spring-beans-6.2.2.jar:6.2.2]
	at org.springframework.beans.factory.support.AbstractBeanFactory.lambda$doGetBean$0(AbstractBeanFactory.java:336) ~[spring-beans-6.2.2.jar:6.2.2]
	at org.springframework.beans.factory.support.DefaultSingletonBeanRegistry.getSingleton(DefaultSingletonBeanRegistry.java:307) ~[spring-beans-6.2.2.jar:6.2.2]
	at org.springframework.beans.factory.support.AbstractBeanFactory.doGetBean(AbstractBeanFactory.java:334) ~[spring-beans-6.2.2.jar:6.2.2]
	at org.springframework.beans.factory.support.AbstractBeanFactory.getBean(AbstractBeanFactory.java:199) ~[spring-beans-6.2.2.jar:6.2.2]
	at org.springframework.beans.factory.support.DefaultListableBeanFactory.instantiateSingleton(DefaultListableBeanFactory.java:1122) ~[spring-beans-6.2.2.jar:6.2.2]
	at org.springframework.beans.factory.support.DefaultListableBeanFactory.preInstantiateSingleton(DefaultListableBeanFactory.java:1093) ~[spring-beans-6.2.2.jar:6.2.2]
	at org.springframework.beans.factory.support.DefaultListableBeanFactory.preInstantiateSingletons(DefaultListableBeanFactory.java:1030) ~[spring-beans-6.2.2.jar:6.2.2]
	at org.springframework.context.support.AbstractApplicationContext.finishBeanFactoryInitialization(AbstractApplicationContext.java:987) ~[spring-context-6.2.2.jar:6.2.2]
	at org.springframework.context.support.AbstractApplicationContext.refresh(AbstractApplicationContext.java:627) ~[spring-context-6.2.2.jar:6.2.2]
	at org.springframework.boot.web.servlet.context.ServletWebServerApplicationContext.refresh(ServletWebServerApplicationContext.java:146) ~[spring-boot-3.4.2.jar:3.4.2]
	at org.springframework.boot.SpringApplication.refresh(SpringApplication.java:752) ~[spring-boot-3.4.2.jar:3.4.2]
	at org.springframework.boot.SpringApplication.refreshContext(SpringApplication.java:439) ~[spring-boot-3.4.2.jar:3.4.2]
	at org.springframework.boot.SpringApplication.run(SpringApplication.java:318) ~[spring-boot-3.4.2.jar:3.4.2]
	at org.springframework.boot.SpringApplication.run(SpringApplication.java:1361) ~[spring-boot-3.4.2.jar:3.4.2]
	at org.springframework.boot.SpringApplication.run(SpringApplication.java:1350) ~[spring-boot-3.4.2.jar:3.4.2]
	at com.example.project.ProjectApplication.main(ProjectApplication.java:10) ~[classes/:na]
Caused by: org.springframework.beans.factory.BeanCreationException: Error creating bean with name 'jwtProvider': Injection of autowired dependencies failed
	at org.springframework.beans.factory.annotation.AutowiredAnnotationBeanPostProcessor.postProcessProperties(AutowiredAnnotationBeanPostProcessor.java:515) ~[spring-beans-6.2.2.jar:6.2.2]
	at org.springframework.beans.factory.support.AbstractAutowireCapableBeanFactory.populateBean(AbstractAutowireCapableBeanFactory.java:1445) ~[spring-beans-6.2.2.jar:6.2.2]
	at org.springframework.beans.factory.support.AbstractAutowireCapableBeanFactory.doCreateBean(AbstractAutowireCapableBeanFactory.java:600) ~[spring-beans-6.2.2.jar:6.2.2]
	at org.springframework.beans.factory.support.AbstractAutowireCapableBeanFactory.createBean(AbstractAutowireCapableBeanFactory.java:523) ~[spring-beans-6.2.2.jar:6.2.2]
	at org.springframework.beans.factory.support.AbstractBeanFactory.lambda$doGetBean$0(AbstractBeanFactory.java:336) ~[spring-beans-6.2.2.jar:6.2.2]
	at org.springframework.beans.factory.support.DefaultSingletonBeanRegistry.getSingleton(DefaultSingletonBeanRegistry.java:307) ~[spring-beans-6.2.2.jar:6.2.2]
	at org.springframework.beans.factory.support.AbstractBeanFactory.doGetBean(AbstractBeanFactory.java:334) ~[spring-beans-6.2.2.jar:6.2.2]
	at org.springframework.beans.factory.support.AbstractBeanFactory.getBean(AbstractBeanFactory.java:199) ~[spring-beans-6.2.2.jar:6.2.2]
	at org.springframework.beans.factory.config.DependencyDescriptor.resolveCandidate(DependencyDescriptor.java:254) ~[spring-beans-6.2.2.jar:6.2.2]
	at org.springframework.beans.factory.support.DefaultListableBeanFactory.doResolveDependency(DefaultListableBeanFactory.java:1631) ~[spring-beans-6.2.2.jar:6.2.2]
	at org.springframework.beans.factory.support.DefaultListableBeanFactory.resolveDependency(DefaultListableBeanFactory.java:1519) ~[spring-beans-6.2.2.jar:6.2.2]
	at org.springframework.beans.factory.support.ConstructorResolver.resolveAutowiredArgument(ConstructorResolver.java:913) ~[spring-beans-6.2.2.jar:6.2.2]
	at org.springframework.beans.factory.support.ConstructorResolver.createArgumentArray(ConstructorResolver.java:791) ~[spring-beans-6.2.2.jar:6.2.2]
	... 21 common frames omitted
Caused by: org.springframework.util.PlaceholderResolutionException: Could not resolve placeholder 'application.spring.security.accssToken.expirationSeconds' in value "${application.spring.security.accssToken.expirationSeconds}" <-- "${spring.oauth2.accessToken.expirationSeconds}"
	at org.springframework.util.PlaceholderResolutionException.withValue(PlaceholderResolutionException.java:81) ~[spring-core-6.2.2.jar:6.2.2]
	at org.springframework.util.PlaceholderParser$ParsedValue.resolve(PlaceholderParser.java:416) ~[spring-core-6.2.2.jar:6.2.2]
	at org.springframework.util.PlaceholderParser.replacePlaceholders(PlaceholderParser.java:128) ~[spring-core-6.2.2.jar:6.2.2]
	at org.springframework.util.PropertyPlaceholderHelper.parseStringValue(PropertyPlaceholderHelper.java:118) ~[spring-core-6.2.2.jar:6.2.2]
	at org.springframework.util.PropertyPlaceholderHelper.replacePlaceholders(PropertyPlaceholderHelper.java:114) ~[spring-core-6.2.2.jar:6.2.2]
	at org.springframework.core.env.AbstractPropertyResolver.doResolvePlaceholders(AbstractPropertyResolver.java:255) ~[spring-core-6.2.2.jar:6.2.2]
	at org.springframework.core.env.AbstractPropertyResolver.resolveRequiredPlaceholders(AbstractPropertyResolver.java:226) ~[spring-core-6.2.2.jar:6.2.2]
	at org.springframework.context.support.PropertySourcesPlaceholderConfigurer.lambda$processProperties$0(PropertySourcesPlaceholderConfigurer.java:201) ~[spring-context-6.2.2.jar:6.2.2]
	at org.springframework.beans.factory.support.AbstractBeanFactory.resolveEmbeddedValue(AbstractBeanFactory.java:963) ~[spring-beans-6.2.2.jar:6.2.2]
	at org.springframework.beans.factory.support.DefaultListableBeanFactory.doResolveDependency(DefaultListableBeanFactory.java:1541) ~[spring-beans-6.2.2.jar:6.2.2]
	at org.springframework.beans.factory.support.DefaultListableBeanFactory.resolveDependency(DefaultListableBeanFactory.java:1519) ~[spring-beans-6.2.2.jar:6.2.2]
	at org.springframework.beans.factory.annotation.AutowiredAnnotationBeanPostProcessor$AutowiredFieldElement.resolveFieldValue(AutowiredAnnotationBeanPostProcessor.java:785) ~[spring-beans-6.2.2.jar:6.2.2]
	at org.springframework.beans.factory.annotation.AutowiredAnnotationBeanPostProcessor$AutowiredFieldElement.inject(AutowiredAnnotationBeanPostProcessor.java:768) ~[spring-beans-6.2.2.jar:6.2.2]
	at org.springframework.beans.factory.annotation.InjectionMetadata.inject(InjectionMetadata.java:146) ~[spring-beans-6.2.2.jar:6.2.2]
	at org.springframework.beans.factory.annotation.AutowiredAnnotationBeanPostProcessor.postProcessProperties(AutowiredAnnotationBeanPostProcessor.java:509) ~[spring-beans-6.2.2.jar:6.2.2]
	... 33 common frames omitted

2025-02-02T14:27:44.464+09:00  INFO 9816 --- [project] [main] com.example.project.ProjectApplication   : Starting ProjectApplication using Java 21.0.5 with PID 9816 (C:\AI\javaProject\develope\project\out\production\classes started by nsy71 in C:\AI\javaProject\develope\project)
2025-02-02T14:27:44.480+09:00  INFO 9816 --- [project] [main] com.example.project.ProjectApplication   : The following 2 profiles are active: "secret", "dev"
2025-02-02T14:27:49.902+09:00  INFO 9816 --- [project] [main] .s.d.r.c.RepositoryConfigurationDelegate : Bootstrapping Spring Data JPA repositories in DEFAULT mode.
2025-02-02T14:27:50.453+09:00  INFO 9816 --- [project] [main] .s.d.r.c.RepositoryConfigurationDelegate : Finished Spring Data repository scanning in 481 ms. Found 1 JPA repository interface.
2025-02-02T14:27:54.275+09:00  INFO 9816 --- [project] [main] o.s.b.w.embedded.tomcat.TomcatWebServer  : Tomcat initialized with port 8080 (http)
2025-02-02T14:27:54.355+09:00  INFO 9816 --- [project] [main] o.apache.catalina.core.StandardService   : Starting service [Tomcat]
2025-02-02T14:27:54.357+09:00  INFO 9816 --- [project] [main] o.apache.catalina.core.StandardEngine    : Starting Servlet engine: [Apache Tomcat/10.1.34]
2025-02-02T14:27:54.736+09:00  INFO 9816 --- [project] [main] o.a.c.c.C.[Tomcat].[localhost].[/]       : Initializing Spring embedded WebApplicationContext
2025-02-02T14:27:54.738+09:00  INFO 9816 --- [project] [main] w.s.c.ServletWebServerApplicationContext : Root WebApplicationContext: initialization completed in 9891 ms
2025-02-02T14:27:55.745+09:00  INFO 9816 --- [project] [main] o.hibernate.jpa.internal.util.LogHelper  : HHH000204: Processing PersistenceUnitInfo [name: default]
2025-02-02T14:27:56.307+09:00  INFO 9816 --- [project] [main] org.hibernate.Version                    : HHH000412: Hibernate ORM core version 6.6.5.Final
2025-02-02T14:27:56.635+09:00  INFO 9816 --- [project] [main] o.h.c.internal.RegionFactoryInitiator    : HHH000026: Second-level cache disabled
2025-02-02T14:27:57.087+09:00 DEBUG 9816 --- [project] [main] org.hibernate.type.BasicTypeRegistry     : Adding type registration boolean -> org.hibernate.type.BasicTypeReference@681061d6
2025-02-02T14:27:57.089+09:00 DEBUG 9816 --- [project] [main] org.hibernate.type.BasicTypeRegistry     : Adding type registration boolean -> org.hibernate.type.BasicTypeReference@681061d6
2025-02-02T14:27:57.090+09:00 DEBUG 9816 --- [project] [main] org.hibernate.type.BasicTypeRegistry     : Adding type registration java.lang.Boolean -> org.hibernate.type.BasicTypeReference@681061d6
2025-02-02T14:27:57.094+09:00 DEBUG 9816 --- [project] [main] org.hibernate.type.BasicTypeRegistry     : Adding type registration numeric_boolean -> org.hibernate.type.BasicTypeReference@53d6e959
2025-02-02T14:27:57.095+09:00 DEBUG 9816 --- [project] [main] org.hibernate.type.BasicTypeRegistry     : Adding type registration org.hibernate.type.NumericBooleanConverter -> org.hibernate.type.BasicTypeReference@53d6e959
2025-02-02T14:27:57.096+09:00 DEBUG 9816 --- [project] [main] org.hibernate.type.BasicTypeRegistry     : Adding type registration true_false -> org.hibernate.type.BasicTypeReference@3caee3a8
2025-02-02T14:27:57.098+09:00 DEBUG 9816 --- [project] [main] org.hibernate.type.BasicTypeRegistry     : Adding type registration org.hibernate.type.TrueFalseConverter -> org.hibernate.type.BasicTypeReference@3caee3a8
2025-02-02T14:27:57.099+09:00 DEBUG 9816 --- [project] [main] org.hibernate.type.BasicTypeRegistry     : Adding type registration yes_no -> org.hibernate.type.BasicTypeReference@69a40b3c
2025-02-02T14:27:57.100+09:00 DEBUG 9816 --- [project] [main] org.hibernate.type.BasicTypeRegistry     : Adding type registration org.hibernate.type.YesNoConverter -> org.hibernate.type.BasicTypeReference@69a40b3c
2025-02-02T14:27:57.102+09:00 DEBUG 9816 --- [project] [main] org.hibernate.type.BasicTypeRegistry     : Adding type registration byte -> org.hibernate.type.BasicTypeReference@251c90f
2025-02-02T14:27:57.103+09:00 DEBUG 9816 --- [project] [main] org.hibernate.type.BasicTypeRegistry     : Adding type registration byte -> org.hibernate.type.BasicTypeReference@251c90f
2025-02-02T14:27:57.104+09:00 DEBUG 9816 --- [project] [main] org.hibernate.type.BasicTypeRegistry     : Adding type registration java.lang.Byte -> org.hibernate.type.BasicTypeReference@251c90f
2025-02-02T14:27:57.105+09:00 DEBUG 9816 --- [project] [main] org.hibernate.type.BasicTypeRegistry     : Adding type registration binary -> org.hibernate.type.BasicTypeReference@6629643d
2025-02-02T14:27:57.106+09:00 DEBUG 9816 --- [project] [main] org.hibernate.type.BasicTypeRegistry     : Adding type registration byte[] -> org.hibernate.type.BasicTypeReference@6629643d
2025-02-02T14:27:57.108+09:00 DEBUG 9816 --- [project] [main] org.hibernate.type.BasicTypeRegistry     : Adding type registration [B -> org.hibernate.type.BasicTypeReference@6629643d
2025-02-02T14:27:57.110+09:00 DEBUG 9816 --- [project] [main] org.hibernate.type.BasicTypeRegistry     : Adding type registration binary_wrapper -> org.hibernate.type.BasicTypeReference@2dd178f3
2025-02-02T14:27:57.111+09:00 DEBUG 9816 --- [project] [main] org.hibernate.type.BasicTypeRegistry     : Adding type registration wrapper-binary -> org.hibernate.type.BasicTypeReference@2dd178f3
2025-02-02T14:27:57.112+09:00 DEBUG 9816 --- [project] [main] org.hibernate.type.BasicTypeRegistry     : Adding type registration image -> org.hibernate.type.BasicTypeReference@64656b9e
2025-02-02T14:27:57.114+09:00 DEBUG 9816 --- [project] [main] org.hibernate.type.BasicTypeRegistry     : Adding type registration blob -> org.hibernate.type.BasicTypeReference@6870cfac
2025-02-02T14:27:57.115+09:00 DEBUG 9816 --- [project] [main] org.hibernate.type.BasicTypeRegistry     : Adding type registration java.sql.Blob -> org.hibernate.type.BasicTypeReference@6870cfac
2025-02-02T14:27:57.116+09:00 DEBUG 9816 --- [project] [main] org.hibernate.type.BasicTypeRegistry     : Adding type registration materialized_blob -> org.hibernate.type.BasicTypeReference@45554613
2025-02-02T14:27:57.117+09:00 DEBUG 9816 --- [project] [main] org.hibernate.type.BasicTypeRegistry     : Adding type registration materialized_blob_wrapper -> org.hibernate.type.BasicTypeReference@63e5b8aa
2025-02-02T14:27:57.118+09:00 DEBUG 9816 --- [project] [main] org.hibernate.type.BasicTypeRegistry     : Adding type registration short -> org.hibernate.type.BasicTypeReference@2c9306d3
2025-02-02T14:27:57.119+09:00 DEBUG 9816 --- [project] [main] org.hibernate.type.BasicTypeRegistry     : Adding type registration short -> org.hibernate.type.BasicTypeReference@2c9306d3
2025-02-02T14:27:57.120+09:00 DEBUG 9816 --- [project] [main] org.hibernate.type.BasicTypeRegistry     : Adding type registration java.lang.Short -> org.hibernate.type.BasicTypeReference@2c9306d3
2025-02-02T14:27:57.121+09:00 DEBUG 9816 --- [project] [main] org.hibernate.type.BasicTypeRegistry     : Adding type registration integer -> org.hibernate.type.BasicTypeReference@4270b142
2025-02-02T14:27:57.122+09:00 DEBUG 9816 --- [project] [main] org.hibernate.type.BasicTypeRegistry     : Adding type registration int -> org.hibernate.type.BasicTypeReference@4270b142
2025-02-02T14:27:57.125+09:00 DEBUG 9816 --- [project] [main] org.hibernate.type.BasicTypeRegistry     : Adding type registration java.lang.Integer -> org.hibernate.type.BasicTypeReference@4270b142
2025-02-02T14:27:57.127+09:00 DEBUG 9816 --- [project] [main] org.hibernate.type.BasicTypeRegistry     : Adding type registration long -> org.hibernate.type.BasicTypeReference@2dfa02c1
2025-02-02T14:27:57.128+09:00 DEBUG 9816 --- [project] [main] org.hibernate.type.BasicTypeRegistry     : Adding type registration long -> org.hibernate.type.BasicTypeReference@2dfa02c1
2025-02-02T14:27:57.130+09:00 DEBUG 9816 --- [project] [main] org.hibernate.type.BasicTypeRegistry     : Adding type registration java.lang.Long -> org.hibernate.type.BasicTypeReference@2dfa02c1
2025-02-02T14:27:57.131+09:00 DEBUG 9816 --- [project] [main] org.hibernate.type.BasicTypeRegistry     : Adding type registration float -> org.hibernate.type.BasicTypeReference@6314df3c
2025-02-02T14:27:57.133+09:00 DEBUG 9816 --- [project] [main] org.hibernate.type.BasicTypeRegistry     : Adding type registration float -> org.hibernate.type.BasicTypeReference@6314df3c
2025-02-02T14:27:57.134+09:00 DEBUG 9816 --- [project] [main] org.hibernate.type.BasicTypeRegistry     : Adding type registration java.lang.Float -> org.hibernate.type.BasicTypeReference@6314df3c
2025-02-02T14:27:57.135+09:00 DEBUG 9816 --- [project] [main] org.hibernate.type.BasicTypeRegistry     : Adding type registration double -> org.hibernate.type.BasicTypeReference@5785e813
2025-02-02T14:27:57.137+09:00 DEBUG 9816 --- [project] [main] org.hibernate.type.BasicTypeRegistry     : Adding type registration double -> org.hibernate.type.BasicTypeReference@5785e813
2025-02-02T14:27:57.138+09:00 DEBUG 9816 --- [project] [main] org.hibernate.type.BasicTypeRegistry     : Adding type registration java.lang.Double -> org.hibernate.type.BasicTypeReference@5785e813
2025-02-02T14:27:57.141+09:00 DEBUG 9816 --- [project] [main] org.hibernate.type.BasicTypeRegistry     : Adding type registration big_integer -> org.hibernate.type.BasicTypeReference@10b8b900
2025-02-02T14:27:57.142+09:00 DEBUG 9816 --- [project] [main] org.hibernate.type.BasicTypeRegistry     : Adding type registration java.math.BigInteger -> org.hibernate.type.BasicTypeReference@10b8b900
2025-02-02T14:27:57.144+09:00 DEBUG 9816 --- [project] [main] org.hibernate.type.BasicTypeRegistry     : Adding type registration big_decimal -> org.hibernate.type.BasicTypeReference@6d294ddc
2025-02-02T14:27:57.145+09:00 DEBUG 9816 --- [project] [main] org.hibernate.type.BasicTypeRegistry     : Adding type registration java.math.BigDecimal -> org.hibernate.type.BasicTypeReference@6d294ddc
2025-02-02T14:27:57.147+09:00 DEBUG 9816 --- [project] [main] org.hibernate.type.BasicTypeRegistry     : Adding type registration character -> org.hibernate.type.BasicTypeReference@2801827a
2025-02-02T14:27:57.148+09:00 DEBUG 9816 --- [project] [main] org.hibernate.type.BasicTypeRegistry     : Adding type registration char -> org.hibernate.type.BasicTypeReference@2801827a
2025-02-02T14:27:57.150+09:00 DEBUG 9816 --- [project] [main] org.hibernate.type.BasicTypeRegistry     : Adding type registration java.lang.Character -> org.hibernate.type.BasicTypeReference@2801827a
2025-02-02T14:27:57.152+09:00 DEBUG 9816 --- [project] [main] org.hibernate.type.BasicTypeRegistry     : Adding type registration character_nchar -> org.hibernate.type.BasicTypeReference@50bc3219
2025-02-02T14:27:57.154+09:00 DEBUG 9816 --- [project] [main] org.hibernate.type.BasicTypeRegistry     : Adding type registration string -> org.hibernate.type.BasicTypeReference@599f1b7
2025-02-02T14:27:57.157+09:00 DEBUG 9816 --- [project] [main] org.hibernate.type.BasicTypeRegistry     : Adding type registration java.lang.String -> org.hibernate.type.BasicTypeReference@599f1b7
2025-02-02T14:27:57.158+09:00 DEBUG 9816 --- [project] [main] org.hibernate.type.BasicTypeRegistry     : Adding type registration nstring -> org.hibernate.type.BasicTypeReference@22791b75
2025-02-02T14:27:57.160+09:00 DEBUG 9816 --- [project] [main] org.hibernate.type.BasicTypeRegistry     : Adding type registration characters -> org.hibernate.type.BasicTypeReference@64f4f12
2025-02-02T14:27:57.161+09:00 DEBUG 9816 --- [project] [main] org.hibernate.type.BasicTypeRegistry     : Adding type registration char[] -> org.hibernate.type.BasicTypeReference@64f4f12
2025-02-02T14:27:57.162+09:00 DEBUG 9816 --- [project] [main] org.hibernate.type.BasicTypeRegistry     : Adding type registration [C -> org.hibernate.type.BasicTypeReference@64f4f12
2025-02-02T14:27:57.163+09:00 DEBUG 9816 --- [project] [main] org.hibernate.type.BasicTypeRegistry     : Adding type registration wrapper-characters -> org.hibernate.type.BasicTypeReference@37d28938
2025-02-02T14:27:57.164+09:00 DEBUG 9816 --- [project] [main] org.hibernate.type.BasicTypeRegistry     : Adding type registration text -> org.hibernate.type.BasicTypeReference@7d0cd23c
2025-02-02T14:27:57.165+09:00 DEBUG 9816 --- [project] [main] org.hibernate.type.BasicTypeRegistry     : Adding type registration ntext -> org.hibernate.type.BasicTypeReference@17c4dc5b
2025-02-02T14:27:57.166+09:00 DEBUG 9816 --- [project] [main] org.hibernate.type.BasicTypeRegistry     : Adding type registration clob -> org.hibernate.type.BasicTypeReference@6b0f266e
2025-02-02T14:27:57.168+09:00 DEBUG 9816 --- [project] [main] org.hibernate.type.BasicTypeRegistry     : Adding type registration java.sql.Clob -> org.hibernate.type.BasicTypeReference@6b0f266e
2025-02-02T14:27:57.169+09:00 DEBUG 9816 --- [project] [main] org.hibernate.type.BasicTypeRegistry     : Adding type registration nclob -> org.hibernate.type.BasicTypeReference@4837f97e
2025-02-02T14:27:57.170+09:00 DEBUG 9816 --- [project] [main] org.hibernate.type.BasicTypeRegistry     : Adding type registration java.sql.NClob -> org.hibernate.type.BasicTypeReference@4837f97e
2025-02-02T14:27:57.171+09:00 DEBUG 9816 --- [project] [main] org.hibernate.type.BasicTypeRegistry     : Adding type registration materialized_clob -> org.hibernate.type.BasicTypeReference@53314f76
2025-02-02T14:27:57.173+09:00 DEBUG 9816 --- [project] [main] org.hibernate.type.BasicTypeRegistry     : Adding type registration materialized_clob_char_array -> org.hibernate.type.BasicTypeReference@62a6674f
2025-02-02T14:27:57.174+09:00 DEBUG 9816 --- [project] [main] org.hibernate.type.BasicTypeRegistry     : Adding type registration materialized_clob_character_array -> org.hibernate.type.BasicTypeReference@70881123
2025-02-02T14:27:57.175+09:00 DEBUG 9816 --- [project] [main] org.hibernate.type.BasicTypeRegistry     : Adding type registration materialized_nclob -> org.hibernate.type.BasicTypeReference@703fa45
2025-02-02T14:27:57.176+09:00 DEBUG 9816 --- [project] [main] org.hibernate.type.BasicTypeRegistry     : Adding type registration materialized_nclob_character_array -> org.hibernate.type.BasicTypeReference@5e905f2c
2025-02-02T14:27:57.177+09:00 DEBUG 9816 --- [project] [main] org.hibernate.type.BasicTypeRegistry     : Adding type registration materialized_nclob_char_array -> org.hibernate.type.BasicTypeReference@fddd7ae
2025-02-02T14:27:57.178+09:00 DEBUG 9816 --- [project] [main] org.hibernate.type.BasicTypeRegistry     : Adding type registration Duration -> org.hibernate.type.BasicTypeReference@3f6cce7f
2025-02-02T14:27:57.179+09:00 DEBUG 9816 --- [project] [main] org.hibernate.type.BasicTypeRegistry     : Adding type registration java.time.Duration -> org.hibernate.type.BasicTypeReference@3f6cce7f
2025-02-02T14:27:57.181+09:00 DEBUG 9816 --- [project] [main] org.hibernate.type.BasicTypeRegistry     : Adding type registration LocalDateTime -> org.hibernate.type.BasicTypeReference@2725ca05
2025-02-02T14:27:57.181+09:00 DEBUG 9816 --- [project] [main] org.hibernate.type.BasicTypeRegistry     : Adding type registration java.time.LocalDateTime -> org.hibernate.type.BasicTypeReference@2725ca05
2025-02-02T14:27:57.182+09:00 DEBUG 9816 --- [project] [main] org.hibernate.type.BasicTypeRegistry     : Adding type registration LocalDate -> org.hibernate.type.BasicTypeReference@7b9088f2
2025-02-02T14:27:57.183+09:00 DEBUG 9816 --- [project] [main] org.hibernate.type.BasicTypeRegistry     : Adding type registration java.time.LocalDate -> org.hibernate.type.BasicTypeReference@7b9088f2
2025-02-02T14:27:57.184+09:00 DEBUG 9816 --- [project] [main] org.hibernate.type.BasicTypeRegistry     : Adding type registration LocalTime -> org.hibernate.type.BasicTypeReference@1a914089
2025-02-02T14:27:57.185+09:00 DEBUG 9816 --- [project] [main] org.hibernate.type.BasicTypeRegistry     : Adding type registration java.time.LocalTime -> org.hibernate.type.BasicTypeReference@1a914089
2025-02-02T14:27:57.186+09:00 DEBUG 9816 --- [project] [main] org.hibernate.type.BasicTypeRegistry     : Adding type registration OffsetDateTime -> org.hibernate.type.BasicTypeReference@43d76a92
2025-02-02T14:27:57.189+09:00 DEBUG 9816 --- [project] [main] org.hibernate.type.BasicTypeRegistry     : Adding type registration java.time.OffsetDateTime -> org.hibernate.type.BasicTypeReference@43d76a92
2025-02-02T14:27:57.190+09:00 DEBUG 9816 --- [project] [main] org.hibernate.type.BasicTypeRegistry     : Adding type registration OffsetDateTimeWithTimezone -> org.hibernate.type.BasicTypeReference@4a2bf50f
2025-02-02T14:27:57.191+09:00 DEBUG 9816 --- [project] [main] org.hibernate.type.BasicTypeRegistry     : Adding type registration OffsetDateTimeWithoutTimezone -> org.hibernate.type.BasicTypeReference@350323a0
2025-02-02T14:27:57.192+09:00 DEBUG 9816 --- [project] [main] org.hibernate.type.BasicTypeRegistry     : Adding type registration OffsetTime -> org.hibernate.type.BasicTypeReference@2506b881
2025-02-02T14:27:57.193+09:00 DEBUG 9816 --- [project] [main] org.hibernate.type.BasicTypeRegistry     : Adding type registration java.time.OffsetTime -> org.hibernate.type.BasicTypeReference@2506b881
2025-02-02T14:27:57.194+09:00 DEBUG 9816 --- [project] [main] org.hibernate.type.BasicTypeRegistry     : Adding type registration OffsetTimeUtc -> org.hibernate.type.BasicTypeReference@5d7dd549
2025-02-02T14:27:57.195+09:00 DEBUG 9816 --- [project] [main] org.hibernate.type.BasicTypeRegistry     : Adding type registration OffsetTimeWithTimezone -> org.hibernate.type.BasicTypeReference@486bd064
2025-02-02T14:27:57.196+09:00 DEBUG 9816 --- [project] [main] org.hibernate.type.BasicTypeRegistry     : Adding type registration OffsetTimeWithoutTimezone -> org.hibernate.type.BasicTypeReference@6459f4ea
2025-02-02T14:27:57.197+09:00 DEBUG 9816 --- [project] [main] org.hibernate.type.BasicTypeRegistry     : Adding type registration ZonedDateTime -> org.hibernate.type.BasicTypeReference@740b9a50
2025-02-02T14:27:57.198+09:00 DEBUG 9816 --- [project] [main] org.hibernate.type.BasicTypeRegistry     : Adding type registration java.time.ZonedDateTime -> org.hibernate.type.BasicTypeReference@740b9a50
2025-02-02T14:27:57.199+09:00 DEBUG 9816 --- [project] [main] org.hibernate.type.BasicTypeRegistry     : Adding type registration ZonedDateTimeWithTimezone -> org.hibernate.type.BasicTypeReference@476fde05
2025-02-02T14:27:57.200+09:00 DEBUG 9816 --- [project] [main] org.hibernate.type.BasicTypeRegistry     : Adding type registration ZonedDateTimeWithoutTimezone -> org.hibernate.type.BasicTypeReference@5111de7c
2025-02-02T14:27:57.201+09:00 DEBUG 9816 --- [project] [main] org.hibernate.type.BasicTypeRegistry     : Adding type registration date -> org.hibernate.type.BasicTypeReference@7ac48e10
2025-02-02T14:27:57.202+09:00 DEBUG 9816 --- [project] [main] org.hibernate.type.BasicTypeRegistry     : Adding type registration java.sql.Date -> org.hibernate.type.BasicTypeReference@7ac48e10
2025-02-02T14:27:57.204+09:00 DEBUG 9816 --- [project] [main] org.hibernate.type.BasicTypeRegistry     : Adding type registration time -> org.hibernate.type.BasicTypeReference@52354202
2025-02-02T14:27:57.205+09:00 DEBUG 9816 --- [project] [main] org.hibernate.type.BasicTypeRegistry     : Adding type registration java.sql.Time -> org.hibernate.type.BasicTypeReference@52354202
2025-02-02T14:27:57.206+09:00 DEBUG 9816 --- [project] [main] org.hibernate.type.BasicTypeRegistry     : Adding type registration timestamp -> org.hibernate.type.BasicTypeReference@6b1321b7
2025-02-02T14:27:57.208+09:00 DEBUG 9816 --- [project] [main] org.hibernate.type.BasicTypeRegistry     : Adding type registration java.sql.Timestamp -> org.hibernate.type.BasicTypeReference@6b1321b7
2025-02-02T14:27:57.209+09:00 DEBUG 9816 --- [project] [main] org.hibernate.type.BasicTypeRegistry     : Adding type registration java.util.Date -> org.hibernate.type.BasicTypeReference@6b1321b7
2025-02-02T14:27:57.210+09:00 DEBUG 9816 --- [project] [main] org.hibernate.type.BasicTypeRegistry     : Adding type registration calendar -> org.hibernate.type.BasicTypeReference@342ee097
2025-02-02T14:27:57.211+09:00 DEBUG 9816 --- [project] [main] org.hibernate.type.BasicTypeRegistry     : Adding type registration java.util.Calendar -> org.hibernate.type.BasicTypeReference@342ee097
2025-02-02T14:27:57.212+09:00 DEBUG 9816 --- [project] [main] org.hibernate.type.BasicTypeRegistry     : Adding type registration java.util.GregorianCalendar -> org.hibernate.type.BasicTypeReference@342ee097
2025-02-02T14:27:57.213+09:00 DEBUG 9816 --- [project] [main] org.hibernate.type.BasicTypeRegistry     : Adding type registration calendar_date -> org.hibernate.type.BasicTypeReference@6ac45c0c
2025-02-02T14:27:57.214+09:00 DEBUG 9816 --- [project] [main] org.hibernate.type.BasicTypeRegistry     : Adding type registration calendar_time -> org.hibernate.type.BasicTypeReference@12192604
2025-02-02T14:27:57.215+09:00 DEBUG 9816 --- [project] [main] org.hibernate.type.BasicTypeRegistry     : Adding type registration instant -> org.hibernate.type.BasicTypeReference@6075b369
2025-02-02T14:27:57.216+09:00 DEBUG 9816 --- [project] [main] org.hibernate.type.BasicTypeRegistry     : Adding type registration java.time.Instant -> org.hibernate.type.BasicTypeReference@6075b369
2025-02-02T14:27:57.217+09:00 DEBUG 9816 --- [project] [main] org.hibernate.type.BasicTypeRegistry     : Adding type registration uuid -> org.hibernate.type.BasicTypeReference@231cdda8
2025-02-02T14:27:57.218+09:00 DEBUG 9816 --- [project] [main] org.hibernate.type.BasicTypeRegistry     : Adding type registration java.util.UUID -> org.hibernate.type.BasicTypeReference@231cdda8
2025-02-02T14:27:57.219+09:00 DEBUG 9816 --- [project] [main] org.hibernate.type.BasicTypeRegistry     : Adding type registration pg-uuid -> org.hibernate.type.BasicTypeReference@231cdda8
2025-02-02T14:27:57.220+09:00 DEBUG 9816 --- [project] [main] org.hibernate.type.BasicTypeRegistry     : Adding type registration uuid-binary -> org.hibernate.type.BasicTypeReference@6b70d1fb
2025-02-02T14:27:57.222+09:00 DEBUG 9816 --- [project] [main] org.hibernate.type.BasicTypeRegistry     : Adding type registration uuid-char -> org.hibernate.type.BasicTypeReference@3002e397
2025-02-02T14:27:57.222+09:00 DEBUG 9816 --- [project] [main] org.hibernate.type.BasicTypeRegistry     : Adding type registration class -> org.hibernate.type.BasicTypeReference@7da1e005
2025-02-02T14:27:57.223+09:00 DEBUG 9816 --- [project] [main] org.hibernate.type.BasicTypeRegistry     : Adding type registration java.lang.Class -> org.hibernate.type.BasicTypeReference@7da1e005
2025-02-02T14:27:57.224+09:00 DEBUG 9816 --- [project] [main] org.hibernate.type.BasicTypeRegistry     : Adding type registration currency -> org.hibernate.type.BasicTypeReference@38159384
2025-02-02T14:27:57.224+09:00 DEBUG 9816 --- [project] [main] org.hibernate.type.BasicTypeRegistry     : Adding type registration Currency -> org.hibernate.type.BasicTypeReference@38159384
2025-02-02T14:27:57.225+09:00 DEBUG 9816 --- [project] [main] org.hibernate.type.BasicTypeRegistry     : Adding type registration java.util.Currency -> org.hibernate.type.BasicTypeReference@38159384
2025-02-02T14:27:57.226+09:00 DEBUG 9816 --- [project] [main] org.hibernate.type.BasicTypeRegistry     : Adding type registration locale -> org.hibernate.type.BasicTypeReference@55877274
2025-02-02T14:27:57.227+09:00 DEBUG 9816 --- [project] [main] org.hibernate.type.BasicTypeRegistry     : Adding type registration java.util.Locale -> org.hibernate.type.BasicTypeReference@55877274
2025-02-02T14:27:57.227+09:00 DEBUG 9816 --- [project] [main] org.hibernate.type.BasicTypeRegistry     : Adding type registration serializable -> org.hibernate.type.BasicTypeReference@723e2d08
2025-02-02T14:27:57.228+09:00 DEBUG 9816 --- [project] [main] org.hibernate.type.BasicTypeRegistry     : Adding type registration java.io.Serializable -> org.hibernate.type.BasicTypeReference@723e2d08
2025-02-02T14:27:57.229+09:00 DEBUG 9816 --- [project] [main] org.hibernate.type.BasicTypeRegistry     : Adding type registration timezone -> org.hibernate.type.BasicTypeReference@6d4a82
2025-02-02T14:27:57.230+09:00 DEBUG 9816 --- [project] [main] org.hibernate.type.BasicTypeRegistry     : Adding type registration java.util.TimeZone -> org.hibernate.type.BasicTypeReference@6d4a82
2025-02-02T14:27:57.232+09:00 DEBUG 9816 --- [project] [main] org.hibernate.type.BasicTypeRegistry     : Adding type registration ZoneOffset -> org.hibernate.type.BasicTypeReference@14f060b8
2025-02-02T14:27:57.233+09:00 DEBUG 9816 --- [project] [main] org.hibernate.type.BasicTypeRegistry     : Adding type registration java.time.ZoneOffset -> org.hibernate.type.BasicTypeReference@14f060b8
2025-02-02T14:27:57.234+09:00 DEBUG 9816 --- [project] [main] org.hibernate.type.BasicTypeRegistry     : Adding type registration url -> org.hibernate.type.BasicTypeReference@7a0ab480
2025-02-02T14:27:57.235+09:00 DEBUG 9816 --- [project] [main] org.hibernate.type.BasicTypeRegistry     : Adding type registration java.net.URL -> org.hibernate.type.BasicTypeReference@7a0ab480
2025-02-02T14:27:57.236+09:00 DEBUG 9816 --- [project] [main] org.hibernate.type.BasicTypeRegistry     : Adding type registration vector -> org.hibernate.type.BasicTypeReference@79df80a4
2025-02-02T14:27:57.237+09:00 DEBUG 9816 --- [project] [main] org.hibernate.type.BasicTypeRegistry     : Adding type registration float_vector -> org.hibernate.type.BasicTypeReference@130cfc47
2025-02-02T14:27:57.238+09:00 DEBUG 9816 --- [project] [main] org.hibernate.type.BasicTypeRegistry     : Adding type registration double_vector -> org.hibernate.type.BasicTypeReference@4eeab3e
2025-02-02T14:27:57.239+09:00 DEBUG 9816 --- [project] [main] org.hibernate.type.BasicTypeRegistry     : Adding type registration byte_vector -> org.hibernate.type.BasicTypeReference@2b6fb197
2025-02-02T14:27:57.239+09:00 DEBUG 9816 --- [project] [main] org.hibernate.type.BasicTypeRegistry     : Adding type registration row_version -> org.hibernate.type.BasicTypeReference@2eb0cefe
2025-02-02T14:27:57.263+09:00 DEBUG 9816 --- [project] [main] org.hibernate.type.BasicTypeRegistry     : Adding type registration object -> org.hibernate.type.JavaObjectType@6b4a4e40
2025-02-02T14:27:57.264+09:00 DEBUG 9816 --- [project] [main] org.hibernate.type.BasicTypeRegistry     : Adding type registration java.lang.Object -> org.hibernate.type.JavaObjectType@6b4a4e40
2025-02-02T14:27:57.270+09:00 DEBUG 9816 --- [project] [main] org.hibernate.type.BasicTypeRegistry     : Adding type registration null -> org.hibernate.type.NullType@3457cc8d
2025-02-02T14:27:57.272+09:00 DEBUG 9816 --- [project] [main] org.hibernate.type.BasicTypeRegistry     : Adding type registration imm_date -> org.hibernate.type.BasicTypeReference@7a66c35a
2025-02-02T14:27:57.272+09:00 DEBUG 9816 --- [project] [main] org.hibernate.type.BasicTypeRegistry     : Adding type registration imm_time -> org.hibernate.type.BasicTypeReference@7994a0d1
2025-02-02T14:27:57.273+09:00 DEBUG 9816 --- [project] [main] org.hibernate.type.BasicTypeRegistry     : Adding type registration imm_timestamp -> org.hibernate.type.BasicTypeReference@73e4387
2025-02-02T14:27:57.274+09:00 DEBUG 9816 --- [project] [main] org.hibernate.type.BasicTypeRegistry     : Adding type registration imm_calendar -> org.hibernate.type.BasicTypeReference@d87d449
2025-02-02T14:27:57.274+09:00 DEBUG 9816 --- [project] [main] org.hibernate.type.BasicTypeRegistry     : Adding type registration imm_calendar_date -> org.hibernate.type.BasicTypeReference@4137aab0
2025-02-02T14:27:57.275+09:00 DEBUG 9816 --- [project] [main] org.hibernate.type.BasicTypeRegistry     : Adding type registration imm_calendar_time -> org.hibernate.type.BasicTypeReference@1df9186f
2025-02-02T14:27:57.276+09:00 DEBUG 9816 --- [project] [main] org.hibernate.type.BasicTypeRegistry     : Adding type registration imm_binary -> org.hibernate.type.BasicTypeReference@682e422c
2025-02-02T14:27:57.277+09:00 DEBUG 9816 --- [project] [main] org.hibernate.type.BasicTypeRegistry     : Adding type registration imm_serializable -> org.hibernate.type.BasicTypeReference@5bb8e6fc
2025-02-02T14:27:58.501+09:00  INFO 9816 --- [project] [main] o.s.o.j.p.SpringPersistenceUnitInfo      : No LoadTimeWeaver setup: ignoring JPA class transformer
2025-02-02T14:27:58.705+09:00  INFO 9816 --- [project] [main] com.zaxxer.hikari.HikariDataSource       : HikariPool-1 - Starting...
2025-02-02T14:27:59.820+09:00  INFO 9816 --- [project] [main] com.zaxxer.hikari.pool.HikariPool        : HikariPool-1 - Added connection conn0: url=jdbc:h2:mem:test user=SA
2025-02-02T14:27:59.831+09:00  INFO 9816 --- [project] [main] com.zaxxer.hikari.HikariDataSource       : HikariPool-1 - Start completed.
2025-02-02T14:28:00.224+09:00  INFO 9816 --- [project] [main] org.hibernate.orm.connections.pooling    : HHH10001005: Database info:
	Database JDBC URL [Connecting through datasource 'HikariDataSource (HikariPool-1)']
	Database driver: undefined/unknown
	Database version: 2.3.232
	Autocommit mode: undefined/unknown
	Isolation level: undefined/unknown
	Minimum pool size: undefined/unknown
	Maximum pool size: undefined/unknown
2025-02-02T14:28:00.281+09:00 DEBUG 9816 --- [project] [main] o.h.t.d.jdbc.spi.JdbcTypeRegistry        : addDescriptor(NCharTypeDescriptor) replaced previous registration(CharTypeDescriptor)
2025-02-02T14:28:00.284+09:00 DEBUG 9816 --- [project] [main] o.h.t.d.jdbc.spi.JdbcTypeRegistry        : addDescriptor(NVarcharTypeDescriptor) replaced previous registration(VarcharTypeDescriptor)
2025-02-02T14:28:00.287+09:00 DEBUG 9816 --- [project] [main] o.h.t.d.jdbc.spi.JdbcTypeRegistry        : addDescriptor(LongNVarcharTypeDescriptor) replaced previous registration(LongVarcharTypeDescriptor)
2025-02-02T14:28:00.305+09:00 DEBUG 9816 --- [project] [main] o.h.t.d.jdbc.spi.JdbcTypeRegistry        : addDescriptor(NClobTypeDescriptor(DEFAULT)) replaced previous registration(ClobTypeDescriptor(DEFAULT))
2025-02-02T14:28:00.313+09:00 DEBUG 9816 --- [project] [main] o.h.t.d.jdbc.spi.JdbcTypeRegistry        : addDescriptor(TimestampUtcDescriptor) replaced previous registration(TimestampUtcDescriptor)
2025-02-02T14:28:00.348+09:00 DEBUG 9816 --- [project] [main] org.hibernate.type.BasicTypeRegistry     : Adding type registration org.hibernate.type.DurationType -> basicType@1(java.time.Duration,3015)
2025-02-02T14:28:00.349+09:00 DEBUG 9816 --- [project] [main] org.hibernate.type.BasicTypeRegistry     : Adding type registration Duration -> basicType@1(java.time.Duration,3015)
2025-02-02T14:28:00.350+09:00 DEBUG 9816 --- [project] [main] org.hibernate.type.BasicTypeRegistry     : Adding type registration java.time.Duration -> basicType@1(java.time.Duration,3015)
2025-02-02T14:28:00.371+09:00 DEBUG 9816 --- [project] [main] o.h.type.spi.TypeConfiguration$Scope     : Scoping TypeConfiguration [org.hibernate.type.spi.TypeConfiguration@4489f60f] to MetadataBuildingContext [org.hibernate.boot.internal.MetadataBuildingContextRootImpl@fe08eaf]
2025-02-02T14:28:04.931+09:00  INFO 9816 --- [project] [main] o.h.e.t.j.p.i.JtaPlatformInitiator       : HHH000489: No JTA platform available (set 'hibernate.transaction.jta.platform' to enable JTA platform integration)
2025-02-02T14:28:04.936+09:00 DEBUG 9816 --- [project] [main] o.h.type.spi.TypeConfiguration$Scope     : Scoping TypeConfiguration [org.hibernate.type.spi.TypeConfiguration@4489f60f] to SessionFactoryImplementor [org.hibernate.internal.SessionFactoryImpl@5d01a2eb]
2025-02-02T14:28:05.129+09:00 TRACE 9816 --- [project] [main] o.h.type.spi.TypeConfiguration$Scope     : Handling #sessionFactoryCreated from [org.hibernate.internal.SessionFactoryImpl@5d01a2eb] for TypeConfiguration
2025-02-02T14:28:05.131+09:00  INFO 9816 --- [project] [main] j.LocalContainerEntityManagerFactoryBean : Initialized JPA EntityManagerFactory for persistence unit 'default'
2025-02-02T14:28:07.979+09:00  WARN 9816 --- [project] [main] .s.s.UserDetailsServiceAutoConfiguration : 

Using generated security password: c3d821ab-4c77-4310-b0aa-5219bd089f49

This generated password is for development use only. Your security configuration must be updated before running your application in production.

2025-02-02T14:28:08.053+09:00  INFO 9816 --- [project] [main] r$InitializeUserDetailsManagerConfigurer : Global AuthenticationManager configured with UserDetailsService bean with name inMemoryUserDetailsManager
2025-02-02T14:28:11.888+09:00  INFO 9816 --- [project] [main] o.s.b.a.h2.H2ConsoleAutoConfiguration    : H2 console available at '/h2-console'. Database available at 'jdbc:h2:mem:test'
2025-02-02T14:28:12.404+09:00  INFO 9816 --- [project] [main] o.s.b.w.embedded.tomcat.TomcatWebServer  : Tomcat started on port 8080 (http) with context path '/'
2025-02-02T14:28:12.449+09:00  INFO 9816 --- [project] [main] com.example.project.ProjectApplication   : Started ProjectApplication in 31.488 seconds (process running for 33.757)
2025-02-02T14:29:13.807+09:00  INFO 9816 --- [project] [http-nio-8080-exec-8] o.a.c.c.C.[Tomcat].[localhost].[/]       : Initializing Spring DispatcherServlet 'dispatcherServlet'
2025-02-02T14:29:13.810+09:00  INFO 9816 --- [project] [http-nio-8080-exec-8] o.s.web.servlet.DispatcherServlet        : Initializing Servlet 'dispatcherServlet'
2025-02-02T14:29:13.827+09:00  INFO 9816 --- [project] [http-nio-8080-exec-8] o.s.web.servlet.DispatcherServlet        : Completed initialization in 15 ms
2025-02-02T14:30:32.008+09:00  INFO 9816 --- [project] [SpringApplicationShutdownHook] o.s.b.w.e.tomcat.GracefulShutdown        : Commencing graceful shutdown. Waiting for active requests to complete
2025-02-02T14:30:32.039+09:00  INFO 9816 --- [project] [tomcat-shutdown] o.s.b.w.e.tomcat.GracefulShutdown        : Graceful shutdown complete
2025-02-02T14:30:32.066+09:00  INFO 9816 --- [project] [SpringApplicationShutdownHook] j.LocalContainerEntityManagerFactoryBean : Closing JPA EntityManagerFactory for persistence unit 'default'
2025-02-02T14:30:32.081+09:00 TRACE 9816 --- [project] [SpringApplicationShutdownHook] o.h.type.spi.TypeConfiguration$Scope     : Handling #sessionFactoryClosed from [org.hibernate.internal.SessionFactoryImpl@5d01a2eb] for TypeConfiguration
2025-02-02T14:30:32.083+09:00 DEBUG 9816 --- [project] [SpringApplicationShutdownHook] o.h.type.spi.TypeConfiguration$Scope     : Un-scoping TypeConfiguration [org.hibernate.type.spi.TypeConfiguration$Scope@52b08302] from SessionFactory [org.hibernate.internal.SessionFactoryImpl@5d01a2eb]
2025-02-02T14:30:32.095+09:00  INFO 9816 --- [project] [SpringApplicationShutdownHook] com.zaxxer.hikari.HikariDataSource       : HikariPool-1 - Shutdown initiated...
2025-02-02T14:30:32.131+09:00  INFO 9816 --- [project] [SpringApplicationShutdownHook] com.zaxxer.hikari.HikariDataSource       : HikariPool-1 - Shutdown completed.
2025-02-02T14:30:51.906+09:00  INFO 14400 --- [project] [main] com.example.project.ProjectApplication   : Starting ProjectApplication using Java 21.0.5 with PID 14400 (C:\AI\javaProject\develope\project\out\production\classes started by nsy71 in C:\AI\javaProject\develope\project)
2025-02-02T14:30:51.934+09:00  INFO 14400 --- [project] [main] com.example.project.ProjectApplication   : The following 2 profiles are active: "secret", "dev"
2025-02-02T14:30:57.611+09:00  INFO 14400 --- [project] [main] .s.d.r.c.RepositoryConfigurationDelegate : Bootstrapping Spring Data JPA repositories in DEFAULT mode.
2025-02-02T14:30:58.138+09:00  INFO 14400 --- [project] [main] .s.d.r.c.RepositoryConfigurationDelegate : Finished Spring Data repository scanning in 466 ms. Found 1 JPA repository interface.
2025-02-02T14:31:02.323+09:00  INFO 14400 --- [project] [main] o.s.b.w.embedded.tomcat.TomcatWebServer  : Tomcat initialized with port 8080 (http)
2025-02-02T14:31:02.416+09:00  INFO 14400 --- [project] [main] o.apache.catalina.core.StandardService   : Starting service [Tomcat]
2025-02-02T14:31:02.418+09:00  INFO 14400 --- [project] [main] o.apache.catalina.core.StandardEngine    : Starting Servlet engine: [Apache Tomcat/10.1.34]
2025-02-02T14:31:02.878+09:00  INFO 14400 --- [project] [main] o.a.c.c.C.[Tomcat].[localhost].[/]       : Initializing Spring embedded WebApplicationContext
2025-02-02T14:31:02.881+09:00  INFO 14400 --- [project] [main] w.s.c.ServletWebServerApplicationContext : Root WebApplicationContext: initialization completed in 10612 ms
2025-02-02T14:31:03.999+09:00  INFO 14400 --- [project] [main] o.hibernate.jpa.internal.util.LogHelper  : HHH000204: Processing PersistenceUnitInfo [name: default]
2025-02-02T14:31:04.624+09:00  INFO 14400 --- [project] [main] org.hibernate.Version                    : HHH000412: Hibernate ORM core version 6.6.5.Final
2025-02-02T14:31:04.888+09:00  INFO 14400 --- [project] [main] o.h.c.internal.RegionFactoryInitiator    : HHH000026: Second-level cache disabled
2025-02-02T14:31:05.472+09:00 DEBUG 14400 --- [project] [main] org.hibernate.type.BasicTypeRegistry     : Adding type registration boolean -> org.hibernate.type.BasicTypeReference@636985df
2025-02-02T14:31:05.475+09:00 DEBUG 14400 --- [project] [main] org.hibernate.type.BasicTypeRegistry     : Adding type registration boolean -> org.hibernate.type.BasicTypeReference@636985df
2025-02-02T14:31:05.479+09:00 DEBUG 14400 --- [project] [main] org.hibernate.type.BasicTypeRegistry     : Adding type registration java.lang.Boolean -> org.hibernate.type.BasicTypeReference@636985df
2025-02-02T14:31:05.482+09:00 DEBUG 14400 --- [project] [main] org.hibernate.type.BasicTypeRegistry     : Adding type registration numeric_boolean -> org.hibernate.type.BasicTypeReference@6f91fbda
2025-02-02T14:31:05.483+09:00 DEBUG 14400 --- [project] [main] org.hibernate.type.BasicTypeRegistry     : Adding type registration org.hibernate.type.NumericBooleanConverter -> org.hibernate.type.BasicTypeReference@6f91fbda
2025-02-02T14:31:05.485+09:00 DEBUG 14400 --- [project] [main] org.hibernate.type.BasicTypeRegistry     : Adding type registration true_false -> org.hibernate.type.BasicTypeReference@723e3c17
2025-02-02T14:31:05.487+09:00 DEBUG 14400 --- [project] [main] org.hibernate.type.BasicTypeRegistry     : Adding type registration org.hibernate.type.TrueFalseConverter -> org.hibernate.type.BasicTypeReference@723e3c17
2025-02-02T14:31:05.488+09:00 DEBUG 14400 --- [project] [main] org.hibernate.type.BasicTypeRegistry     : Adding type registration yes_no -> org.hibernate.type.BasicTypeReference@4ffced4e
2025-02-02T14:31:05.490+09:00 DEBUG 14400 --- [project] [main] org.hibernate.type.BasicTypeRegistry     : Adding type registration org.hibernate.type.YesNoConverter -> org.hibernate.type.BasicTypeReference@4ffced4e
2025-02-02T14:31:05.491+09:00 DEBUG 14400 --- [project] [main] org.hibernate.type.BasicTypeRegistry     : Adding type registration byte -> org.hibernate.type.BasicTypeReference@6094de13
2025-02-02T14:31:05.493+09:00 DEBUG 14400 --- [project] [main] org.hibernate.type.BasicTypeRegistry     : Adding type registration byte -> org.hibernate.type.BasicTypeReference@6094de13
2025-02-02T14:31:05.494+09:00 DEBUG 14400 --- [project] [main] org.hibernate.type.BasicTypeRegistry     : Adding type registration java.lang.Byte -> org.hibernate.type.BasicTypeReference@6094de13
2025-02-02T14:31:05.498+09:00 DEBUG 14400 --- [project] [main] org.hibernate.type.BasicTypeRegistry     : Adding type registration binary -> org.hibernate.type.BasicTypeReference@bbb6f0
2025-02-02T14:31:05.500+09:00 DEBUG 14400 --- [project] [main] org.hibernate.type.BasicTypeRegistry     : Adding type registration byte[] -> org.hibernate.type.BasicTypeReference@bbb6f0
2025-02-02T14:31:05.502+09:00 DEBUG 14400 --- [project] [main] org.hibernate.type.BasicTypeRegistry     : Adding type registration [B -> org.hibernate.type.BasicTypeReference@bbb6f0
2025-02-02T14:31:05.503+09:00 DEBUG 14400 --- [project] [main] org.hibernate.type.BasicTypeRegistry     : Adding type registration binary_wrapper -> org.hibernate.type.BasicTypeReference@3e6ec74
2025-02-02T14:31:05.505+09:00 DEBUG 14400 --- [project] [main] org.hibernate.type.BasicTypeRegistry     : Adding type registration wrapper-binary -> org.hibernate.type.BasicTypeReference@3e6ec74
2025-02-02T14:31:05.507+09:00 DEBUG 14400 --- [project] [main] org.hibernate.type.BasicTypeRegistry     : Adding type registration image -> org.hibernate.type.BasicTypeReference@2bd8f7db
2025-02-02T14:31:05.508+09:00 DEBUG 14400 --- [project] [main] org.hibernate.type.BasicTypeRegistry     : Adding type registration blob -> org.hibernate.type.BasicTypeReference@6d7ad0f5
2025-02-02T14:31:05.531+09:00 DEBUG 14400 --- [project] [main] org.hibernate.type.BasicTypeRegistry     : Adding type registration java.sql.Blob -> org.hibernate.type.BasicTypeReference@6d7ad0f5
2025-02-02T14:31:05.534+09:00 DEBUG 14400 --- [project] [main] org.hibernate.type.BasicTypeRegistry     : Adding type registration materialized_blob -> org.hibernate.type.BasicTypeReference@30abf79c
2025-02-02T14:31:05.537+09:00 DEBUG 14400 --- [project] [main] org.hibernate.type.BasicTypeRegistry     : Adding type registration materialized_blob_wrapper -> org.hibernate.type.BasicTypeReference@49a38b1
2025-02-02T14:31:05.540+09:00 DEBUG 14400 --- [project] [main] org.hibernate.type.BasicTypeRegistry     : Adding type registration short -> org.hibernate.type.BasicTypeReference@681061d6
2025-02-02T14:31:05.545+09:00 DEBUG 14400 --- [project] [main] org.hibernate.type.BasicTypeRegistry     : Adding type registration short -> org.hibernate.type.BasicTypeReference@681061d6
2025-02-02T14:31:05.547+09:00 DEBUG 14400 --- [project] [main] org.hibernate.type.BasicTypeRegistry     : Adding type registration java.lang.Short -> org.hibernate.type.BasicTypeReference@681061d6
2025-02-02T14:31:05.548+09:00 DEBUG 14400 --- [project] [main] org.hibernate.type.BasicTypeRegistry     : Adding type registration integer -> org.hibernate.type.BasicTypeReference@53d6e959
2025-02-02T14:31:05.549+09:00 DEBUG 14400 --- [project] [main] org.hibernate.type.BasicTypeRegistry     : Adding type registration int -> org.hibernate.type.BasicTypeReference@53d6e959
2025-02-02T14:31:05.550+09:00 DEBUG 14400 --- [project] [main] org.hibernate.type.BasicTypeRegistry     : Adding type registration java.lang.Integer -> org.hibernate.type.BasicTypeReference@53d6e959
2025-02-02T14:31:05.552+09:00 DEBUG 14400 --- [project] [main] org.hibernate.type.BasicTypeRegistry     : Adding type registration long -> org.hibernate.type.BasicTypeReference@3caee3a8
2025-02-02T14:31:05.553+09:00 DEBUG 14400 --- [project] [main] org.hibernate.type.BasicTypeRegistry     : Adding type registration long -> org.hibernate.type.BasicTypeReference@3caee3a8
2025-02-02T14:31:05.555+09:00 DEBUG 14400 --- [project] [main] org.hibernate.type.BasicTypeRegistry     : Adding type registration java.lang.Long -> org.hibernate.type.BasicTypeReference@3caee3a8
2025-02-02T14:31:05.556+09:00 DEBUG 14400 --- [project] [main] org.hibernate.type.BasicTypeRegistry     : Adding type registration float -> org.hibernate.type.BasicTypeReference@69a40b3c
2025-02-02T14:31:05.558+09:00 DEBUG 14400 --- [project] [main] org.hibernate.type.BasicTypeRegistry     : Adding type registration float -> org.hibernate.type.BasicTypeReference@69a40b3c
2025-02-02T14:31:05.559+09:00 DEBUG 14400 --- [project] [main] org.hibernate.type.BasicTypeRegistry     : Adding type registration java.lang.Float -> org.hibernate.type.BasicTypeReference@69a40b3c
2025-02-02T14:31:05.562+09:00 DEBUG 14400 --- [project] [main] org.hibernate.type.BasicTypeRegistry     : Adding type registration double -> org.hibernate.type.BasicTypeReference@251c90f
2025-02-02T14:31:05.564+09:00 DEBUG 14400 --- [project] [main] org.hibernate.type.BasicTypeRegistry     : Adding type registration double -> org.hibernate.type.BasicTypeReference@251c90f
2025-02-02T14:31:05.565+09:00 DEBUG 14400 --- [project] [main] org.hibernate.type.BasicTypeRegistry     : Adding type registration java.lang.Double -> org.hibernate.type.BasicTypeReference@251c90f
2025-02-02T14:31:05.567+09:00 DEBUG 14400 --- [project] [main] org.hibernate.type.BasicTypeRegistry     : Adding type registration big_integer -> org.hibernate.type.BasicTypeReference@6629643d
2025-02-02T14:31:05.569+09:00 DEBUG 14400 --- [project] [main] org.hibernate.type.BasicTypeRegistry     : Adding type registration java.math.BigInteger -> org.hibernate.type.BasicTypeReference@6629643d
2025-02-02T14:31:05.572+09:00 DEBUG 14400 --- [project] [main] org.hibernate.type.BasicTypeRegistry     : Adding type registration big_decimal -> org.hibernate.type.BasicTypeReference@2dd178f3
2025-02-02T14:31:05.581+09:00 DEBUG 14400 --- [project] [main] org.hibernate.type.BasicTypeRegistry     : Adding type registration java.math.BigDecimal -> org.hibernate.type.BasicTypeReference@2dd178f3
2025-02-02T14:31:05.583+09:00 DEBUG 14400 --- [project] [main] org.hibernate.type.BasicTypeRegistry     : Adding type registration character -> org.hibernate.type.BasicTypeReference@64656b9e
2025-02-02T14:31:05.585+09:00 DEBUG 14400 --- [project] [main] org.hibernate.type.BasicTypeRegistry     : Adding type registration char -> org.hibernate.type.BasicTypeReference@64656b9e
2025-02-02T14:31:05.587+09:00 DEBUG 14400 --- [project] [main] org.hibernate.type.BasicTypeRegistry     : Adding type registration java.lang.Character -> org.hibernate.type.BasicTypeReference@64656b9e
2025-02-02T14:31:05.588+09:00 DEBUG 14400 --- [project] [main] org.hibernate.type.BasicTypeRegistry     : Adding type registration character_nchar -> org.hibernate.type.BasicTypeReference@6870cfac
2025-02-02T14:31:05.591+09:00 DEBUG 14400 --- [project] [main] org.hibernate.type.BasicTypeRegistry     : Adding type registration string -> org.hibernate.type.BasicTypeReference@45554613
2025-02-02T14:31:05.595+09:00 DEBUG 14400 --- [project] [main] org.hibernate.type.BasicTypeRegistry     : Adding type registration java.lang.String -> org.hibernate.type.BasicTypeReference@45554613
2025-02-02T14:31:05.597+09:00 DEBUG 14400 --- [project] [main] org.hibernate.type.BasicTypeRegistry     : Adding type registration nstring -> org.hibernate.type.BasicTypeReference@63e5b8aa
2025-02-02T14:31:05.599+09:00 DEBUG 14400 --- [project] [main] org.hibernate.type.BasicTypeRegistry     : Adding type registration characters -> org.hibernate.type.BasicTypeReference@2c9306d3
2025-02-02T14:31:05.601+09:00 DEBUG 14400 --- [project] [main] org.hibernate.type.BasicTypeRegistry     : Adding type registration char[] -> org.hibernate.type.BasicTypeReference@2c9306d3
2025-02-02T14:31:05.602+09:00 DEBUG 14400 --- [project] [main] org.hibernate.type.BasicTypeRegistry     : Adding type registration [C -> org.hibernate.type.BasicTypeReference@2c9306d3
2025-02-02T14:31:05.604+09:00 DEBUG 14400 --- [project] [main] org.hibernate.type.BasicTypeRegistry     : Adding type registration wrapper-characters -> org.hibernate.type.BasicTypeReference@4270b142
2025-02-02T14:31:05.609+09:00 DEBUG 14400 --- [project] [main] org.hibernate.type.BasicTypeRegistry     : Adding type registration text -> org.hibernate.type.BasicTypeReference@2dfa02c1
2025-02-02T14:31:05.610+09:00 DEBUG 14400 --- [project] [main] org.hibernate.type.BasicTypeRegistry     : Adding type registration ntext -> org.hibernate.type.BasicTypeReference@6314df3c
2025-02-02T14:31:05.612+09:00 DEBUG 14400 --- [project] [main] org.hibernate.type.BasicTypeRegistry     : Adding type registration clob -> org.hibernate.type.BasicTypeReference@5785e813
2025-02-02T14:31:05.614+09:00 DEBUG 14400 --- [project] [main] org.hibernate.type.BasicTypeRegistry     : Adding type registration java.sql.Clob -> org.hibernate.type.BasicTypeReference@5785e813
2025-02-02T14:31:05.615+09:00 DEBUG 14400 --- [project] [main] org.hibernate.type.BasicTypeRegistry     : Adding type registration nclob -> org.hibernate.type.BasicTypeReference@10b8b900
2025-02-02T14:31:05.616+09:00 DEBUG 14400 --- [project] [main] org.hibernate.type.BasicTypeRegistry     : Adding type registration java.sql.NClob -> org.hibernate.type.BasicTypeReference@10b8b900
2025-02-02T14:31:05.618+09:00 DEBUG 14400 --- [project] [main] org.hibernate.type.BasicTypeRegistry     : Adding type registration materialized_clob -> org.hibernate.type.BasicTypeReference@6d294ddc
2025-02-02T14:31:05.620+09:00 DEBUG 14400 --- [project] [main] org.hibernate.type.BasicTypeRegistry     : Adding type registration materialized_clob_char_array -> org.hibernate.type.BasicTypeReference@2801827a
2025-02-02T14:31:05.622+09:00 DEBUG 14400 --- [project] [main] org.hibernate.type.BasicTypeRegistry     : Adding type registration materialized_clob_character_array -> org.hibernate.type.BasicTypeReference@50bc3219
2025-02-02T14:31:05.623+09:00 DEBUG 14400 --- [project] [main] org.hibernate.type.BasicTypeRegistry     : Adding type registration materialized_nclob -> org.hibernate.type.BasicTypeReference@599f1b7
2025-02-02T14:31:05.626+09:00 DEBUG 14400 --- [project] [main] org.hibernate.type.BasicTypeRegistry     : Adding type registration materialized_nclob_character_array -> org.hibernate.type.BasicTypeReference@22791b75
2025-02-02T14:31:05.627+09:00 DEBUG 14400 --- [project] [main] org.hibernate.type.BasicTypeRegistry     : Adding type registration materialized_nclob_char_array -> org.hibernate.type.BasicTypeReference@64f4f12
2025-02-02T14:31:05.629+09:00 DEBUG 14400 --- [project] [main] org.hibernate.type.BasicTypeRegistry     : Adding type registration Duration -> org.hibernate.type.BasicTypeReference@37d28938
2025-02-02T14:31:05.631+09:00 DEBUG 14400 --- [project] [main] org.hibernate.type.BasicTypeRegistry     : Adding type registration java.time.Duration -> org.hibernate.type.BasicTypeReference@37d28938
2025-02-02T14:31:05.633+09:00 DEBUG 14400 --- [project] [main] org.hibernate.type.BasicTypeRegistry     : Adding type registration LocalDateTime -> org.hibernate.type.BasicTypeReference@7d0cd23c
2025-02-02T14:31:05.638+09:00 DEBUG 14400 --- [project] [main] org.hibernate.type.BasicTypeRegistry     : Adding type registration java.time.LocalDateTime -> org.hibernate.type.BasicTypeReference@7d0cd23c
2025-02-02T14:31:05.641+09:00 DEBUG 14400 --- [project] [main] org.hibernate.type.BasicTypeRegistry     : Adding type registration LocalDate -> org.hibernate.type.BasicTypeReference@17c4dc5b
2025-02-02T14:31:05.644+09:00 DEBUG 14400 --- [project] [main] org.hibernate.type.BasicTypeRegistry     : Adding type registration java.time.LocalDate -> org.hibernate.type.BasicTypeReference@17c4dc5b
2025-02-02T14:31:05.646+09:00 DEBUG 14400 --- [project] [main] org.hibernate.type.BasicTypeRegistry     : Adding type registration LocalTime -> org.hibernate.type.BasicTypeReference@6b0f266e
2025-02-02T14:31:05.648+09:00 DEBUG 14400 --- [project] [main] org.hibernate.type.BasicTypeRegistry     : Adding type registration java.time.LocalTime -> org.hibernate.type.BasicTypeReference@6b0f266e
2025-02-02T14:31:05.652+09:00 DEBUG 14400 --- [project] [main] org.hibernate.type.BasicTypeRegistry     : Adding type registration OffsetDateTime -> org.hibernate.type.BasicTypeReference@4837f97e
2025-02-02T14:31:05.653+09:00 DEBUG 14400 --- [project] [main] org.hibernate.type.BasicTypeRegistry     : Adding type registration java.time.OffsetDateTime -> org.hibernate.type.BasicTypeReference@4837f97e
2025-02-02T14:31:05.657+09:00 DEBUG 14400 --- [project] [main] org.hibernate.type.BasicTypeRegistry     : Adding type registration OffsetDateTimeWithTimezone -> org.hibernate.type.BasicTypeReference@53314f76
2025-02-02T14:31:05.658+09:00 DEBUG 14400 --- [project] [main] org.hibernate.type.BasicTypeRegistry     : Adding type registration OffsetDateTimeWithoutTimezone -> org.hibernate.type.BasicTypeReference@62a6674f
2025-02-02T14:31:05.666+09:00 DEBUG 14400 --- [project] [main] org.hibernate.type.BasicTypeRegistry     : Adding type registration OffsetTime -> org.hibernate.type.BasicTypeReference@70881123
2025-02-02T14:31:05.671+09:00 DEBUG 14400 --- [project] [main] org.hibernate.type.BasicTypeRegistry     : Adding type registration java.time.OffsetTime -> org.hibernate.type.BasicTypeReference@70881123
2025-02-02T14:31:05.678+09:00 DEBUG 14400 --- [project] [main] org.hibernate.type.BasicTypeRegistry     : Adding type registration OffsetTimeUtc -> org.hibernate.type.BasicTypeReference@703fa45
2025-02-02T14:31:05.679+09:00 DEBUG 14400 --- [project] [main] org.hibernate.type.BasicTypeRegistry     : Adding type registration OffsetTimeWithTimezone -> org.hibernate.type.BasicTypeReference@5e905f2c
2025-02-02T14:31:05.681+09:00 DEBUG 14400 --- [project] [main] org.hibernate.type.BasicTypeRegistry     : Adding type registration OffsetTimeWithoutTimezone -> org.hibernate.type.BasicTypeReference@fddd7ae
2025-02-02T14:31:05.682+09:00 DEBUG 14400 --- [project] [main] org.hibernate.type.BasicTypeRegistry     : Adding type registration ZonedDateTime -> org.hibernate.type.BasicTypeReference@3f6cce7f
2025-02-02T14:31:05.683+09:00 DEBUG 14400 --- [project] [main] org.hibernate.type.BasicTypeRegistry     : Adding type registration java.time.ZonedDateTime -> org.hibernate.type.BasicTypeReference@3f6cce7f
2025-02-02T14:31:05.684+09:00 DEBUG 14400 --- [project] [main] org.hibernate.type.BasicTypeRegistry     : Adding type registration ZonedDateTimeWithTimezone -> org.hibernate.type.BasicTypeReference@2725ca05
2025-02-02T14:31:05.686+09:00 DEBUG 14400 --- [project] [main] org.hibernate.type.BasicTypeRegistry     : Adding type registration ZonedDateTimeWithoutTimezone -> org.hibernate.type.BasicTypeReference@7b9088f2
2025-02-02T14:31:05.687+09:00 DEBUG 14400 --- [project] [main] org.hibernate.type.BasicTypeRegistry     : Adding type registration date -> org.hibernate.type.BasicTypeReference@1a914089
2025-02-02T14:31:05.690+09:00 DEBUG 14400 --- [project] [main] org.hibernate.type.BasicTypeRegistry     : Adding type registration java.sql.Date -> org.hibernate.type.BasicTypeReference@1a914089
2025-02-02T14:31:05.692+09:00 DEBUG 14400 --- [project] [main] org.hibernate.type.BasicTypeRegistry     : Adding type registration time -> org.hibernate.type.BasicTypeReference@43d76a92
2025-02-02T14:31:05.693+09:00 DEBUG 14400 --- [project] [main] org.hibernate.type.BasicTypeRegistry     : Adding type registration java.sql.Time -> org.hibernate.type.BasicTypeReference@43d76a92
2025-02-02T14:31:05.695+09:00 DEBUG 14400 --- [project] [main] org.hibernate.type.BasicTypeRegistry     : Adding type registration timestamp -> org.hibernate.type.BasicTypeReference@4a2bf50f
2025-02-02T14:31:05.697+09:00 DEBUG 14400 --- [project] [main] org.hibernate.type.BasicTypeRegistry     : Adding type registration java.sql.Timestamp -> org.hibernate.type.BasicTypeReference@4a2bf50f
2025-02-02T14:31:05.698+09:00 DEBUG 14400 --- [project] [main] org.hibernate.type.BasicTypeRegistry     : Adding type registration java.util.Date -> org.hibernate.type.BasicTypeReference@4a2bf50f
2025-02-02T14:31:05.699+09:00 DEBUG 14400 --- [project] [main] org.hibernate.type.BasicTypeRegistry     : Adding type registration calendar -> org.hibernate.type.BasicTypeReference@350323a0
2025-02-02T14:31:05.700+09:00 DEBUG 14400 --- [project] [main] org.hibernate.type.BasicTypeRegistry     : Adding type registration java.util.Calendar -> org.hibernate.type.BasicTypeReference@350323a0
2025-02-02T14:31:05.701+09:00 DEBUG 14400 --- [project] [main] org.hibernate.type.BasicTypeRegistry     : Adding type registration java.util.GregorianCalendar -> org.hibernate.type.BasicTypeReference@350323a0
2025-02-02T14:31:05.703+09:00 DEBUG 14400 --- [project] [main] org.hibernate.type.BasicTypeRegistry     : Adding type registration calendar_date -> org.hibernate.type.BasicTypeReference@2506b881
2025-02-02T14:31:05.705+09:00 DEBUG 14400 --- [project] [main] org.hibernate.type.BasicTypeRegistry     : Adding type registration calendar_time -> org.hibernate.type.BasicTypeReference@5d7dd549
2025-02-02T14:31:05.706+09:00 DEBUG 14400 --- [project] [main] org.hibernate.type.BasicTypeRegistry     : Adding type registration instant -> org.hibernate.type.BasicTypeReference@486bd064
2025-02-02T14:31:05.707+09:00 DEBUG 14400 --- [project] [main] org.hibernate.type.BasicTypeRegistry     : Adding type registration java.time.Instant -> org.hibernate.type.BasicTypeReference@486bd064
2025-02-02T14:31:05.708+09:00 DEBUG 14400 --- [project] [main] org.hibernate.type.BasicTypeRegistry     : Adding type registration uuid -> org.hibernate.type.BasicTypeReference@6459f4ea
2025-02-02T14:31:05.709+09:00 DEBUG 14400 --- [project] [main] org.hibernate.type.BasicTypeRegistry     : Adding type registration java.util.UUID -> org.hibernate.type.BasicTypeReference@6459f4ea
2025-02-02T14:31:05.710+09:00 DEBUG 14400 --- [project] [main] org.hibernate.type.BasicTypeRegistry     : Adding type registration pg-uuid -> org.hibernate.type.BasicTypeReference@6459f4ea
2025-02-02T14:31:05.712+09:00 DEBUG 14400 --- [project] [main] org.hibernate.type.BasicTypeRegistry     : Adding type registration uuid-binary -> org.hibernate.type.BasicTypeReference@740b9a50
2025-02-02T14:31:05.714+09:00 DEBUG 14400 --- [project] [main] org.hibernate.type.BasicTypeRegistry     : Adding type registration uuid-char -> org.hibernate.type.BasicTypeReference@476fde05
2025-02-02T14:31:05.715+09:00 DEBUG 14400 --- [project] [main] org.hibernate.type.BasicTypeRegistry     : Adding type registration class -> org.hibernate.type.BasicTypeReference@5111de7c
2025-02-02T14:31:05.716+09:00 DEBUG 14400 --- [project] [main] org.hibernate.type.BasicTypeRegistry     : Adding type registration java.lang.Class -> org.hibernate.type.BasicTypeReference@5111de7c
2025-02-02T14:31:05.717+09:00 DEBUG 14400 --- [project] [main] org.hibernate.type.BasicTypeRegistry     : Adding type registration currency -> org.hibernate.type.BasicTypeReference@7ac48e10
2025-02-02T14:31:05.720+09:00 DEBUG 14400 --- [project] [main] org.hibernate.type.BasicTypeRegistry     : Adding type registration Currency -> org.hibernate.type.BasicTypeReference@7ac48e10
2025-02-02T14:31:05.722+09:00 DEBUG 14400 --- [project] [main] org.hibernate.type.BasicTypeRegistry     : Adding type registration java.util.Currency -> org.hibernate.type.BasicTypeReference@7ac48e10
2025-02-02T14:31:05.724+09:00 DEBUG 14400 --- [project] [main] org.hibernate.type.BasicTypeRegistry     : Adding type registration locale -> org.hibernate.type.BasicTypeReference@52354202
2025-02-02T14:31:05.725+09:00 DEBUG 14400 --- [project] [main] org.hibernate.type.BasicTypeRegistry     : Adding type registration java.util.Locale -> org.hibernate.type.BasicTypeReference@52354202
2025-02-02T14:31:05.726+09:00 DEBUG 14400 --- [project] [main] org.hibernate.type.BasicTypeRegistry     : Adding type registration serializable -> org.hibernate.type.BasicTypeReference@6b1321b7
2025-02-02T14:31:05.727+09:00 DEBUG 14400 --- [project] [main] org.hibernate.type.BasicTypeRegistry     : Adding type registration java.io.Serializable -> org.hibernate.type.BasicTypeReference@6b1321b7
2025-02-02T14:31:05.729+09:00 DEBUG 14400 --- [project] [main] org.hibernate.type.BasicTypeRegistry     : Adding type registration timezone -> org.hibernate.type.BasicTypeReference@342ee097
2025-02-02T14:31:05.730+09:00 DEBUG 14400 --- [project] [main] org.hibernate.type.BasicTypeRegistry     : Adding type registration java.util.TimeZone -> org.hibernate.type.BasicTypeReference@342ee097
2025-02-02T14:31:05.731+09:00 DEBUG 14400 --- [project] [main] org.hibernate.type.BasicTypeRegistry     : Adding type registration ZoneOffset -> org.hibernate.type.BasicTypeReference@6ac45c0c
2025-02-02T14:31:05.732+09:00 DEBUG 14400 --- [project] [main] org.hibernate.type.BasicTypeRegistry     : Adding type registration java.time.ZoneOffset -> org.hibernate.type.BasicTypeReference@6ac45c0c
2025-02-02T14:31:05.734+09:00 DEBUG 14400 --- [project] [main] org.hibernate.type.BasicTypeRegistry     : Adding type registration url -> org.hibernate.type.BasicTypeReference@12192604
2025-02-02T14:31:05.735+09:00 DEBUG 14400 --- [project] [main] org.hibernate.type.BasicTypeRegistry     : Adding type registration java.net.URL -> org.hibernate.type.BasicTypeReference@12192604
2025-02-02T14:31:05.736+09:00 DEBUG 14400 --- [project] [main] org.hibernate.type.BasicTypeRegistry     : Adding type registration vector -> org.hibernate.type.BasicTypeReference@6075b369
2025-02-02T14:31:05.738+09:00 DEBUG 14400 --- [project] [main] org.hibernate.type.BasicTypeRegistry     : Adding type registration float_vector -> org.hibernate.type.BasicTypeReference@231cdda8
2025-02-02T14:31:05.739+09:00 DEBUG 14400 --- [project] [main] org.hibernate.type.BasicTypeRegistry     : Adding type registration double_vector -> org.hibernate.type.BasicTypeReference@6b70d1fb
2025-02-02T14:31:05.741+09:00 DEBUG 14400 --- [project] [main] org.hibernate.type.BasicTypeRegistry     : Adding type registration byte_vector -> org.hibernate.type.BasicTypeReference@3002e397
2025-02-02T14:31:05.742+09:00 DEBUG 14400 --- [project] [main] org.hibernate.type.BasicTypeRegistry     : Adding type registration row_version -> org.hibernate.type.BasicTypeReference@7da1e005
2025-02-02T14:31:05.777+09:00 DEBUG 14400 --- [project] [main] org.hibernate.type.BasicTypeRegistry     : Adding type registration object -> org.hibernate.type.JavaObjectType@2b999ee8
2025-02-02T14:31:05.779+09:00 DEBUG 14400 --- [project] [main] org.hibernate.type.BasicTypeRegistry     : Adding type registration java.lang.Object -> org.hibernate.type.JavaObjectType@2b999ee8
2025-02-02T14:31:05.787+09:00 DEBUG 14400 --- [project] [main] org.hibernate.type.BasicTypeRegistry     : Adding type registration null -> org.hibernate.type.NullType@46a8c2b4
2025-02-02T14:31:05.789+09:00 DEBUG 14400 --- [project] [main] org.hibernate.type.BasicTypeRegistry     : Adding type registration imm_date -> org.hibernate.type.BasicTypeReference@4f664bee
2025-02-02T14:31:05.791+09:00 DEBUG 14400 --- [project] [main] org.hibernate.type.BasicTypeRegistry     : Adding type registration imm_time -> org.hibernate.type.BasicTypeReference@76563ae7
2025-02-02T14:31:05.792+09:00 DEBUG 14400 --- [project] [main] org.hibernate.type.BasicTypeRegistry     : Adding type registration imm_timestamp -> org.hibernate.type.BasicTypeReference@4fd74223
2025-02-02T14:31:05.793+09:00 DEBUG 14400 --- [project] [main] org.hibernate.type.BasicTypeRegistry     : Adding type registration imm_calendar -> org.hibernate.type.BasicTypeReference@4fea840f
2025-02-02T14:31:05.794+09:00 DEBUG 14400 --- [project] [main] org.hibernate.type.BasicTypeRegistry     : Adding type registration imm_calendar_date -> org.hibernate.type.BasicTypeReference@32ae8f27
2025-02-02T14:31:05.796+09:00 DEBUG 14400 --- [project] [main] org.hibernate.type.BasicTypeRegistry     : Adding type registration imm_calendar_time -> org.hibernate.type.BasicTypeReference@75e80a97
2025-02-02T14:31:05.797+09:00 DEBUG 14400 --- [project] [main] org.hibernate.type.BasicTypeRegistry     : Adding type registration imm_binary -> org.hibernate.type.BasicTypeReference@5b8853
2025-02-02T14:31:05.798+09:00 DEBUG 14400 --- [project] [main] org.hibernate.type.BasicTypeRegistry     : Adding type registration imm_serializable -> org.hibernate.type.BasicTypeReference@1b8aaeab
2025-02-02T14:31:07.210+09:00  INFO 14400 --- [project] [main] o.s.o.j.p.SpringPersistenceUnitInfo      : No LoadTimeWeaver setup: ignoring JPA class transformer
2025-02-02T14:31:07.422+09:00  INFO 14400 --- [project] [main] com.zaxxer.hikari.HikariDataSource       : HikariPool-1 - Starting...
2025-02-02T14:31:08.667+09:00  INFO 14400 --- [project] [main] com.zaxxer.hikari.pool.HikariPool        : HikariPool-1 - Added connection conn0: url=jdbc:h2:mem:test user=SA
2025-02-02T14:31:08.686+09:00  INFO 14400 --- [project] [main] com.zaxxer.hikari.HikariDataSource       : HikariPool-1 - Start completed.
2025-02-02T14:31:09.108+09:00  INFO 14400 --- [project] [main] org.hibernate.orm.connections.pooling    : HHH10001005: Database info:
	Database JDBC URL [Connecting through datasource 'HikariDataSource (HikariPool-1)']
	Database driver: undefined/unknown
	Database version: 2.3.232
	Autocommit mode: undefined/unknown
	Isolation level: undefined/unknown
	Minimum pool size: undefined/unknown
	Maximum pool size: undefined/unknown
2025-02-02T14:31:09.168+09:00 DEBUG 14400 --- [project] [main] o.h.t.d.jdbc.spi.JdbcTypeRegistry        : addDescriptor(NCharTypeDescriptor) replaced previous registration(CharTypeDescriptor)
2025-02-02T14:31:09.169+09:00 DEBUG 14400 --- [project] [main] o.h.t.d.jdbc.spi.JdbcTypeRegistry        : addDescriptor(NVarcharTypeDescriptor) replaced previous registration(VarcharTypeDescriptor)
2025-02-02T14:31:09.172+09:00 DEBUG 14400 --- [project] [main] o.h.t.d.jdbc.spi.JdbcTypeRegistry        : addDescriptor(LongNVarcharTypeDescriptor) replaced previous registration(LongVarcharTypeDescriptor)
2025-02-02T14:31:09.191+09:00 DEBUG 14400 --- [project] [main] o.h.t.d.jdbc.spi.JdbcTypeRegistry        : addDescriptor(NClobTypeDescriptor(DEFAULT)) replaced previous registration(ClobTypeDescriptor(DEFAULT))
2025-02-02T14:31:09.200+09:00 DEBUG 14400 --- [project] [main] o.h.t.d.jdbc.spi.JdbcTypeRegistry        : addDescriptor(TimestampUtcDescriptor) replaced previous registration(TimestampUtcDescriptor)
2025-02-02T14:31:09.234+09:00 DEBUG 14400 --- [project] [main] org.hibernate.type.BasicTypeRegistry     : Adding type registration org.hibernate.type.DurationType -> basicType@1(java.time.Duration,3015)
2025-02-02T14:31:09.235+09:00 DEBUG 14400 --- [project] [main] org.hibernate.type.BasicTypeRegistry     : Adding type registration Duration -> basicType@1(java.time.Duration,3015)
2025-02-02T14:31:09.236+09:00 DEBUG 14400 --- [project] [main] org.hibernate.type.BasicTypeRegistry     : Adding type registration java.time.Duration -> basicType@1(java.time.Duration,3015)
2025-02-02T14:31:09.267+09:00 DEBUG 14400 --- [project] [main] o.h.type.spi.TypeConfiguration$Scope     : Scoping TypeConfiguration [org.hibernate.type.spi.TypeConfiguration@5d3b6585] to MetadataBuildingContext [org.hibernate.boot.internal.MetadataBuildingContextRootImpl@41059616]
2025-02-02T14:31:15.404+09:00  INFO 14400 --- [project] [main] o.h.e.t.j.p.i.JtaPlatformInitiator       : HHH000489: No JTA platform available (set 'hibernate.transaction.jta.platform' to enable JTA platform integration)
2025-02-02T14:31:15.409+09:00 DEBUG 14400 --- [project] [main] o.h.type.spi.TypeConfiguration$Scope     : Scoping TypeConfiguration [org.hibernate.type.spi.TypeConfiguration@5d3b6585] to SessionFactoryImplementor [org.hibernate.internal.SessionFactoryImpl@4601a148]
2025-02-02T14:31:15.668+09:00 TRACE 14400 --- [project] [main] o.h.type.spi.TypeConfiguration$Scope     : Handling #sessionFactoryCreated from [org.hibernate.internal.SessionFactoryImpl@4601a148] for TypeConfiguration
2025-02-02T14:31:15.671+09:00  INFO 14400 --- [project] [main] j.LocalContainerEntityManagerFactoryBean : Initialized JPA EntityManagerFactory for persistence unit 'default'
2025-02-02T14:31:18.178+09:00  WARN 14400 --- [project] [main] .s.s.UserDetailsServiceAutoConfiguration : 

Using generated security password: 64fb7d42-fc63-4d58-ba2a-ee02bc63d86b

This generated password is for development use only. Your security configuration must be updated before running your application in production.

2025-02-02T14:31:18.222+09:00  INFO 14400 --- [project] [main] r$InitializeUserDetailsManagerConfigurer : Global AuthenticationManager configured with UserDetailsService bean with name inMemoryUserDetailsManager
2025-02-02T14:31:21.002+09:00  INFO 14400 --- [project] [main] o.s.b.a.h2.H2ConsoleAutoConfiguration    : H2 console available at '/h2-console'. Database available at 'jdbc:h2:mem:test'
2025-02-02T14:31:21.494+09:00  INFO 14400 --- [project] [main] o.s.b.w.embedded.tomcat.TomcatWebServer  : Tomcat started on port 8080 (http) with context path '/'
2025-02-02T14:31:21.532+09:00  INFO 14400 --- [project] [main] com.example.project.ProjectApplication   : Started ProjectApplication in 33.488 seconds (process running for 36.542)
2025-02-02T14:31:37.253+09:00  INFO 14400 --- [project] [http-nio-8080-exec-1] o.a.c.c.C.[Tomcat].[localhost].[/]       : Initializing Spring DispatcherServlet 'dispatcherServlet'
2025-02-02T14:31:37.254+09:00  INFO 14400 --- [project] [http-nio-8080-exec-1] o.s.web.servlet.DispatcherServlet        : Initializing Servlet 'dispatcherServlet'
2025-02-02T14:31:37.259+09:00  INFO 14400 --- [project] [http-nio-8080-exec-1] o.s.web.servlet.DispatcherServlet        : Completed initialization in 3 ms
2025-02-02T14:33:37.209+09:00  WARN 14400 --- [project] [http-nio-8080-exec-10] .w.s.m.s.DefaultHandlerExceptionResolver : Resolved [org.springframework.web.bind.MethodArgumentNotValidException: Validation failed for argument [0] in public com.example.project.global.rsData.RsData<java.lang.String> com.example.project.domain.member.controller.ApiV1MemberController.login(com.example.project.domain.member.dto.MemberRequest) with 3 errors: [Field error in object 'memberRequest' on field 'nickname': rejected value [null]; codes [NotBlank.memberRequest.nickname,NotBlank.nickname,NotBlank.java.lang.String,NotBlank]; arguments [org.springframework.context.support.DefaultMessageSourceResolvable: codes [memberRequest.nickname,nickname]; arguments []; default message [nickname]]; default message [공백일 수 없습니다]] [Field error in object 'memberRequest' on field 'name': rejected value [null]; codes [NotBlank.memberRequest.name,NotBlank.name,NotBlank.java.lang.String,NotBlank]; arguments [org.springframework.context.support.DefaultMessageSourceResolvable: codes [memberRequest.name,name]; arguments []; default message [name]]; default message [공백일 수 없습니다]] [Field error in object 'memberRequest' on field 'providerId': rejected value [null]; codes [NotBlank.memberRequest.providerId,NotBlank.providerId,NotBlank.java.lang.String,NotBlank]; arguments [org.springframework.context.support.DefaultMessageSourceResolvable: codes [memberRequest.providerId,providerId]; arguments []; default message [providerId]]; default message [공백일 수 없습니다]] ]
2025-02-02T14:35:59.463+09:00  INFO 14400 --- [project] [SpringApplicationShutdownHook] o.s.b.w.e.tomcat.GracefulShutdown        : Commencing graceful shutdown. Waiting for active requests to complete
2025-02-02T14:35:59.496+09:00  INFO 14400 --- [project] [tomcat-shutdown] o.s.b.w.e.tomcat.GracefulShutdown        : Graceful shutdown complete
2025-02-02T14:35:59.523+09:00  INFO 14400 --- [project] [SpringApplicationShutdownHook] j.LocalContainerEntityManagerFactoryBean : Closing JPA EntityManagerFactory for persistence unit 'default'
2025-02-02T14:35:59.534+09:00 TRACE 14400 --- [project] [SpringApplicationShutdownHook] o.h.type.spi.TypeConfiguration$Scope     : Handling #sessionFactoryClosed from [org.hibernate.internal.SessionFactoryImpl@4601a148] for TypeConfiguration
2025-02-02T14:35:59.535+09:00 DEBUG 14400 --- [project] [SpringApplicationShutdownHook] o.h.type.spi.TypeConfiguration$Scope     : Un-scoping TypeConfiguration [org.hibernate.type.spi.TypeConfiguration$Scope@13f057a4] from SessionFactory [org.hibernate.internal.SessionFactoryImpl@4601a148]
2025-02-02T14:35:59.549+09:00  INFO 14400 --- [project] [SpringApplicationShutdownHook] com.zaxxer.hikari.HikariDataSource       : HikariPool-1 - Shutdown initiated...
2025-02-02T14:35:59.567+09:00  INFO 14400 --- [project] [SpringApplicationShutdownHook] com.zaxxer.hikari.HikariDataSource       : HikariPool-1 - Shutdown completed.
2025-02-02T14:36:25.023+09:00  INFO 10708 --- [project] [main] com.example.project.ProjectApplication   : Starting ProjectApplication using Java 21.0.5 with PID 10708 (C:\AI\javaProject\develope\project\out\production\classes started by nsy71 in C:\AI\javaProject\develope\project)
2025-02-02T14:36:25.039+09:00  INFO 10708 --- [project] [main] com.example.project.ProjectApplication   : The following 2 profiles are active: "secret", "dev"
2025-02-02T14:36:30.416+09:00  INFO 10708 --- [project] [main] .s.d.r.c.RepositoryConfigurationDelegate : Bootstrapping Spring Data JPA repositories in DEFAULT mode.
2025-02-02T14:36:30.945+09:00  INFO 10708 --- [project] [main] .s.d.r.c.RepositoryConfigurationDelegate : Finished Spring Data repository scanning in 462 ms. Found 1 JPA repository interface.
2025-02-02T14:36:35.829+09:00  INFO 10708 --- [project] [main] o.s.b.w.embedded.tomcat.TomcatWebServer  : Tomcat initialized with port 8080 (http)
2025-02-02T14:36:35.898+09:00  INFO 10708 --- [project] [main] o.apache.catalina.core.StandardService   : Starting service [Tomcat]
2025-02-02T14:36:35.899+09:00  INFO 10708 --- [project] [main] o.apache.catalina.core.StandardEngine    : Starting Servlet engine: [Apache Tomcat/10.1.34]
2025-02-02T14:36:36.250+09:00  INFO 10708 --- [project] [main] o.a.c.c.C.[Tomcat].[localhost].[/]       : Initializing Spring embedded WebApplicationContext
2025-02-02T14:36:36.253+09:00  INFO 10708 --- [project] [main] w.s.c.ServletWebServerApplicationContext : Root WebApplicationContext: initialization completed in 10885 ms
2025-02-02T14:36:37.306+09:00  INFO 10708 --- [project] [main] o.hibernate.jpa.internal.util.LogHelper  : HHH000204: Processing PersistenceUnitInfo [name: default]
2025-02-02T14:36:37.896+09:00  INFO 10708 --- [project] [main] org.hibernate.Version                    : HHH000412: Hibernate ORM core version 6.6.5.Final
2025-02-02T14:36:38.094+09:00  INFO 10708 --- [project] [main] o.h.c.internal.RegionFactoryInitiator    : HHH000026: Second-level cache disabled
2025-02-02T14:36:38.584+09:00 DEBUG 10708 --- [project] [main] org.hibernate.type.BasicTypeRegistry     : Adding type registration boolean -> org.hibernate.type.BasicTypeReference@46f73ffa
2025-02-02T14:36:38.586+09:00 DEBUG 10708 --- [project] [main] org.hibernate.type.BasicTypeRegistry     : Adding type registration boolean -> org.hibernate.type.BasicTypeReference@46f73ffa
2025-02-02T14:36:38.589+09:00 DEBUG 10708 --- [project] [main] org.hibernate.type.BasicTypeRegistry     : Adding type registration java.lang.Boolean -> org.hibernate.type.BasicTypeReference@46f73ffa
2025-02-02T14:36:38.590+09:00 DEBUG 10708 --- [project] [main] org.hibernate.type.BasicTypeRegistry     : Adding type registration numeric_boolean -> org.hibernate.type.BasicTypeReference@41aebbb4
2025-02-02T14:36:38.595+09:00 DEBUG 10708 --- [project] [main] org.hibernate.type.BasicTypeRegistry     : Adding type registration org.hibernate.type.NumericBooleanConverter -> org.hibernate.type.BasicTypeReference@41aebbb4
2025-02-02T14:36:38.597+09:00 DEBUG 10708 --- [project] [main] org.hibernate.type.BasicTypeRegistry     : Adding type registration true_false -> org.hibernate.type.BasicTypeReference@afde064
2025-02-02T14:36:38.601+09:00 DEBUG 10708 --- [project] [main] org.hibernate.type.BasicTypeRegistry     : Adding type registration org.hibernate.type.TrueFalseConverter -> org.hibernate.type.BasicTypeReference@afde064
2025-02-02T14:36:38.603+09:00 DEBUG 10708 --- [project] [main] org.hibernate.type.BasicTypeRegistry     : Adding type registration yes_no -> org.hibernate.type.BasicTypeReference@5a592c70
2025-02-02T14:36:38.605+09:00 DEBUG 10708 --- [project] [main] org.hibernate.type.BasicTypeRegistry     : Adding type registration org.hibernate.type.YesNoConverter -> org.hibernate.type.BasicTypeReference@5a592c70
2025-02-02T14:36:38.606+09:00 DEBUG 10708 --- [project] [main] org.hibernate.type.BasicTypeRegistry     : Adding type registration byte -> org.hibernate.type.BasicTypeReference@252ec02e
2025-02-02T14:36:38.608+09:00 DEBUG 10708 --- [project] [main] org.hibernate.type.BasicTypeRegistry     : Adding type registration byte -> org.hibernate.type.BasicTypeReference@252ec02e
2025-02-02T14:36:38.610+09:00 DEBUG 10708 --- [project] [main] org.hibernate.type.BasicTypeRegistry     : Adding type registration java.lang.Byte -> org.hibernate.type.BasicTypeReference@252ec02e
2025-02-02T14:36:38.617+09:00 DEBUG 10708 --- [project] [main] org.hibernate.type.BasicTypeRegistry     : Adding type registration binary -> org.hibernate.type.BasicTypeReference@11e9ac24
2025-02-02T14:36:38.619+09:00 DEBUG 10708 --- [project] [main] org.hibernate.type.BasicTypeRegistry     : Adding type registration byte[] -> org.hibernate.type.BasicTypeReference@11e9ac24
2025-02-02T14:36:38.621+09:00 DEBUG 10708 --- [project] [main] org.hibernate.type.BasicTypeRegistry     : Adding type registration [B -> org.hibernate.type.BasicTypeReference@11e9ac24
2025-02-02T14:36:38.623+09:00 DEBUG 10708 --- [project] [main] org.hibernate.type.BasicTypeRegistry     : Adding type registration binary_wrapper -> org.hibernate.type.BasicTypeReference@74f280bd
2025-02-02T14:36:38.624+09:00 DEBUG 10708 --- [project] [main] org.hibernate.type.BasicTypeRegistry     : Adding type registration wrapper-binary -> org.hibernate.type.BasicTypeReference@74f280bd
2025-02-02T14:36:38.626+09:00 DEBUG 10708 --- [project] [main] org.hibernate.type.BasicTypeRegistry     : Adding type registration image -> org.hibernate.type.BasicTypeReference@675b18ff
2025-02-02T14:36:38.627+09:00 DEBUG 10708 --- [project] [main] org.hibernate.type.BasicTypeRegistry     : Adding type registration blob -> org.hibernate.type.BasicTypeReference@34279b8a
2025-02-02T14:36:38.629+09:00 DEBUG 10708 --- [project] [main] org.hibernate.type.BasicTypeRegistry     : Adding type registration java.sql.Blob -> org.hibernate.type.BasicTypeReference@34279b8a
2025-02-02T14:36:38.631+09:00 DEBUG 10708 --- [project] [main] org.hibernate.type.BasicTypeRegistry     : Adding type registration materialized_blob -> org.hibernate.type.BasicTypeReference@687389a6
2025-02-02T14:36:38.633+09:00 DEBUG 10708 --- [project] [main] org.hibernate.type.BasicTypeRegistry     : Adding type registration materialized_blob_wrapper -> org.hibernate.type.BasicTypeReference@8641b7d
2025-02-02T14:36:38.635+09:00 DEBUG 10708 --- [project] [main] org.hibernate.type.BasicTypeRegistry     : Adding type registration short -> org.hibernate.type.BasicTypeReference@37c7766e
2025-02-02T14:36:38.636+09:00 DEBUG 10708 --- [project] [main] org.hibernate.type.BasicTypeRegistry     : Adding type registration short -> org.hibernate.type.BasicTypeReference@37c7766e
2025-02-02T14:36:38.637+09:00 DEBUG 10708 --- [project] [main] org.hibernate.type.BasicTypeRegistry     : Adding type registration java.lang.Short -> org.hibernate.type.BasicTypeReference@37c7766e
2025-02-02T14:36:38.639+09:00 DEBUG 10708 --- [project] [main] org.hibernate.type.BasicTypeRegistry     : Adding type registration integer -> org.hibernate.type.BasicTypeReference@3fb450d7
2025-02-02T14:36:38.641+09:00 DEBUG 10708 --- [project] [main] org.hibernate.type.BasicTypeRegistry     : Adding type registration int -> org.hibernate.type.BasicTypeReference@3fb450d7
2025-02-02T14:36:38.643+09:00 DEBUG 10708 --- [project] [main] org.hibernate.type.BasicTypeRegistry     : Adding type registration java.lang.Integer -> org.hibernate.type.BasicTypeReference@3fb450d7
2025-02-02T14:36:38.645+09:00 DEBUG 10708 --- [project] [main] org.hibernate.type.BasicTypeRegistry     : Adding type registration long -> org.hibernate.type.BasicTypeReference@4b7ed03e
2025-02-02T14:36:38.647+09:00 DEBUG 10708 --- [project] [main] org.hibernate.type.BasicTypeRegistry     : Adding type registration long -> org.hibernate.type.BasicTypeReference@4b7ed03e
2025-02-02T14:36:38.651+09:00 DEBUG 10708 --- [project] [main] org.hibernate.type.BasicTypeRegistry     : Adding type registration java.lang.Long -> org.hibernate.type.BasicTypeReference@4b7ed03e
2025-02-02T14:36:38.658+09:00 DEBUG 10708 --- [project] [main] org.hibernate.type.BasicTypeRegistry     : Adding type registration float -> org.hibernate.type.BasicTypeReference@636985df
2025-02-02T14:36:38.660+09:00 DEBUG 10708 --- [project] [main] org.hibernate.type.BasicTypeRegistry     : Adding type registration float -> org.hibernate.type.BasicTypeReference@636985df
2025-02-02T14:36:38.664+09:00 DEBUG 10708 --- [project] [main] org.hibernate.type.BasicTypeRegistry     : Adding type registration java.lang.Float -> org.hibernate.type.BasicTypeReference@636985df
2025-02-02T14:36:38.666+09:00 DEBUG 10708 --- [project] [main] org.hibernate.type.BasicTypeRegistry     : Adding type registration double -> org.hibernate.type.BasicTypeReference@6f91fbda
2025-02-02T14:36:38.667+09:00 DEBUG 10708 --- [project] [main] org.hibernate.type.BasicTypeRegistry     : Adding type registration double -> org.hibernate.type.BasicTypeReference@6f91fbda
2025-02-02T14:36:38.671+09:00 DEBUG 10708 --- [project] [main] org.hibernate.type.BasicTypeRegistry     : Adding type registration java.lang.Double -> org.hibernate.type.BasicTypeReference@6f91fbda
2025-02-02T14:36:38.677+09:00 DEBUG 10708 --- [project] [main] org.hibernate.type.BasicTypeRegistry     : Adding type registration big_integer -> org.hibernate.type.BasicTypeReference@723e3c17
2025-02-02T14:36:38.681+09:00 DEBUG 10708 --- [project] [main] org.hibernate.type.BasicTypeRegistry     : Adding type registration java.math.BigInteger -> org.hibernate.type.BasicTypeReference@723e3c17
2025-02-02T14:36:38.685+09:00 DEBUG 10708 --- [project] [main] org.hibernate.type.BasicTypeRegistry     : Adding type registration big_decimal -> org.hibernate.type.BasicTypeReference@4ffced4e
2025-02-02T14:36:38.696+09:00 DEBUG 10708 --- [project] [main] org.hibernate.type.BasicTypeRegistry     : Adding type registration java.math.BigDecimal -> org.hibernate.type.BasicTypeReference@4ffced4e
2025-02-02T14:36:38.700+09:00 DEBUG 10708 --- [project] [main] org.hibernate.type.BasicTypeRegistry     : Adding type registration character -> org.hibernate.type.BasicTypeReference@6094de13
2025-02-02T14:36:38.703+09:00 DEBUG 10708 --- [project] [main] org.hibernate.type.BasicTypeRegistry     : Adding type registration char -> org.hibernate.type.BasicTypeReference@6094de13
2025-02-02T14:36:38.705+09:00 DEBUG 10708 --- [project] [main] org.hibernate.type.BasicTypeRegistry     : Adding type registration java.lang.Character -> org.hibernate.type.BasicTypeReference@6094de13
2025-02-02T14:36:38.706+09:00 DEBUG 10708 --- [project] [main] org.hibernate.type.BasicTypeRegistry     : Adding type registration character_nchar -> org.hibernate.type.BasicTypeReference@bbb6f0
2025-02-02T14:36:38.709+09:00 DEBUG 10708 --- [project] [main] org.hibernate.type.BasicTypeRegistry     : Adding type registration string -> org.hibernate.type.BasicTypeReference@3e6ec74
2025-02-02T14:36:38.714+09:00 DEBUG 10708 --- [project] [main] org.hibernate.type.BasicTypeRegistry     : Adding type registration java.lang.String -> org.hibernate.type.BasicTypeReference@3e6ec74
2025-02-02T14:36:38.717+09:00 DEBUG 10708 --- [project] [main] org.hibernate.type.BasicTypeRegistry     : Adding type registration nstring -> org.hibernate.type.BasicTypeReference@2bd8f7db
2025-02-02T14:36:38.720+09:00 DEBUG 10708 --- [project] [main] org.hibernate.type.BasicTypeRegistry     : Adding type registration characters -> org.hibernate.type.BasicTypeReference@6d7ad0f5
2025-02-02T14:36:38.729+09:00 DEBUG 10708 --- [project] [main] org.hibernate.type.BasicTypeRegistry     : Adding type registration char[] -> org.hibernate.type.BasicTypeReference@6d7ad0f5
2025-02-02T14:36:38.732+09:00 DEBUG 10708 --- [project] [main] org.hibernate.type.BasicTypeRegistry     : Adding type registration [C -> org.hibernate.type.BasicTypeReference@6d7ad0f5
2025-02-02T14:36:38.734+09:00 DEBUG 10708 --- [project] [main] org.hibernate.type.BasicTypeRegistry     : Adding type registration wrapper-characters -> org.hibernate.type.BasicTypeReference@30abf79c
2025-02-02T14:36:38.736+09:00 DEBUG 10708 --- [project] [main] org.hibernate.type.BasicTypeRegistry     : Adding type registration text -> org.hibernate.type.BasicTypeReference@49a38b1
2025-02-02T14:36:38.738+09:00 DEBUG 10708 --- [project] [main] org.hibernate.type.BasicTypeRegistry     : Adding type registration ntext -> org.hibernate.type.BasicTypeReference@681061d6
2025-02-02T14:36:38.740+09:00 DEBUG 10708 --- [project] [main] org.hibernate.type.BasicTypeRegistry     : Adding type registration clob -> org.hibernate.type.BasicTypeReference@53d6e959
2025-02-02T14:36:38.743+09:00 DEBUG 10708 --- [project] [main] org.hibernate.type.BasicTypeRegistry     : Adding type registration java.sql.Clob -> org.hibernate.type.BasicTypeReference@53d6e959
2025-02-02T14:36:38.744+09:00 DEBUG 10708 --- [project] [main] org.hibernate.type.BasicTypeRegistry     : Adding type registration nclob -> org.hibernate.type.BasicTypeReference@3caee3a8
2025-02-02T14:36:38.746+09:00 DEBUG 10708 --- [project] [main] org.hibernate.type.BasicTypeRegistry     : Adding type registration java.sql.NClob -> org.hibernate.type.BasicTypeReference@3caee3a8
2025-02-02T14:36:38.747+09:00 DEBUG 10708 --- [project] [main] org.hibernate.type.BasicTypeRegistry     : Adding type registration materialized_clob -> org.hibernate.type.BasicTypeReference@69a40b3c
2025-02-02T14:36:38.749+09:00 DEBUG 10708 --- [project] [main] org.hibernate.type.BasicTypeRegistry     : Adding type registration materialized_clob_char_array -> org.hibernate.type.BasicTypeReference@251c90f
2025-02-02T14:36:38.750+09:00 DEBUG 10708 --- [project] [main] org.hibernate.type.BasicTypeRegistry     : Adding type registration materialized_clob_character_array -> org.hibernate.type.BasicTypeReference@6629643d
2025-02-02T14:36:38.752+09:00 DEBUG 10708 --- [project] [main] org.hibernate.type.BasicTypeRegistry     : Adding type registration materialized_nclob -> org.hibernate.type.BasicTypeReference@2dd178f3
2025-02-02T14:36:38.756+09:00 DEBUG 10708 --- [project] [main] org.hibernate.type.BasicTypeRegistry     : Adding type registration materialized_nclob_character_array -> org.hibernate.type.BasicTypeReference@64656b9e
2025-02-02T14:36:38.757+09:00 DEBUG 10708 --- [project] [main] org.hibernate.type.BasicTypeRegistry     : Adding type registration materialized_nclob_char_array -> org.hibernate.type.BasicTypeReference@6870cfac
2025-02-02T14:36:38.761+09:00 DEBUG 10708 --- [project] [main] org.hibernate.type.BasicTypeRegistry     : Adding type registration Duration -> org.hibernate.type.BasicTypeReference@45554613
2025-02-02T14:36:38.763+09:00 DEBUG 10708 --- [project] [main] org.hibernate.type.BasicTypeRegistry     : Adding type registration java.time.Duration -> org.hibernate.type.BasicTypeReference@45554613
2025-02-02T14:36:38.765+09:00 DEBUG 10708 --- [project] [main] org.hibernate.type.BasicTypeRegistry     : Adding type registration LocalDateTime -> org.hibernate.type.BasicTypeReference@63e5b8aa
2025-02-02T14:36:38.768+09:00 DEBUG 10708 --- [project] [main] org.hibernate.type.BasicTypeRegistry     : Adding type registration java.time.LocalDateTime -> org.hibernate.type.BasicTypeReference@63e5b8aa
2025-02-02T14:36:38.770+09:00 DEBUG 10708 --- [project] [main] org.hibernate.type.BasicTypeRegistry     : Adding type registration LocalDate -> org.hibernate.type.BasicTypeReference@2c9306d3
2025-02-02T14:36:38.772+09:00 DEBUG 10708 --- [project] [main] org.hibernate.type.BasicTypeRegistry     : Adding type registration java.time.LocalDate -> org.hibernate.type.BasicTypeReference@2c9306d3
2025-02-02T14:36:38.773+09:00 DEBUG 10708 --- [project] [main] org.hibernate.type.BasicTypeRegistry     : Adding type registration LocalTime -> org.hibernate.type.BasicTypeReference@4270b142
2025-02-02T14:36:38.775+09:00 DEBUG 10708 --- [project] [main] org.hibernate.type.BasicTypeRegistry     : Adding type registration java.time.LocalTime -> org.hibernate.type.BasicTypeReference@4270b142
2025-02-02T14:36:38.777+09:00 DEBUG 10708 --- [project] [main] org.hibernate.type.BasicTypeRegistry     : Adding type registration OffsetDateTime -> org.hibernate.type.BasicTypeReference@2dfa02c1
2025-02-02T14:36:38.780+09:00 DEBUG 10708 --- [project] [main] org.hibernate.type.BasicTypeRegistry     : Adding type registration java.time.OffsetDateTime -> org.hibernate.type.BasicTypeReference@2dfa02c1
2025-02-02T14:36:38.782+09:00 DEBUG 10708 --- [project] [main] org.hibernate.type.BasicTypeRegistry     : Adding type registration OffsetDateTimeWithTimezone -> org.hibernate.type.BasicTypeReference@6314df3c
2025-02-02T14:36:38.783+09:00 DEBUG 10708 --- [project] [main] org.hibernate.type.BasicTypeRegistry     : Adding type registration OffsetDateTimeWithoutTimezone -> org.hibernate.type.BasicTypeReference@5785e813
2025-02-02T14:36:38.785+09:00 DEBUG 10708 --- [project] [main] org.hibernate.type.BasicTypeRegistry     : Adding type registration OffsetTime -> org.hibernate.type.BasicTypeReference@10b8b900
2025-02-02T14:36:38.786+09:00 DEBUG 10708 --- [project] [main] org.hibernate.type.BasicTypeRegistry     : Adding type registration java.time.OffsetTime -> org.hibernate.type.BasicTypeReference@10b8b900
2025-02-02T14:36:38.787+09:00 DEBUG 10708 --- [project] [main] org.hibernate.type.BasicTypeRegistry     : Adding type registration OffsetTimeUtc -> org.hibernate.type.BasicTypeReference@6d294ddc
2025-02-02T14:36:38.788+09:00 DEBUG 10708 --- [project] [main] org.hibernate.type.BasicTypeRegistry     : Adding type registration OffsetTimeWithTimezone -> org.hibernate.type.BasicTypeReference@2801827a
2025-02-02T14:36:38.792+09:00 DEBUG 10708 --- [project] [main] org.hibernate.type.BasicTypeRegistry     : Adding type registration OffsetTimeWithoutTimezone -> org.hibernate.type.BasicTypeReference@50bc3219
2025-02-02T14:36:38.795+09:00 DEBUG 10708 --- [project] [main] org.hibernate.type.BasicTypeRegistry     : Adding type registration ZonedDateTime -> org.hibernate.type.BasicTypeReference@599f1b7
2025-02-02T14:36:38.797+09:00 DEBUG 10708 --- [project] [main] org.hibernate.type.BasicTypeRegistry     : Adding type registration java.time.ZonedDateTime -> org.hibernate.type.BasicTypeReference@599f1b7
2025-02-02T14:36:38.798+09:00 DEBUG 10708 --- [project] [main] org.hibernate.type.BasicTypeRegistry     : Adding type registration ZonedDateTimeWithTimezone -> org.hibernate.type.BasicTypeReference@22791b75
2025-02-02T14:36:38.799+09:00 DEBUG 10708 --- [project] [main] org.hibernate.type.BasicTypeRegistry     : Adding type registration ZonedDateTimeWithoutTimezone -> org.hibernate.type.BasicTypeReference@64f4f12
2025-02-02T14:36:38.801+09:00 DEBUG 10708 --- [project] [main] org.hibernate.type.BasicTypeRegistry     : Adding type registration date -> org.hibernate.type.BasicTypeReference@37d28938
2025-02-02T14:36:38.803+09:00 DEBUG 10708 --- [project] [main] org.hibernate.type.BasicTypeRegistry     : Adding type registration java.sql.Date -> org.hibernate.type.BasicTypeReference@37d28938
2025-02-02T14:36:38.804+09:00 DEBUG 10708 --- [project] [main] org.hibernate.type.BasicTypeRegistry     : Adding type registration time -> org.hibernate.type.BasicTypeReference@7d0cd23c
2025-02-02T14:36:38.807+09:00 DEBUG 10708 --- [project] [main] org.hibernate.type.BasicTypeRegistry     : Adding type registration java.sql.Time -> org.hibernate.type.BasicTypeReference@7d0cd23c
2025-02-02T14:36:38.809+09:00 DEBUG 10708 --- [project] [main] org.hibernate.type.BasicTypeRegistry     : Adding type registration timestamp -> org.hibernate.type.BasicTypeReference@17c4dc5b
2025-02-02T14:36:38.811+09:00 DEBUG 10708 --- [project] [main] org.hibernate.type.BasicTypeRegistry     : Adding type registration java.sql.Timestamp -> org.hibernate.type.BasicTypeReference@17c4dc5b
2025-02-02T14:36:38.813+09:00 DEBUG 10708 --- [project] [main] org.hibernate.type.BasicTypeRegistry     : Adding type registration java.util.Date -> org.hibernate.type.BasicTypeReference@17c4dc5b
2025-02-02T14:36:38.814+09:00 DEBUG 10708 --- [project] [main] org.hibernate.type.BasicTypeRegistry     : Adding type registration calendar -> org.hibernate.type.BasicTypeReference@6b0f266e
2025-02-02T14:36:38.815+09:00 DEBUG 10708 --- [project] [main] org.hibernate.type.BasicTypeRegistry     : Adding type registration java.util.Calendar -> org.hibernate.type.BasicTypeReference@6b0f266e
2025-02-02T14:36:38.817+09:00 DEBUG 10708 --- [project] [main] org.hibernate.type.BasicTypeRegistry     : Adding type registration java.util.GregorianCalendar -> org.hibernate.type.BasicTypeReference@6b0f266e
2025-02-02T14:36:38.818+09:00 DEBUG 10708 --- [project] [main] org.hibernate.type.BasicTypeRegistry     : Adding type registration calendar_date -> org.hibernate.type.BasicTypeReference@4837f97e
2025-02-02T14:36:38.819+09:00 DEBUG 10708 --- [project] [main] org.hibernate.type.BasicTypeRegistry     : Adding type registration calendar_time -> org.hibernate.type.BasicTypeReference@53314f76
2025-02-02T14:36:38.821+09:00 DEBUG 10708 --- [project] [main] org.hibernate.type.BasicTypeRegistry     : Adding type registration instant -> org.hibernate.type.BasicTypeReference@62a6674f
2025-02-02T14:36:38.822+09:00 DEBUG 10708 --- [project] [main] org.hibernate.type.BasicTypeRegistry     : Adding type registration java.time.Instant -> org.hibernate.type.BasicTypeReference@62a6674f
2025-02-02T14:36:38.824+09:00 DEBUG 10708 --- [project] [main] org.hibernate.type.BasicTypeRegistry     : Adding type registration uuid -> org.hibernate.type.BasicTypeReference@70881123
2025-02-02T14:36:38.825+09:00 DEBUG 10708 --- [project] [main] org.hibernate.type.BasicTypeRegistry     : Adding type registration java.util.UUID -> org.hibernate.type.BasicTypeReference@70881123
2025-02-02T14:36:38.825+09:00 DEBUG 10708 --- [project] [main] org.hibernate.type.BasicTypeRegistry     : Adding type registration pg-uuid -> org.hibernate.type.BasicTypeReference@70881123
2025-02-02T14:36:38.826+09:00 DEBUG 10708 --- [project] [main] org.hibernate.type.BasicTypeRegistry     : Adding type registration uuid-binary -> org.hibernate.type.BasicTypeReference@703fa45
2025-02-02T14:36:38.827+09:00 DEBUG 10708 --- [project] [main] org.hibernate.type.BasicTypeRegistry     : Adding type registration uuid-char -> org.hibernate.type.BasicTypeReference@5e905f2c
2025-02-02T14:36:38.828+09:00 DEBUG 10708 --- [project] [main] org.hibernate.type.BasicTypeRegistry     : Adding type registration class -> org.hibernate.type.BasicTypeReference@fddd7ae
2025-02-02T14:36:38.829+09:00 DEBUG 10708 --- [project] [main] org.hibernate.type.BasicTypeRegistry     : Adding type registration java.lang.Class -> org.hibernate.type.BasicTypeReference@fddd7ae
2025-02-02T14:36:38.830+09:00 DEBUG 10708 --- [project] [main] org.hibernate.type.BasicTypeRegistry     : Adding type registration currency -> org.hibernate.type.BasicTypeReference@3f6cce7f
2025-02-02T14:36:38.831+09:00 DEBUG 10708 --- [project] [main] org.hibernate.type.BasicTypeRegistry     : Adding type registration Currency -> org.hibernate.type.BasicTypeReference@3f6cce7f
2025-02-02T14:36:38.832+09:00 DEBUG 10708 --- [project] [main] org.hibernate.type.BasicTypeRegistry     : Adding type registration java.util.Currency -> org.hibernate.type.BasicTypeReference@3f6cce7f
2025-02-02T14:36:38.833+09:00 DEBUG 10708 --- [project] [main] org.hibernate.type.BasicTypeRegistry     : Adding type registration locale -> org.hibernate.type.BasicTypeReference@2725ca05
2025-02-02T14:36:38.835+09:00 DEBUG 10708 --- [project] [main] org.hibernate.type.BasicTypeRegistry     : Adding type registration java.util.Locale -> org.hibernate.type.BasicTypeReference@2725ca05
2025-02-02T14:36:38.837+09:00 DEBUG 10708 --- [project] [main] org.hibernate.type.BasicTypeRegistry     : Adding type registration serializable -> org.hibernate.type.BasicTypeReference@7b9088f2
2025-02-02T14:36:38.839+09:00 DEBUG 10708 --- [project] [main] org.hibernate.type.BasicTypeRegistry     : Adding type registration java.io.Serializable -> org.hibernate.type.BasicTypeReference@7b9088f2
2025-02-02T14:36:38.841+09:00 DEBUG 10708 --- [project] [main] org.hibernate.type.BasicTypeRegistry     : Adding type registration timezone -> org.hibernate.type.BasicTypeReference@1a914089
2025-02-02T14:36:38.843+09:00 DEBUG 10708 --- [project] [main] org.hibernate.type.BasicTypeRegistry     : Adding type registration java.util.TimeZone -> org.hibernate.type.BasicTypeReference@1a914089
2025-02-02T14:36:38.845+09:00 DEBUG 10708 --- [project] [main] org.hibernate.type.BasicTypeRegistry     : Adding type registration ZoneOffset -> org.hibernate.type.BasicTypeReference@43d76a92
2025-02-02T14:36:38.846+09:00 DEBUG 10708 --- [project] [main] org.hibernate.type.BasicTypeRegistry     : Adding type registration java.time.ZoneOffset -> org.hibernate.type.BasicTypeReference@43d76a92
2025-02-02T14:36:38.848+09:00 DEBUG 10708 --- [project] [main] org.hibernate.type.BasicTypeRegistry     : Adding type registration url -> org.hibernate.type.BasicTypeReference@4a2bf50f
2025-02-02T14:36:38.850+09:00 DEBUG 10708 --- [project] [main] org.hibernate.type.BasicTypeRegistry     : Adding type registration java.net.URL -> org.hibernate.type.BasicTypeReference@4a2bf50f
2025-02-02T14:36:38.850+09:00 DEBUG 10708 --- [project] [main] org.hibernate.type.BasicTypeRegistry     : Adding type registration vector -> org.hibernate.type.BasicTypeReference@350323a0
2025-02-02T14:36:38.851+09:00 DEBUG 10708 --- [project] [main] org.hibernate.type.BasicTypeRegistry     : Adding type registration float_vector -> org.hibernate.type.BasicTypeReference@2506b881
2025-02-02T14:36:38.852+09:00 DEBUG 10708 --- [project] [main] org.hibernate.type.BasicTypeRegistry     : Adding type registration double_vector -> org.hibernate.type.BasicTypeReference@5d7dd549
2025-02-02T14:36:38.853+09:00 DEBUG 10708 --- [project] [main] org.hibernate.type.BasicTypeRegistry     : Adding type registration byte_vector -> org.hibernate.type.BasicTypeReference@486bd064
2025-02-02T14:36:38.855+09:00 DEBUG 10708 --- [project] [main] org.hibernate.type.BasicTypeRegistry     : Adding type registration row_version -> org.hibernate.type.BasicTypeReference@6459f4ea
2025-02-02T14:36:38.887+09:00 DEBUG 10708 --- [project] [main] org.hibernate.type.BasicTypeRegistry     : Adding type registration object -> org.hibernate.type.JavaObjectType@5cff729b
2025-02-02T14:36:38.889+09:00 DEBUG 10708 --- [project] [main] org.hibernate.type.BasicTypeRegistry     : Adding type registration java.lang.Object -> org.hibernate.type.JavaObjectType@5cff729b
2025-02-02T14:36:38.896+09:00 DEBUG 10708 --- [project] [main] org.hibernate.type.BasicTypeRegistry     : Adding type registration null -> org.hibernate.type.NullType@3e14d390
2025-02-02T14:36:38.898+09:00 DEBUG 10708 --- [project] [main] org.hibernate.type.BasicTypeRegistry     : Adding type registration imm_date -> org.hibernate.type.BasicTypeReference@5eb87338
2025-02-02T14:36:38.899+09:00 DEBUG 10708 --- [project] [main] org.hibernate.type.BasicTypeRegistry     : Adding type registration imm_time -> org.hibernate.type.BasicTypeReference@2b999ee8
2025-02-02T14:36:38.901+09:00 DEBUG 10708 --- [project] [main] org.hibernate.type.BasicTypeRegistry     : Adding type registration imm_timestamp -> org.hibernate.type.BasicTypeReference@31ab1e67
2025-02-02T14:36:38.903+09:00 DEBUG 10708 --- [project] [main] org.hibernate.type.BasicTypeRegistry     : Adding type registration imm_calendar -> org.hibernate.type.BasicTypeReference@29bbc391
2025-02-02T14:36:38.904+09:00 DEBUG 10708 --- [project] [main] org.hibernate.type.BasicTypeRegistry     : Adding type registration imm_calendar_date -> org.hibernate.type.BasicTypeReference@3487442d
2025-02-02T14:36:38.905+09:00 DEBUG 10708 --- [project] [main] org.hibernate.type.BasicTypeRegistry     : Adding type registration imm_calendar_time -> org.hibernate.type.BasicTypeReference@530ee28b
2025-02-02T14:36:38.907+09:00 DEBUG 10708 --- [project] [main] org.hibernate.type.BasicTypeRegistry     : Adding type registration imm_binary -> org.hibernate.type.BasicTypeReference@3a3f96ab
2025-02-02T14:36:38.908+09:00 DEBUG 10708 --- [project] [main] org.hibernate.type.BasicTypeRegistry     : Adding type registration imm_serializable -> org.hibernate.type.BasicTypeReference@4def7d36
2025-02-02T14:36:40.187+09:00  INFO 10708 --- [project] [main] o.s.o.j.p.SpringPersistenceUnitInfo      : No LoadTimeWeaver setup: ignoring JPA class transformer
2025-02-02T14:36:40.354+09:00  INFO 10708 --- [project] [main] com.zaxxer.hikari.HikariDataSource       : HikariPool-1 - Starting...
2025-02-02T14:36:41.289+09:00  INFO 10708 --- [project] [main] com.zaxxer.hikari.pool.HikariPool        : HikariPool-1 - Added connection conn0: url=jdbc:h2:mem:test user=SA
2025-02-02T14:36:41.298+09:00  INFO 10708 --- [project] [main] com.zaxxer.hikari.HikariDataSource       : HikariPool-1 - Start completed.
2025-02-02T14:36:41.582+09:00  INFO 10708 --- [project] [main] org.hibernate.orm.connections.pooling    : HHH10001005: Database info:
	Database JDBC URL [Connecting through datasource 'HikariDataSource (HikariPool-1)']
	Database driver: undefined/unknown
	Database version: 2.3.232
	Autocommit mode: undefined/unknown
	Isolation level: undefined/unknown
	Minimum pool size: undefined/unknown
	Maximum pool size: undefined/unknown
2025-02-02T14:36:41.630+09:00 DEBUG 10708 --- [project] [main] o.h.t.d.jdbc.spi.JdbcTypeRegistry        : addDescriptor(NCharTypeDescriptor) replaced previous registration(CharTypeDescriptor)
2025-02-02T14:36:41.631+09:00 DEBUG 10708 --- [project] [main] o.h.t.d.jdbc.spi.JdbcTypeRegistry        : addDescriptor(NVarcharTypeDescriptor) replaced previous registration(VarcharTypeDescriptor)
2025-02-02T14:36:41.633+09:00 DEBUG 10708 --- [project] [main] o.h.t.d.jdbc.spi.JdbcTypeRegistry        : addDescriptor(LongNVarcharTypeDescriptor) replaced previous registration(LongVarcharTypeDescriptor)
2025-02-02T14:36:41.648+09:00 DEBUG 10708 --- [project] [main] o.h.t.d.jdbc.spi.JdbcTypeRegistry        : addDescriptor(NClobTypeDescriptor(DEFAULT)) replaced previous registration(ClobTypeDescriptor(DEFAULT))
2025-02-02T14:36:41.655+09:00 DEBUG 10708 --- [project] [main] o.h.t.d.jdbc.spi.JdbcTypeRegistry        : addDescriptor(TimestampUtcDescriptor) replaced previous registration(TimestampUtcDescriptor)
2025-02-02T14:36:41.682+09:00 DEBUG 10708 --- [project] [main] org.hibernate.type.BasicTypeRegistry     : Adding type registration org.hibernate.type.DurationType -> basicType@1(java.time.Duration,3015)
2025-02-02T14:36:41.683+09:00 DEBUG 10708 --- [project] [main] org.hibernate.type.BasicTypeRegistry     : Adding type registration Duration -> basicType@1(java.time.Duration,3015)
2025-02-02T14:36:41.684+09:00 DEBUG 10708 --- [project] [main] org.hibernate.type.BasicTypeRegistry     : Adding type registration java.time.Duration -> basicType@1(java.time.Duration,3015)
2025-02-02T14:36:41.706+09:00 DEBUG 10708 --- [project] [main] o.h.type.spi.TypeConfiguration$Scope     : Scoping TypeConfiguration [org.hibernate.type.spi.TypeConfiguration@2f5f5bc9] to MetadataBuildingContext [org.hibernate.boot.internal.MetadataBuildingContextRootImpl@4aeaff64]
2025-02-02T14:36:46.990+09:00  INFO 10708 --- [project] [main] o.h.e.t.j.p.i.JtaPlatformInitiator       : HHH000489: No JTA platform available (set 'hibernate.transaction.jta.platform' to enable JTA platform integration)
2025-02-02T14:36:46.995+09:00 DEBUG 10708 --- [project] [main] o.h.type.spi.TypeConfiguration$Scope     : Scoping TypeConfiguration [org.hibernate.type.spi.TypeConfiguration@2f5f5bc9] to SessionFactoryImplementor [org.hibernate.internal.SessionFactoryImpl@b814e23]
2025-02-02T14:36:47.180+09:00 TRACE 10708 --- [project] [main] o.h.type.spi.TypeConfiguration$Scope     : Handling #sessionFactoryCreated from [org.hibernate.internal.SessionFactoryImpl@b814e23] for TypeConfiguration
2025-02-02T14:36:47.182+09:00  INFO 10708 --- [project] [main] j.LocalContainerEntityManagerFactoryBean : Initialized JPA EntityManagerFactory for persistence unit 'default'
2025-02-02T14:36:49.826+09:00  WARN 10708 --- [project] [main] .s.s.UserDetailsServiceAutoConfiguration : 

Using generated security password: 5975ecc5-bd76-4443-9925-160a43e0798d

This generated password is for development use only. Your security configuration must be updated before running your application in production.

2025-02-02T14:36:49.874+09:00  INFO 10708 --- [project] [main] r$InitializeUserDetailsManagerConfigurer : Global AuthenticationManager configured with UserDetailsService bean with name inMemoryUserDetailsManager
2025-02-02T14:36:53.018+09:00  INFO 10708 --- [project] [main] o.s.b.a.h2.H2ConsoleAutoConfiguration    : H2 console available at '/h2-console'. Database available at 'jdbc:h2:mem:test'
2025-02-02T14:36:53.495+09:00  INFO 10708 --- [project] [main] o.s.b.w.embedded.tomcat.TomcatWebServer  : Tomcat started on port 8080 (http) with context path '/'
2025-02-02T14:36:53.542+09:00  INFO 10708 --- [project] [main] com.example.project.ProjectApplication   : Started ProjectApplication in 32.427 seconds (process running for 35.382)
2025-02-02T14:37:05.663+09:00  INFO 10708 --- [project] [http-nio-8080-exec-1] o.a.c.c.C.[Tomcat].[localhost].[/]       : Initializing Spring DispatcherServlet 'dispatcherServlet'
2025-02-02T14:37:05.664+09:00  INFO 10708 --- [project] [http-nio-8080-exec-1] o.s.web.servlet.DispatcherServlet        : Initializing Servlet 'dispatcherServlet'
2025-02-02T14:37:05.669+09:00  INFO 10708 --- [project] [http-nio-8080-exec-1] o.s.web.servlet.DispatcherServlet        : Completed initialization in 5 ms
2025-02-02T14:44:18.386+09:00  INFO 10708 --- [project] [SpringApplicationShutdownHook] o.s.b.w.e.tomcat.GracefulShutdown        : Commencing graceful shutdown. Waiting for active requests to complete
2025-02-02T14:44:18.444+09:00  INFO 10708 --- [project] [tomcat-shutdown] o.s.b.w.e.tomcat.GracefulShutdown        : Graceful shutdown complete
2025-02-02T14:44:18.473+09:00  INFO 10708 --- [project] [SpringApplicationShutdownHook] j.LocalContainerEntityManagerFactoryBean : Closing JPA EntityManagerFactory for persistence unit 'default'
2025-02-02T14:44:18.499+09:00 TRACE 10708 --- [project] [SpringApplicationShutdownHook] o.h.type.spi.TypeConfiguration$Scope     : Handling #sessionFactoryClosed from [org.hibernate.internal.SessionFactoryImpl@b814e23] for TypeConfiguration
2025-02-02T14:44:18.501+09:00 DEBUG 10708 --- [project] [SpringApplicationShutdownHook] o.h.type.spi.TypeConfiguration$Scope     : Un-scoping TypeConfiguration [org.hibernate.type.spi.TypeConfiguration$Scope@6da3eaba] from SessionFactory [org.hibernate.internal.SessionFactoryImpl@b814e23]
2025-02-02T14:44:18.516+09:00  INFO 10708 --- [project] [SpringApplicationShutdownHook] com.zaxxer.hikari.HikariDataSource       : HikariPool-1 - Shutdown initiated...
2025-02-02T14:44:18.527+09:00  INFO 10708 --- [project] [SpringApplicationShutdownHook] com.zaxxer.hikari.HikariDataSource       : HikariPool-1 - Shutdown completed.
2025-02-02T14:44:44.917+09:00  INFO 15204 --- [project] [main] com.example.project.ProjectApplication   : Starting ProjectApplication using Java 21.0.5 with PID 15204 (C:\AI\javaProject\develope\project\out\production\classes started by nsy71 in C:\AI\javaProject\develope\project)
2025-02-02T14:44:44.932+09:00  INFO 15204 --- [project] [main] com.example.project.ProjectApplication   : The following 2 profiles are active: "secret", "dev"
2025-02-02T14:44:50.086+09:00  INFO 15204 --- [project] [main] .s.d.r.c.RepositoryConfigurationDelegate : Bootstrapping Spring Data JPA repositories in DEFAULT mode.
2025-02-02T14:44:50.599+09:00  INFO 15204 --- [project] [main] .s.d.r.c.RepositoryConfigurationDelegate : Finished Spring Data repository scanning in 449 ms. Found 1 JPA repository interface.
2025-02-02T14:44:54.792+09:00  INFO 15204 --- [project] [main] o.s.b.w.embedded.tomcat.TomcatWebServer  : Tomcat initialized with port 8080 (http)
2025-02-02T14:44:54.877+09:00  INFO 15204 --- [project] [main] o.apache.catalina.core.StandardService   : Starting service [Tomcat]
2025-02-02T14:44:54.879+09:00  INFO 15204 --- [project] [main] o.apache.catalina.core.StandardEngine    : Starting Servlet engine: [Apache Tomcat/10.1.34]
2025-02-02T14:44:55.339+09:00  INFO 15204 --- [project] [main] o.a.c.c.C.[Tomcat].[localhost].[/]       : Initializing Spring embedded WebApplicationContext
2025-02-02T14:44:55.341+09:00  INFO 15204 --- [project] [main] w.s.c.ServletWebServerApplicationContext : Root WebApplicationContext: initialization completed in 10121 ms
2025-02-02T14:44:56.815+09:00  INFO 15204 --- [project] [main] o.hibernate.jpa.internal.util.LogHelper  : HHH000204: Processing PersistenceUnitInfo [name: default]
2025-02-02T14:44:57.626+09:00  INFO 15204 --- [project] [main] org.hibernate.Version                    : HHH000412: Hibernate ORM core version 6.6.5.Final
2025-02-02T14:44:57.900+09:00  INFO 15204 --- [project] [main] o.h.c.internal.RegionFactoryInitiator    : HHH000026: Second-level cache disabled
2025-02-02T14:44:58.500+09:00 DEBUG 15204 --- [project] [main] org.hibernate.type.BasicTypeRegistry     : Adding type registration boolean -> org.hibernate.type.BasicTypeReference@49a38b1
2025-02-02T14:44:58.502+09:00 DEBUG 15204 --- [project] [main] org.hibernate.type.BasicTypeRegistry     : Adding type registration boolean -> org.hibernate.type.BasicTypeReference@49a38b1
2025-02-02T14:44:58.507+09:00 DEBUG 15204 --- [project] [main] org.hibernate.type.BasicTypeRegistry     : Adding type registration java.lang.Boolean -> org.hibernate.type.BasicTypeReference@49a38b1
2025-02-02T14:44:58.509+09:00 DEBUG 15204 --- [project] [main] org.hibernate.type.BasicTypeRegistry     : Adding type registration numeric_boolean -> org.hibernate.type.BasicTypeReference@681061d6
2025-02-02T14:44:58.511+09:00 DEBUG 15204 --- [project] [main] org.hibernate.type.BasicTypeRegistry     : Adding type registration org.hibernate.type.NumericBooleanConverter -> org.hibernate.type.BasicTypeReference@681061d6
2025-02-02T14:44:58.513+09:00 DEBUG 15204 --- [project] [main] org.hibernate.type.BasicTypeRegistry     : Adding type registration true_false -> org.hibernate.type.BasicTypeReference@53d6e959
2025-02-02T14:44:58.515+09:00 DEBUG 15204 --- [project] [main] org.hibernate.type.BasicTypeRegistry     : Adding type registration org.hibernate.type.TrueFalseConverter -> org.hibernate.type.BasicTypeReference@53d6e959
2025-02-02T14:44:58.517+09:00 DEBUG 15204 --- [project] [main] org.hibernate.type.BasicTypeRegistry     : Adding type registration yes_no -> org.hibernate.type.BasicTypeReference@3caee3a8
2025-02-02T14:44:58.518+09:00 DEBUG 15204 --- [project] [main] org.hibernate.type.BasicTypeRegistry     : Adding type registration org.hibernate.type.YesNoConverter -> org.hibernate.type.BasicTypeReference@3caee3a8
2025-02-02T14:44:58.527+09:00 DEBUG 15204 --- [project] [main] org.hibernate.type.BasicTypeRegistry     : Adding type registration byte -> org.hibernate.type.BasicTypeReference@69a40b3c
2025-02-02T14:44:58.529+09:00 DEBUG 15204 --- [project] [main] org.hibernate.type.BasicTypeRegistry     : Adding type registration byte -> org.hibernate.type.BasicTypeReference@69a40b3c
2025-02-02T14:44:58.531+09:00 DEBUG 15204 --- [project] [main] org.hibernate.type.BasicTypeRegistry     : Adding type registration java.lang.Byte -> org.hibernate.type.BasicTypeReference@69a40b3c
2025-02-02T14:44:58.534+09:00 DEBUG 15204 --- [project] [main] org.hibernate.type.BasicTypeRegistry     : Adding type registration binary -> org.hibernate.type.BasicTypeReference@251c90f
2025-02-02T14:44:58.540+09:00 DEBUG 15204 --- [project] [main] org.hibernate.type.BasicTypeRegistry     : Adding type registration byte[] -> org.hibernate.type.BasicTypeReference@251c90f
2025-02-02T14:44:58.543+09:00 DEBUG 15204 --- [project] [main] org.hibernate.type.BasicTypeRegistry     : Adding type registration [B -> org.hibernate.type.BasicTypeReference@251c90f
2025-02-02T14:44:58.545+09:00 DEBUG 15204 --- [project] [main] org.hibernate.type.BasicTypeRegistry     : Adding type registration binary_wrapper -> org.hibernate.type.BasicTypeReference@6629643d
2025-02-02T14:44:58.546+09:00 DEBUG 15204 --- [project] [main] org.hibernate.type.BasicTypeRegistry     : Adding type registration wrapper-binary -> org.hibernate.type.BasicTypeReference@6629643d
2025-02-02T14:44:58.548+09:00 DEBUG 15204 --- [project] [main] org.hibernate.type.BasicTypeRegistry     : Adding type registration image -> org.hibernate.type.BasicTypeReference@2dd178f3
2025-02-02T14:44:58.549+09:00 DEBUG 15204 --- [project] [main] org.hibernate.type.BasicTypeRegistry     : Adding type registration blob -> org.hibernate.type.BasicTypeReference@64656b9e
2025-02-02T14:44:58.551+09:00 DEBUG 15204 --- [project] [main] org.hibernate.type.BasicTypeRegistry     : Adding type registration java.sql.Blob -> org.hibernate.type.BasicTypeReference@64656b9e
2025-02-02T14:44:58.556+09:00 DEBUG 15204 --- [project] [main] org.hibernate.type.BasicTypeRegistry     : Adding type registration materialized_blob -> org.hibernate.type.BasicTypeReference@6870cfac
2025-02-02T14:44:58.557+09:00 DEBUG 15204 --- [project] [main] org.hibernate.type.BasicTypeRegistry     : Adding type registration materialized_blob_wrapper -> org.hibernate.type.BasicTypeReference@45554613
2025-02-02T14:44:58.559+09:00 DEBUG 15204 --- [project] [main] org.hibernate.type.BasicTypeRegistry     : Adding type registration short -> org.hibernate.type.BasicTypeReference@63e5b8aa
2025-02-02T14:44:58.560+09:00 DEBUG 15204 --- [project] [main] org.hibernate.type.BasicTypeRegistry     : Adding type registration short -> org.hibernate.type.BasicTypeReference@63e5b8aa
2025-02-02T14:44:58.561+09:00 DEBUG 15204 --- [project] [main] org.hibernate.type.BasicTypeRegistry     : Adding type registration java.lang.Short -> org.hibernate.type.BasicTypeReference@63e5b8aa
2025-02-02T14:44:58.564+09:00 DEBUG 15204 --- [project] [main] org.hibernate.type.BasicTypeRegistry     : Adding type registration integer -> org.hibernate.type.BasicTypeReference@2c9306d3
2025-02-02T14:44:58.565+09:00 DEBUG 15204 --- [project] [main] org.hibernate.type.BasicTypeRegistry     : Adding type registration int -> org.hibernate.type.BasicTypeReference@2c9306d3
2025-02-02T14:44:58.568+09:00 DEBUG 15204 --- [project] [main] org.hibernate.type.BasicTypeRegistry     : Adding type registration java.lang.Integer -> org.hibernate.type.BasicTypeReference@2c9306d3
2025-02-02T14:44:58.573+09:00 DEBUG 15204 --- [project] [main] org.hibernate.type.BasicTypeRegistry     : Adding type registration long -> org.hibernate.type.BasicTypeReference@4270b142
2025-02-02T14:44:58.574+09:00 DEBUG 15204 --- [project] [main] org.hibernate.type.BasicTypeRegistry     : Adding type registration long -> org.hibernate.type.BasicTypeReference@4270b142
2025-02-02T14:44:58.576+09:00 DEBUG 15204 --- [project] [main] org.hibernate.type.BasicTypeRegistry     : Adding type registration java.lang.Long -> org.hibernate.type.BasicTypeReference@4270b142
2025-02-02T14:44:58.579+09:00 DEBUG 15204 --- [project] [main] org.hibernate.type.BasicTypeRegistry     : Adding type registration float -> org.hibernate.type.BasicTypeReference@2dfa02c1
2025-02-02T14:44:58.580+09:00 DEBUG 15204 --- [project] [main] org.hibernate.type.BasicTypeRegistry     : Adding type registration float -> org.hibernate.type.BasicTypeReference@2dfa02c1
2025-02-02T14:44:58.584+09:00 DEBUG 15204 --- [project] [main] org.hibernate.type.BasicTypeRegistry     : Adding type registration java.lang.Float -> org.hibernate.type.BasicTypeReference@2dfa02c1
2025-02-02T14:44:58.586+09:00 DEBUG 15204 --- [project] [main] org.hibernate.type.BasicTypeRegistry     : Adding type registration double -> org.hibernate.type.BasicTypeReference@6314df3c
2025-02-02T14:44:58.590+09:00 DEBUG 15204 --- [project] [main] org.hibernate.type.BasicTypeRegistry     : Adding type registration double -> org.hibernate.type.BasicTypeReference@6314df3c
2025-02-02T14:44:58.592+09:00 DEBUG 15204 --- [project] [main] org.hibernate.type.BasicTypeRegistry     : Adding type registration java.lang.Double -> org.hibernate.type.BasicTypeReference@6314df3c
2025-02-02T14:44:58.595+09:00 DEBUG 15204 --- [project] [main] org.hibernate.type.BasicTypeRegistry     : Adding type registration big_integer -> org.hibernate.type.BasicTypeReference@5785e813
2025-02-02T14:44:58.597+09:00 DEBUG 15204 --- [project] [main] org.hibernate.type.BasicTypeRegistry     : Adding type registration java.math.BigInteger -> org.hibernate.type.BasicTypeReference@5785e813
2025-02-02T14:44:58.601+09:00 DEBUG 15204 --- [project] [main] org.hibernate.type.BasicTypeRegistry     : Adding type registration big_decimal -> org.hibernate.type.BasicTypeReference@10b8b900
2025-02-02T14:44:58.605+09:00 DEBUG 15204 --- [project] [main] org.hibernate.type.BasicTypeRegistry     : Adding type registration java.math.BigDecimal -> org.hibernate.type.BasicTypeReference@10b8b900
2025-02-02T14:44:58.607+09:00 DEBUG 15204 --- [project] [main] org.hibernate.type.BasicTypeRegistry     : Adding type registration character -> org.hibernate.type.BasicTypeReference@6d294ddc
2025-02-02T14:44:58.609+09:00 DEBUG 15204 --- [project] [main] org.hibernate.type.BasicTypeRegistry     : Adding type registration char -> org.hibernate.type.BasicTypeReference@6d294ddc
2025-02-02T14:44:58.611+09:00 DEBUG 15204 --- [project] [main] org.hibernate.type.BasicTypeRegistry     : Adding type registration java.lang.Character -> org.hibernate.type.BasicTypeReference@6d294ddc
2025-02-02T14:44:58.613+09:00 DEBUG 15204 --- [project] [main] org.hibernate.type.BasicTypeRegistry     : Adding type registration character_nchar -> org.hibernate.type.BasicTypeReference@2801827a
2025-02-02T14:44:58.617+09:00 DEBUG 15204 --- [project] [main] org.hibernate.type.BasicTypeRegistry     : Adding type registration string -> org.hibernate.type.BasicTypeReference@50bc3219
2025-02-02T14:44:58.619+09:00 DEBUG 15204 --- [project] [main] org.hibernate.type.BasicTypeRegistry     : Adding type registration java.lang.String -> org.hibernate.type.BasicTypeReference@50bc3219
2025-02-02T14:44:58.623+09:00 DEBUG 15204 --- [project] [main] org.hibernate.type.BasicTypeRegistry     : Adding type registration nstring -> org.hibernate.type.BasicTypeReference@599f1b7
2025-02-02T14:44:58.625+09:00 DEBUG 15204 --- [project] [main] org.hibernate.type.BasicTypeRegistry     : Adding type registration characters -> org.hibernate.type.BasicTypeReference@22791b75
2025-02-02T14:44:58.627+09:00 DEBUG 15204 --- [project] [main] org.hibernate.type.BasicTypeRegistry     : Adding type registration char[] -> org.hibernate.type.BasicTypeReference@22791b75
2025-02-02T14:44:58.629+09:00 DEBUG 15204 --- [project] [main] org.hibernate.type.BasicTypeRegistry     : Adding type registration [C -> org.hibernate.type.BasicTypeReference@22791b75
2025-02-02T14:44:58.632+09:00 DEBUG 15204 --- [project] [main] org.hibernate.type.BasicTypeRegistry     : Adding type registration wrapper-characters -> org.hibernate.type.BasicTypeReference@64f4f12
2025-02-02T14:44:58.635+09:00 DEBUG 15204 --- [project] [main] org.hibernate.type.BasicTypeRegistry     : Adding type registration text -> org.hibernate.type.BasicTypeReference@37d28938
2025-02-02T14:44:58.636+09:00 DEBUG 15204 --- [project] [main] org.hibernate.type.BasicTypeRegistry     : Adding type registration ntext -> org.hibernate.type.BasicTypeReference@7d0cd23c
2025-02-02T14:44:58.640+09:00 DEBUG 15204 --- [project] [main] org.hibernate.type.BasicTypeRegistry     : Adding type registration clob -> org.hibernate.type.BasicTypeReference@17c4dc5b
2025-02-02T14:44:58.642+09:00 DEBUG 15204 --- [project] [main] org.hibernate.type.BasicTypeRegistry     : Adding type registration java.sql.Clob -> org.hibernate.type.BasicTypeReference@17c4dc5b
2025-02-02T14:44:58.643+09:00 DEBUG 15204 --- [project] [main] org.hibernate.type.BasicTypeRegistry     : Adding type registration nclob -> org.hibernate.type.BasicTypeReference@6b0f266e
2025-02-02T14:44:58.645+09:00 DEBUG 15204 --- [project] [main] org.hibernate.type.BasicTypeRegistry     : Adding type registration java.sql.NClob -> org.hibernate.type.BasicTypeReference@6b0f266e
2025-02-02T14:44:58.648+09:00 DEBUG 15204 --- [project] [main] org.hibernate.type.BasicTypeRegistry     : Adding type registration materialized_clob -> org.hibernate.type.BasicTypeReference@4837f97e
2025-02-02T14:44:58.652+09:00 DEBUG 15204 --- [project] [main] org.hibernate.type.BasicTypeRegistry     : Adding type registration materialized_clob_char_array -> org.hibernate.type.BasicTypeReference@53314f76
2025-02-02T14:44:58.656+09:00 DEBUG 15204 --- [project] [main] org.hibernate.type.BasicTypeRegistry     : Adding type registration materialized_clob_character_array -> org.hibernate.type.BasicTypeReference@62a6674f
2025-02-02T14:44:58.658+09:00 DEBUG 15204 --- [project] [main] org.hibernate.type.BasicTypeRegistry     : Adding type registration materialized_nclob -> org.hibernate.type.BasicTypeReference@70881123
2025-02-02T14:44:58.660+09:00 DEBUG 15204 --- [project] [main] org.hibernate.type.BasicTypeRegistry     : Adding type registration materialized_nclob_character_array -> org.hibernate.type.BasicTypeReference@703fa45
2025-02-02T14:44:58.661+09:00 DEBUG 15204 --- [project] [main] org.hibernate.type.BasicTypeRegistry     : Adding type registration materialized_nclob_char_array -> org.hibernate.type.BasicTypeReference@5e905f2c
2025-02-02T14:44:58.664+09:00 DEBUG 15204 --- [project] [main] org.hibernate.type.BasicTypeRegistry     : Adding type registration Duration -> org.hibernate.type.BasicTypeReference@fddd7ae
2025-02-02T14:44:58.667+09:00 DEBUG 15204 --- [project] [main] org.hibernate.type.BasicTypeRegistry     : Adding type registration java.time.Duration -> org.hibernate.type.BasicTypeReference@fddd7ae
2025-02-02T14:44:58.668+09:00 DEBUG 15204 --- [project] [main] org.hibernate.type.BasicTypeRegistry     : Adding type registration LocalDateTime -> org.hibernate.type.BasicTypeReference@3f6cce7f
2025-02-02T14:44:58.673+09:00 DEBUG 15204 --- [project] [main] org.hibernate.type.BasicTypeRegistry     : Adding type registration java.time.LocalDateTime -> org.hibernate.type.BasicTypeReference@3f6cce7f
2025-02-02T14:44:58.675+09:00 DEBUG 15204 --- [project] [main] org.hibernate.type.BasicTypeRegistry     : Adding type registration LocalDate -> org.hibernate.type.BasicTypeReference@2725ca05
2025-02-02T14:44:58.676+09:00 DEBUG 15204 --- [project] [main] org.hibernate.type.BasicTypeRegistry     : Adding type registration java.time.LocalDate -> org.hibernate.type.BasicTypeReference@2725ca05
2025-02-02T14:44:58.692+09:00 DEBUG 15204 --- [project] [main] org.hibernate.type.BasicTypeRegistry     : Adding type registration LocalTime -> org.hibernate.type.BasicTypeReference@7b9088f2
2025-02-02T14:44:58.693+09:00 DEBUG 15204 --- [project] [main] org.hibernate.type.BasicTypeRegistry     : Adding type registration java.time.LocalTime -> org.hibernate.type.BasicTypeReference@7b9088f2
2025-02-02T14:44:58.696+09:00 DEBUG 15204 --- [project] [main] org.hibernate.type.BasicTypeRegistry     : Adding type registration OffsetDateTime -> org.hibernate.type.BasicTypeReference@1a914089
2025-02-02T14:44:58.698+09:00 DEBUG 15204 --- [project] [main] org.hibernate.type.BasicTypeRegistry     : Adding type registration java.time.OffsetDateTime -> org.hibernate.type.BasicTypeReference@1a914089
2025-02-02T14:44:58.702+09:00 DEBUG 15204 --- [project] [main] org.hibernate.type.BasicTypeRegistry     : Adding type registration OffsetDateTimeWithTimezone -> org.hibernate.type.BasicTypeReference@43d76a92
2025-02-02T14:44:58.706+09:00 DEBUG 15204 --- [project] [main] org.hibernate.type.BasicTypeRegistry     : Adding type registration OffsetDateTimeWithoutTimezone -> org.hibernate.type.BasicTypeReference@4a2bf50f
2025-02-02T14:44:58.785+09:00 DEBUG 15204 --- [project] [main] org.hibernate.type.BasicTypeRegistry     : Adding type registration OffsetTime -> org.hibernate.type.BasicTypeReference@350323a0
2025-02-02T14:44:58.788+09:00 DEBUG 15204 --- [project] [main] org.hibernate.type.BasicTypeRegistry     : Adding type registration java.time.OffsetTime -> org.hibernate.type.BasicTypeReference@350323a0
2025-02-02T14:44:58.791+09:00 DEBUG 15204 --- [project] [main] org.hibernate.type.BasicTypeRegistry     : Adding type registration OffsetTimeUtc -> org.hibernate.type.BasicTypeReference@2506b881
2025-02-02T14:44:58.793+09:00 DEBUG 15204 --- [project] [main] org.hibernate.type.BasicTypeRegistry     : Adding type registration OffsetTimeWithTimezone -> org.hibernate.type.BasicTypeReference@5d7dd549
2025-02-02T14:44:58.795+09:00 DEBUG 15204 --- [project] [main] org.hibernate.type.BasicTypeRegistry     : Adding type registration OffsetTimeWithoutTimezone -> org.hibernate.type.BasicTypeReference@486bd064
2025-02-02T14:44:58.811+09:00 DEBUG 15204 --- [project] [main] org.hibernate.type.BasicTypeRegistry     : Adding type registration ZonedDateTime -> org.hibernate.type.BasicTypeReference@6459f4ea
2025-02-02T14:44:58.815+09:00 DEBUG 15204 --- [project] [main] org.hibernate.type.BasicTypeRegistry     : Adding type registration java.time.ZonedDateTime -> org.hibernate.type.BasicTypeReference@6459f4ea
2025-02-02T14:44:58.818+09:00 DEBUG 15204 --- [project] [main] org.hibernate.type.BasicTypeRegistry     : Adding type registration ZonedDateTimeWithTimezone -> org.hibernate.type.BasicTypeReference@740b9a50
2025-02-02T14:44:58.820+09:00 DEBUG 15204 --- [project] [main] org.hibernate.type.BasicTypeRegistry     : Adding type registration ZonedDateTimeWithoutTimezone -> org.hibernate.type.BasicTypeReference@476fde05
2025-02-02T14:44:58.824+09:00 DEBUG 15204 --- [project] [main] org.hibernate.type.BasicTypeRegistry     : Adding type registration date -> org.hibernate.type.BasicTypeReference@5111de7c
2025-02-02T14:44:58.825+09:00 DEBUG 15204 --- [project] [main] org.hibernate.type.BasicTypeRegistry     : Adding type registration java.sql.Date -> org.hibernate.type.BasicTypeReference@5111de7c
2025-02-02T14:44:58.828+09:00 DEBUG 15204 --- [project] [main] org.hibernate.type.BasicTypeRegistry     : Adding type registration time -> org.hibernate.type.BasicTypeReference@7ac48e10
2025-02-02T14:44:58.834+09:00 DEBUG 15204 --- [project] [main] org.hibernate.type.BasicTypeRegistry     : Adding type registration java.sql.Time -> org.hibernate.type.BasicTypeReference@7ac48e10
2025-02-02T14:44:58.839+09:00 DEBUG 15204 --- [project] [main] org.hibernate.type.BasicTypeRegistry     : Adding type registration timestamp -> org.hibernate.type.BasicTypeReference@52354202
2025-02-02T14:44:58.843+09:00 DEBUG 15204 --- [project] [main] org.hibernate.type.BasicTypeRegistry     : Adding type registration java.sql.Timestamp -> org.hibernate.type.BasicTypeReference@52354202
2025-02-02T14:44:58.845+09:00 DEBUG 15204 --- [project] [main] org.hibernate.type.BasicTypeRegistry     : Adding type registration java.util.Date -> org.hibernate.type.BasicTypeReference@52354202
2025-02-02T14:44:58.847+09:00 DEBUG 15204 --- [project] [main] org.hibernate.type.BasicTypeRegistry     : Adding type registration calendar -> org.hibernate.type.BasicTypeReference@6b1321b7
2025-02-02T14:44:58.851+09:00 DEBUG 15204 --- [project] [main] org.hibernate.type.BasicTypeRegistry     : Adding type registration java.util.Calendar -> org.hibernate.type.BasicTypeReference@6b1321b7
2025-02-02T14:44:58.852+09:00 DEBUG 15204 --- [project] [main] org.hibernate.type.BasicTypeRegistry     : Adding type registration java.util.GregorianCalendar -> org.hibernate.type.BasicTypeReference@6b1321b7
2025-02-02T14:44:58.855+09:00 DEBUG 15204 --- [project] [main] org.hibernate.type.BasicTypeRegistry     : Adding type registration calendar_date -> org.hibernate.type.BasicTypeReference@342ee097
2025-02-02T14:44:58.864+09:00 DEBUG 15204 --- [project] [main] org.hibernate.type.BasicTypeRegistry     : Adding type registration calendar_time -> org.hibernate.type.BasicTypeReference@6ac45c0c
2025-02-02T14:44:58.866+09:00 DEBUG 15204 --- [project] [main] org.hibernate.type.BasicTypeRegistry     : Adding type registration instant -> org.hibernate.type.BasicTypeReference@12192604
2025-02-02T14:44:58.867+09:00 DEBUG 15204 --- [project] [main] org.hibernate.type.BasicTypeRegistry     : Adding type registration java.time.Instant -> org.hibernate.type.BasicTypeReference@12192604
2025-02-02T14:44:58.869+09:00 DEBUG 15204 --- [project] [main] org.hibernate.type.BasicTypeRegistry     : Adding type registration uuid -> org.hibernate.type.BasicTypeReference@6075b369
2025-02-02T14:44:58.872+09:00 DEBUG 15204 --- [project] [main] org.hibernate.type.BasicTypeRegistry     : Adding type registration java.util.UUID -> org.hibernate.type.BasicTypeReference@6075b369
2025-02-02T14:44:58.873+09:00 DEBUG 15204 --- [project] [main] org.hibernate.type.BasicTypeRegistry     : Adding type registration pg-uuid -> org.hibernate.type.BasicTypeReference@6075b369
2025-02-02T14:44:58.875+09:00 DEBUG 15204 --- [project] [main] org.hibernate.type.BasicTypeRegistry     : Adding type registration uuid-binary -> org.hibernate.type.BasicTypeReference@231cdda8
2025-02-02T14:44:58.877+09:00 DEBUG 15204 --- [project] [main] org.hibernate.type.BasicTypeRegistry     : Adding type registration uuid-char -> org.hibernate.type.BasicTypeReference@6b70d1fb
2025-02-02T14:44:58.878+09:00 DEBUG 15204 --- [project] [main] org.hibernate.type.BasicTypeRegistry     : Adding type registration class -> org.hibernate.type.BasicTypeReference@3002e397
2025-02-02T14:44:58.880+09:00 DEBUG 15204 --- [project] [main] org.hibernate.type.BasicTypeRegistry     : Adding type registration java.lang.Class -> org.hibernate.type.BasicTypeReference@3002e397
2025-02-02T14:44:58.882+09:00 DEBUG 15204 --- [project] [main] org.hibernate.type.BasicTypeRegistry     : Adding type registration currency -> org.hibernate.type.BasicTypeReference@7da1e005
2025-02-02T14:44:58.884+09:00 DEBUG 15204 --- [project] [main] org.hibernate.type.BasicTypeRegistry     : Adding type registration Currency -> org.hibernate.type.BasicTypeReference@7da1e005
2025-02-02T14:44:58.895+09:00 DEBUG 15204 --- [project] [main] org.hibernate.type.BasicTypeRegistry     : Adding type registration java.util.Currency -> org.hibernate.type.BasicTypeReference@7da1e005
2025-02-02T14:44:58.898+09:00 DEBUG 15204 --- [project] [main] org.hibernate.type.BasicTypeRegistry     : Adding type registration locale -> org.hibernate.type.BasicTypeReference@38159384
2025-02-02T14:44:58.914+09:00 DEBUG 15204 --- [project] [main] org.hibernate.type.BasicTypeRegistry     : Adding type registration java.util.Locale -> org.hibernate.type.BasicTypeReference@38159384
2025-02-02T14:44:58.916+09:00 DEBUG 15204 --- [project] [main] org.hibernate.type.BasicTypeRegistry     : Adding type registration serializable -> org.hibernate.type.BasicTypeReference@55877274
2025-02-02T14:44:58.926+09:00 DEBUG 15204 --- [project] [main] org.hibernate.type.BasicTypeRegistry     : Adding type registration java.io.Serializable -> org.hibernate.type.BasicTypeReference@55877274
2025-02-02T14:44:58.929+09:00 DEBUG 15204 --- [project] [main] org.hibernate.type.BasicTypeRegistry     : Adding type registration timezone -> org.hibernate.type.BasicTypeReference@723e2d08
2025-02-02T14:44:58.939+09:00 DEBUG 15204 --- [project] [main] org.hibernate.type.BasicTypeRegistry     : Adding type registration java.util.TimeZone -> org.hibernate.type.BasicTypeReference@723e2d08
2025-02-02T14:44:58.941+09:00 DEBUG 15204 --- [project] [main] org.hibernate.type.BasicTypeRegistry     : Adding type registration ZoneOffset -> org.hibernate.type.BasicTypeReference@6d4a82
2025-02-02T14:44:58.955+09:00 DEBUG 15204 --- [project] [main] org.hibernate.type.BasicTypeRegistry     : Adding type registration java.time.ZoneOffset -> org.hibernate.type.BasicTypeReference@6d4a82
2025-02-02T14:44:58.957+09:00 DEBUG 15204 --- [project] [main] org.hibernate.type.BasicTypeRegistry     : Adding type registration url -> org.hibernate.type.BasicTypeReference@14f060b8
2025-02-02T14:44:58.959+09:00 DEBUG 15204 --- [project] [main] org.hibernate.type.BasicTypeRegistry     : Adding type registration java.net.URL -> org.hibernate.type.BasicTypeReference@14f060b8
2025-02-02T14:44:58.960+09:00 DEBUG 15204 --- [project] [main] org.hibernate.type.BasicTypeRegistry     : Adding type registration vector -> org.hibernate.type.BasicTypeReference@7a0ab480
2025-02-02T14:44:58.961+09:00 DEBUG 15204 --- [project] [main] org.hibernate.type.BasicTypeRegistry     : Adding type registration float_vector -> org.hibernate.type.BasicTypeReference@79df80a4
2025-02-02T14:44:58.963+09:00 DEBUG 15204 --- [project] [main] org.hibernate.type.BasicTypeRegistry     : Adding type registration double_vector -> org.hibernate.type.BasicTypeReference@130cfc47
2025-02-02T14:44:58.964+09:00 DEBUG 15204 --- [project] [main] org.hibernate.type.BasicTypeRegistry     : Adding type registration byte_vector -> org.hibernate.type.BasicTypeReference@4eeab3e
2025-02-02T14:44:58.966+09:00 DEBUG 15204 --- [project] [main] org.hibernate.type.BasicTypeRegistry     : Adding type registration row_version -> org.hibernate.type.BasicTypeReference@2b6fb197
2025-02-02T14:44:59.001+09:00 DEBUG 15204 --- [project] [main] org.hibernate.type.BasicTypeRegistry     : Adding type registration object -> org.hibernate.type.JavaObjectType@1785d194
2025-02-02T14:44:59.003+09:00 DEBUG 15204 --- [project] [main] org.hibernate.type.BasicTypeRegistry     : Adding type registration java.lang.Object -> org.hibernate.type.JavaObjectType@1785d194
2025-02-02T14:44:59.011+09:00 DEBUG 15204 --- [project] [main] org.hibernate.type.BasicTypeRegistry     : Adding type registration null -> org.hibernate.type.NullType@6812c8cc
2025-02-02T14:44:59.014+09:00 DEBUG 15204 --- [project] [main] org.hibernate.type.BasicTypeRegistry     : Adding type registration imm_date -> org.hibernate.type.BasicTypeReference@3457cc8d
2025-02-02T14:44:59.016+09:00 DEBUG 15204 --- [project] [main] org.hibernate.type.BasicTypeRegistry     : Adding type registration imm_time -> org.hibernate.type.BasicTypeReference@7a66c35a
2025-02-02T14:44:59.017+09:00 DEBUG 15204 --- [project] [main] org.hibernate.type.BasicTypeRegistry     : Adding type registration imm_timestamp -> org.hibernate.type.BasicTypeReference@7994a0d1
2025-02-02T14:44:59.018+09:00 DEBUG 15204 --- [project] [main] org.hibernate.type.BasicTypeRegistry     : Adding type registration imm_calendar -> org.hibernate.type.BasicTypeReference@73e4387
2025-02-02T14:44:59.019+09:00 DEBUG 15204 --- [project] [main] org.hibernate.type.BasicTypeRegistry     : Adding type registration imm_calendar_date -> org.hibernate.type.BasicTypeReference@d87d449
2025-02-02T14:44:59.020+09:00 DEBUG 15204 --- [project] [main] org.hibernate.type.BasicTypeRegistry     : Adding type registration imm_calendar_time -> org.hibernate.type.BasicTypeReference@4137aab0
2025-02-02T14:44:59.021+09:00 DEBUG 15204 --- [project] [main] org.hibernate.type.BasicTypeRegistry     : Adding type registration imm_binary -> org.hibernate.type.BasicTypeReference@1df9186f
2025-02-02T14:44:59.022+09:00 DEBUG 15204 --- [project] [main] org.hibernate.type.BasicTypeRegistry     : Adding type registration imm_serializable -> org.hibernate.type.BasicTypeReference@682e422c
2025-02-02T14:45:00.496+09:00  INFO 15204 --- [project] [main] o.s.o.j.p.SpringPersistenceUnitInfo      : No LoadTimeWeaver setup: ignoring JPA class transformer
2025-02-02T14:45:00.728+09:00  INFO 15204 --- [project] [main] com.zaxxer.hikari.HikariDataSource       : HikariPool-1 - Starting...
2025-02-02T14:45:01.914+09:00  INFO 15204 --- [project] [main] com.zaxxer.hikari.pool.HikariPool        : HikariPool-1 - Added connection conn0: url=jdbc:h2:mem:test user=SA
2025-02-02T14:45:01.926+09:00  INFO 15204 --- [project] [main] com.zaxxer.hikari.HikariDataSource       : HikariPool-1 - Start completed.
2025-02-02T14:45:02.292+09:00  INFO 15204 --- [project] [main] org.hibernate.orm.connections.pooling    : HHH10001005: Database info:
	Database JDBC URL [Connecting through datasource 'HikariDataSource (HikariPool-1)']
	Database driver: undefined/unknown
	Database version: 2.3.232
	Autocommit mode: undefined/unknown
	Isolation level: undefined/unknown
	Minimum pool size: undefined/unknown
	Maximum pool size: undefined/unknown
2025-02-02T14:45:02.349+09:00 DEBUG 15204 --- [project] [main] o.h.t.d.jdbc.spi.JdbcTypeRegistry        : addDescriptor(NCharTypeDescriptor) replaced previous registration(CharTypeDescriptor)
2025-02-02T14:45:02.350+09:00 DEBUG 15204 --- [project] [main] o.h.t.d.jdbc.spi.JdbcTypeRegistry        : addDescriptor(NVarcharTypeDescriptor) replaced previous registration(VarcharTypeDescriptor)
2025-02-02T14:45:02.353+09:00 DEBUG 15204 --- [project] [main] o.h.t.d.jdbc.spi.JdbcTypeRegistry        : addDescriptor(LongNVarcharTypeDescriptor) replaced previous registration(LongVarcharTypeDescriptor)
2025-02-02T14:45:02.374+09:00 DEBUG 15204 --- [project] [main] o.h.t.d.jdbc.spi.JdbcTypeRegistry        : addDescriptor(NClobTypeDescriptor(DEFAULT)) replaced previous registration(ClobTypeDescriptor(DEFAULT))
2025-02-02T14:45:02.383+09:00 DEBUG 15204 --- [project] [main] o.h.t.d.jdbc.spi.JdbcTypeRegistry        : addDescriptor(TimestampUtcDescriptor) replaced previous registration(TimestampUtcDescriptor)
2025-02-02T14:45:02.416+09:00 DEBUG 15204 --- [project] [main] org.hibernate.type.BasicTypeRegistry     : Adding type registration org.hibernate.type.DurationType -> basicType@1(java.time.Duration,3015)
2025-02-02T14:45:02.418+09:00 DEBUG 15204 --- [project] [main] org.hibernate.type.BasicTypeRegistry     : Adding type registration Duration -> basicType@1(java.time.Duration,3015)
2025-02-02T14:45:02.420+09:00 DEBUG 15204 --- [project] [main] org.hibernate.type.BasicTypeRegistry     : Adding type registration java.time.Duration -> basicType@1(java.time.Duration,3015)
2025-02-02T14:45:02.446+09:00 DEBUG 15204 --- [project] [main] o.h.type.spi.TypeConfiguration$Scope     : Scoping TypeConfiguration [org.hibernate.type.spi.TypeConfiguration@5909ae90] to MetadataBuildingContext [org.hibernate.boot.internal.MetadataBuildingContextRootImpl@4489f60f]
2025-02-02T14:45:09.046+09:00  INFO 15204 --- [project] [main] o.h.e.t.j.p.i.JtaPlatformInitiator       : HHH000489: No JTA platform available (set 'hibernate.transaction.jta.platform' to enable JTA platform integration)
2025-02-02T14:45:09.050+09:00 DEBUG 15204 --- [project] [main] o.h.type.spi.TypeConfiguration$Scope     : Scoping TypeConfiguration [org.hibernate.type.spi.TypeConfiguration@5909ae90] to SessionFactoryImplementor [org.hibernate.internal.SessionFactoryImpl@37ab1b10]
2025-02-02T14:45:09.207+09:00 TRACE 15204 --- [project] [main] o.h.type.spi.TypeConfiguration$Scope     : Handling #sessionFactoryCreated from [org.hibernate.internal.SessionFactoryImpl@37ab1b10] for TypeConfiguration
2025-02-02T14:45:09.209+09:00  INFO 15204 --- [project] [main] j.LocalContainerEntityManagerFactoryBean : Initialized JPA EntityManagerFactory for persistence unit 'default'
2025-02-02T14:45:11.584+09:00  WARN 15204 --- [project] [main] .s.s.UserDetailsServiceAutoConfiguration : 

Using generated security password: 3b107492-5609-4350-a9d7-a10f2b7a10d7

This generated password is for development use only. Your security configuration must be updated before running your application in production.

2025-02-02T14:45:11.647+09:00  INFO 15204 --- [project] [main] r$InitializeUserDetailsManagerConfigurer : Global AuthenticationManager configured with UserDetailsService bean with name inMemoryUserDetailsManager
2025-02-02T14:45:14.763+09:00  INFO 15204 --- [project] [main] o.s.b.a.h2.H2ConsoleAutoConfiguration    : H2 console available at '/h2-console'. Database available at 'jdbc:h2:mem:test'
2025-02-02T14:45:15.487+09:00  INFO 15204 --- [project] [main] o.s.b.w.embedded.tomcat.TomcatWebServer  : Tomcat started on port 8080 (http) with context path '/'
2025-02-02T14:45:15.566+09:00  INFO 15204 --- [project] [main] com.example.project.ProjectApplication   : Started ProjectApplication in 34.54 seconds (process running for 37.548)
2025-02-02T14:45:26.296+09:00  INFO 15204 --- [project] [http-nio-8080-exec-2] o.a.c.c.C.[Tomcat].[localhost].[/]       : Initializing Spring DispatcherServlet 'dispatcherServlet'
2025-02-02T14:45:26.298+09:00  INFO 15204 --- [project] [http-nio-8080-exec-2] o.s.web.servlet.DispatcherServlet        : Initializing Servlet 'dispatcherServlet'
2025-02-02T14:45:26.303+09:00  INFO 15204 --- [project] [http-nio-8080-exec-2] o.s.web.servlet.DispatcherServlet        : Completed initialization in 4 ms
2025-02-02T14:51:42.586+09:00  INFO 15204 --- [project] [SpringApplicationShutdownHook] o.s.b.w.e.tomcat.GracefulShutdown        : Commencing graceful shutdown. Waiting for active requests to complete
2025-02-02T14:51:42.718+09:00  INFO 15204 --- [project] [tomcat-shutdown] o.s.b.w.e.tomcat.GracefulShutdown        : Graceful shutdown complete
2025-02-02T14:51:42.825+09:00  INFO 15204 --- [project] [SpringApplicationShutdownHook] j.LocalContainerEntityManagerFactoryBean : Closing JPA EntityManagerFactory for persistence unit 'default'
2025-02-02T14:51:42.909+09:00 TRACE 15204 --- [project] [SpringApplicationShutdownHook] o.h.type.spi.TypeConfiguration$Scope     : Handling #sessionFactoryClosed from [org.hibernate.internal.SessionFactoryImpl@37ab1b10] for TypeConfiguration
2025-02-02T14:51:42.911+09:00 DEBUG 15204 --- [project] [SpringApplicationShutdownHook] o.h.type.spi.TypeConfiguration$Scope     : Un-scoping TypeConfiguration [org.hibernate.type.spi.TypeConfiguration$Scope@72a447fe] from SessionFactory [org.hibernate.internal.SessionFactoryImpl@37ab1b10]
2025-02-02T14:51:42.963+09:00  INFO 15204 --- [project] [SpringApplicationShutdownHook] com.zaxxer.hikari.HikariDataSource       : HikariPool-1 - Shutdown initiated...
2025-02-02T14:51:43.020+09:00  INFO 15204 --- [project] [SpringApplicationShutdownHook] com.zaxxer.hikari.HikariDataSource       : HikariPool-1 - Shutdown completed.
2025-02-02T14:52:04.653+09:00  INFO 2512 --- [project] [main] com.example.project.ProjectApplication   : Starting ProjectApplication using Java 21.0.5 with PID 2512 (C:\AI\javaProject\develope\project\out\production\classes started by nsy71 in C:\AI\javaProject\develope\project)
2025-02-02T14:52:04.679+09:00  INFO 2512 --- [project] [main] com.example.project.ProjectApplication   : The following 2 profiles are active: "secret", "dev"
2025-02-02T14:52:10.403+09:00  INFO 2512 --- [project] [main] .s.d.r.c.RepositoryConfigurationDelegate : Bootstrapping Spring Data JPA repositories in DEFAULT mode.
2025-02-02T14:52:10.882+09:00  INFO 2512 --- [project] [main] .s.d.r.c.RepositoryConfigurationDelegate : Finished Spring Data repository scanning in 422 ms. Found 1 JPA repository interface.
2025-02-02T14:52:14.730+09:00  INFO 2512 --- [project] [main] o.s.b.w.embedded.tomcat.TomcatWebServer  : Tomcat initialized with port 8080 (http)
2025-02-02T14:52:14.803+09:00  INFO 2512 --- [project] [main] o.apache.catalina.core.StandardService   : Starting service [Tomcat]
2025-02-02T14:52:14.804+09:00  INFO 2512 --- [project] [main] o.apache.catalina.core.StandardEngine    : Starting Servlet engine: [Apache Tomcat/10.1.34]
2025-02-02T14:52:15.196+09:00  INFO 2512 --- [project] [main] o.a.c.c.C.[Tomcat].[localhost].[/]       : Initializing Spring embedded WebApplicationContext
2025-02-02T14:52:15.198+09:00  INFO 2512 --- [project] [main] w.s.c.ServletWebServerApplicationContext : Root WebApplicationContext: initialization completed in 10160 ms
2025-02-02T14:52:16.260+09:00  INFO 2512 --- [project] [main] o.hibernate.jpa.internal.util.LogHelper  : HHH000204: Processing PersistenceUnitInfo [name: default]
2025-02-02T14:52:16.840+09:00  INFO 2512 --- [project] [main] org.hibernate.Version                    : HHH000412: Hibernate ORM core version 6.6.5.Final
2025-02-02T14:52:17.092+09:00  INFO 2512 --- [project] [main] o.h.c.internal.RegionFactoryInitiator    : HHH000026: Second-level cache disabled
2025-02-02T14:52:17.650+09:00 DEBUG 2512 --- [project] [main] org.hibernate.type.BasicTypeRegistry     : Adding type registration boolean -> org.hibernate.type.BasicTypeReference@2bd8f7db
2025-02-02T14:52:17.652+09:00 DEBUG 2512 --- [project] [main] org.hibernate.type.BasicTypeRegistry     : Adding type registration boolean -> org.hibernate.type.BasicTypeReference@2bd8f7db
2025-02-02T14:52:17.653+09:00 DEBUG 2512 --- [project] [main] org.hibernate.type.BasicTypeRegistry     : Adding type registration java.lang.Boolean -> org.hibernate.type.BasicTypeReference@2bd8f7db
2025-02-02T14:52:17.656+09:00 DEBUG 2512 --- [project] [main] org.hibernate.type.BasicTypeRegistry     : Adding type registration numeric_boolean -> org.hibernate.type.BasicTypeReference@6d7ad0f5
2025-02-02T14:52:17.658+09:00 DEBUG 2512 --- [project] [main] org.hibernate.type.BasicTypeRegistry     : Adding type registration org.hibernate.type.NumericBooleanConverter -> org.hibernate.type.BasicTypeReference@6d7ad0f5
2025-02-02T14:52:17.660+09:00 DEBUG 2512 --- [project] [main] org.hibernate.type.BasicTypeRegistry     : Adding type registration true_false -> org.hibernate.type.BasicTypeReference@30abf79c
2025-02-02T14:52:17.661+09:00 DEBUG 2512 --- [project] [main] org.hibernate.type.BasicTypeRegistry     : Adding type registration org.hibernate.type.TrueFalseConverter -> org.hibernate.type.BasicTypeReference@30abf79c
2025-02-02T14:52:17.662+09:00 DEBUG 2512 --- [project] [main] org.hibernate.type.BasicTypeRegistry     : Adding type registration yes_no -> org.hibernate.type.BasicTypeReference@49a38b1
2025-02-02T14:52:17.663+09:00 DEBUG 2512 --- [project] [main] org.hibernate.type.BasicTypeRegistry     : Adding type registration org.hibernate.type.YesNoConverter -> org.hibernate.type.BasicTypeReference@49a38b1
2025-02-02T14:52:17.665+09:00 DEBUG 2512 --- [project] [main] org.hibernate.type.BasicTypeRegistry     : Adding type registration byte -> org.hibernate.type.BasicTypeReference@681061d6
2025-02-02T14:52:17.666+09:00 DEBUG 2512 --- [project] [main] org.hibernate.type.BasicTypeRegistry     : Adding type registration byte -> org.hibernate.type.BasicTypeReference@681061d6
2025-02-02T14:52:17.667+09:00 DEBUG 2512 --- [project] [main] org.hibernate.type.BasicTypeRegistry     : Adding type registration java.lang.Byte -> org.hibernate.type.BasicTypeReference@681061d6
2025-02-02T14:52:17.668+09:00 DEBUG 2512 --- [project] [main] org.hibernate.type.BasicTypeRegistry     : Adding type registration binary -> org.hibernate.type.BasicTypeReference@53d6e959
2025-02-02T14:52:17.669+09:00 DEBUG 2512 --- [project] [main] org.hibernate.type.BasicTypeRegistry     : Adding type registration byte[] -> org.hibernate.type.BasicTypeReference@53d6e959
2025-02-02T14:52:17.670+09:00 DEBUG 2512 --- [project] [main] org.hibernate.type.BasicTypeRegistry     : Adding type registration [B -> org.hibernate.type.BasicTypeReference@53d6e959
2025-02-02T14:52:17.674+09:00 DEBUG 2512 --- [project] [main] org.hibernate.type.BasicTypeRegistry     : Adding type registration binary_wrapper -> org.hibernate.type.BasicTypeReference@3caee3a8
2025-02-02T14:52:17.675+09:00 DEBUG 2512 --- [project] [main] org.hibernate.type.BasicTypeRegistry     : Adding type registration wrapper-binary -> org.hibernate.type.BasicTypeReference@3caee3a8
2025-02-02T14:52:17.677+09:00 DEBUG 2512 --- [project] [main] org.hibernate.type.BasicTypeRegistry     : Adding type registration image -> org.hibernate.type.BasicTypeReference@69a40b3c
2025-02-02T14:52:17.678+09:00 DEBUG 2512 --- [project] [main] org.hibernate.type.BasicTypeRegistry     : Adding type registration blob -> org.hibernate.type.BasicTypeReference@251c90f
2025-02-02T14:52:17.679+09:00 DEBUG 2512 --- [project] [main] org.hibernate.type.BasicTypeRegistry     : Adding type registration java.sql.Blob -> org.hibernate.type.BasicTypeReference@251c90f
2025-02-02T14:52:17.680+09:00 DEBUG 2512 --- [project] [main] org.hibernate.type.BasicTypeRegistry     : Adding type registration materialized_blob -> org.hibernate.type.BasicTypeReference@6629643d
2025-02-02T14:52:17.681+09:00 DEBUG 2512 --- [project] [main] org.hibernate.type.BasicTypeRegistry     : Adding type registration materialized_blob_wrapper -> org.hibernate.type.BasicTypeReference@2dd178f3
2025-02-02T14:52:17.682+09:00 DEBUG 2512 --- [project] [main] org.hibernate.type.BasicTypeRegistry     : Adding type registration short -> org.hibernate.type.BasicTypeReference@64656b9e
2025-02-02T14:52:17.683+09:00 DEBUG 2512 --- [project] [main] org.hibernate.type.BasicTypeRegistry     : Adding type registration short -> org.hibernate.type.BasicTypeReference@64656b9e
2025-02-02T14:52:17.684+09:00 DEBUG 2512 --- [project] [main] org.hibernate.type.BasicTypeRegistry     : Adding type registration java.lang.Short -> org.hibernate.type.BasicTypeReference@64656b9e
2025-02-02T14:52:17.685+09:00 DEBUG 2512 --- [project] [main] org.hibernate.type.BasicTypeRegistry     : Adding type registration integer -> org.hibernate.type.BasicTypeReference@6870cfac
2025-02-02T14:52:17.686+09:00 DEBUG 2512 --- [project] [main] org.hibernate.type.BasicTypeRegistry     : Adding type registration int -> org.hibernate.type.BasicTypeReference@6870cfac
2025-02-02T14:52:17.688+09:00 DEBUG 2512 --- [project] [main] org.hibernate.type.BasicTypeRegistry     : Adding type registration java.lang.Integer -> org.hibernate.type.BasicTypeReference@6870cfac
2025-02-02T14:52:17.691+09:00 DEBUG 2512 --- [project] [main] org.hibernate.type.BasicTypeRegistry     : Adding type registration long -> org.hibernate.type.BasicTypeReference@45554613
2025-02-02T14:52:17.692+09:00 DEBUG 2512 --- [project] [main] org.hibernate.type.BasicTypeRegistry     : Adding type registration long -> org.hibernate.type.BasicTypeReference@45554613
2025-02-02T14:52:17.694+09:00 DEBUG 2512 --- [project] [main] org.hibernate.type.BasicTypeRegistry     : Adding type registration java.lang.Long -> org.hibernate.type.BasicTypeReference@45554613
2025-02-02T14:52:17.695+09:00 DEBUG 2512 --- [project] [main] org.hibernate.type.BasicTypeRegistry     : Adding type registration float -> org.hibernate.type.BasicTypeReference@63e5b8aa
2025-02-02T14:52:17.696+09:00 DEBUG 2512 --- [project] [main] org.hibernate.type.BasicTypeRegistry     : Adding type registration float -> org.hibernate.type.BasicTypeReference@63e5b8aa
2025-02-02T14:52:17.697+09:00 DEBUG 2512 --- [project] [main] org.hibernate.type.BasicTypeRegistry     : Adding type registration java.lang.Float -> org.hibernate.type.BasicTypeReference@63e5b8aa
2025-02-02T14:52:17.699+09:00 DEBUG 2512 --- [project] [main] org.hibernate.type.BasicTypeRegistry     : Adding type registration double -> org.hibernate.type.BasicTypeReference@2c9306d3
2025-02-02T14:52:17.700+09:00 DEBUG 2512 --- [project] [main] org.hibernate.type.BasicTypeRegistry     : Adding type registration double -> org.hibernate.type.BasicTypeReference@2c9306d3
2025-02-02T14:52:17.701+09:00 DEBUG 2512 --- [project] [main] org.hibernate.type.BasicTypeRegistry     : Adding type registration java.lang.Double -> org.hibernate.type.BasicTypeReference@2c9306d3
2025-02-02T14:52:17.703+09:00 DEBUG 2512 --- [project] [main] org.hibernate.type.BasicTypeRegistry     : Adding type registration big_integer -> org.hibernate.type.BasicTypeReference@4270b142
2025-02-02T14:52:17.704+09:00 DEBUG 2512 --- [project] [main] org.hibernate.type.BasicTypeRegistry     : Adding type registration java.math.BigInteger -> org.hibernate.type.BasicTypeReference@4270b142
2025-02-02T14:52:17.706+09:00 DEBUG 2512 --- [project] [main] org.hibernate.type.BasicTypeRegistry     : Adding type registration big_decimal -> org.hibernate.type.BasicTypeReference@2dfa02c1
2025-02-02T14:52:17.707+09:00 DEBUG 2512 --- [project] [main] org.hibernate.type.BasicTypeRegistry     : Adding type registration java.math.BigDecimal -> org.hibernate.type.BasicTypeReference@2dfa02c1
2025-02-02T14:52:17.708+09:00 DEBUG 2512 --- [project] [main] org.hibernate.type.BasicTypeRegistry     : Adding type registration character -> org.hibernate.type.BasicTypeReference@6314df3c
2025-02-02T14:52:17.709+09:00 DEBUG 2512 --- [project] [main] org.hibernate.type.BasicTypeRegistry     : Adding type registration char -> org.hibernate.type.BasicTypeReference@6314df3c
2025-02-02T14:52:17.710+09:00 DEBUG 2512 --- [project] [main] org.hibernate.type.BasicTypeRegistry     : Adding type registration java.lang.Character -> org.hibernate.type.BasicTypeReference@6314df3c
2025-02-02T14:52:17.712+09:00 DEBUG 2512 --- [project] [main] org.hibernate.type.BasicTypeRegistry     : Adding type registration character_nchar -> org.hibernate.type.BasicTypeReference@5785e813
2025-02-02T14:52:17.713+09:00 DEBUG 2512 --- [project] [main] org.hibernate.type.BasicTypeRegistry     : Adding type registration string -> org.hibernate.type.BasicTypeReference@10b8b900
2025-02-02T14:52:17.714+09:00 DEBUG 2512 --- [project] [main] org.hibernate.type.BasicTypeRegistry     : Adding type registration java.lang.String -> org.hibernate.type.BasicTypeReference@10b8b900
2025-02-02T14:52:17.715+09:00 DEBUG 2512 --- [project] [main] org.hibernate.type.BasicTypeRegistry     : Adding type registration nstring -> org.hibernate.type.BasicTypeReference@6d294ddc
2025-02-02T14:52:17.717+09:00 DEBUG 2512 --- [project] [main] org.hibernate.type.BasicTypeRegistry     : Adding type registration characters -> org.hibernate.type.BasicTypeReference@2801827a
2025-02-02T14:52:17.718+09:00 DEBUG 2512 --- [project] [main] org.hibernate.type.BasicTypeRegistry     : Adding type registration char[] -> org.hibernate.type.BasicTypeReference@2801827a
2025-02-02T14:52:17.719+09:00 DEBUG 2512 --- [project] [main] org.hibernate.type.BasicTypeRegistry     : Adding type registration [C -> org.hibernate.type.BasicTypeReference@2801827a
2025-02-02T14:52:17.721+09:00 DEBUG 2512 --- [project] [main] org.hibernate.type.BasicTypeRegistry     : Adding type registration wrapper-characters -> org.hibernate.type.BasicTypeReference@50bc3219
2025-02-02T14:52:17.723+09:00 DEBUG 2512 --- [project] [main] org.hibernate.type.BasicTypeRegistry     : Adding type registration text -> org.hibernate.type.BasicTypeReference@599f1b7
2025-02-02T14:52:17.724+09:00 DEBUG 2512 --- [project] [main] org.hibernate.type.BasicTypeRegistry     : Adding type registration ntext -> org.hibernate.type.BasicTypeReference@22791b75
2025-02-02T14:52:17.726+09:00 DEBUG 2512 --- [project] [main] org.hibernate.type.BasicTypeRegistry     : Adding type registration clob -> org.hibernate.type.BasicTypeReference@64f4f12
2025-02-02T14:52:17.727+09:00 DEBUG 2512 --- [project] [main] org.hibernate.type.BasicTypeRegistry     : Adding type registration java.sql.Clob -> org.hibernate.type.BasicTypeReference@64f4f12
2025-02-02T14:52:17.728+09:00 DEBUG 2512 --- [project] [main] org.hibernate.type.BasicTypeRegistry     : Adding type registration nclob -> org.hibernate.type.BasicTypeReference@37d28938
2025-02-02T14:52:17.729+09:00 DEBUG 2512 --- [project] [main] org.hibernate.type.BasicTypeRegistry     : Adding type registration java.sql.NClob -> org.hibernate.type.BasicTypeReference@37d28938
2025-02-02T14:52:17.730+09:00 DEBUG 2512 --- [project] [main] org.hibernate.type.BasicTypeRegistry     : Adding type registration materialized_clob -> org.hibernate.type.BasicTypeReference@7d0cd23c
2025-02-02T14:52:17.731+09:00 DEBUG 2512 --- [project] [main] org.hibernate.type.BasicTypeRegistry     : Adding type registration materialized_clob_char_array -> org.hibernate.type.BasicTypeReference@17c4dc5b
2025-02-02T14:52:17.732+09:00 DEBUG 2512 --- [project] [main] org.hibernate.type.BasicTypeRegistry     : Adding type registration materialized_clob_character_array -> org.hibernate.type.BasicTypeReference@6b0f266e
2025-02-02T14:52:17.734+09:00 DEBUG 2512 --- [project] [main] org.hibernate.type.BasicTypeRegistry     : Adding type registration materialized_nclob -> org.hibernate.type.BasicTypeReference@4837f97e
2025-02-02T14:52:17.735+09:00 DEBUG 2512 --- [project] [main] org.hibernate.type.BasicTypeRegistry     : Adding type registration materialized_nclob_character_array -> org.hibernate.type.BasicTypeReference@53314f76
2025-02-02T14:52:17.736+09:00 DEBUG 2512 --- [project] [main] org.hibernate.type.BasicTypeRegistry     : Adding type registration materialized_nclob_char_array -> org.hibernate.type.BasicTypeReference@62a6674f
2025-02-02T14:52:17.738+09:00 DEBUG 2512 --- [project] [main] org.hibernate.type.BasicTypeRegistry     : Adding type registration Duration -> org.hibernate.type.BasicTypeReference@70881123
2025-02-02T14:52:17.739+09:00 DEBUG 2512 --- [project] [main] org.hibernate.type.BasicTypeRegistry     : Adding type registration java.time.Duration -> org.hibernate.type.BasicTypeReference@70881123
2025-02-02T14:52:17.740+09:00 DEBUG 2512 --- [project] [main] org.hibernate.type.BasicTypeRegistry     : Adding type registration LocalDateTime -> org.hibernate.type.BasicTypeReference@703fa45
2025-02-02T14:52:17.741+09:00 DEBUG 2512 --- [project] [main] org.hibernate.type.BasicTypeRegistry     : Adding type registration java.time.LocalDateTime -> org.hibernate.type.BasicTypeReference@703fa45
2025-02-02T14:52:17.742+09:00 DEBUG 2512 --- [project] [main] org.hibernate.type.BasicTypeRegistry     : Adding type registration LocalDate -> org.hibernate.type.BasicTypeReference@5e905f2c
2025-02-02T14:52:17.744+09:00 DEBUG 2512 --- [project] [main] org.hibernate.type.BasicTypeRegistry     : Adding type registration java.time.LocalDate -> org.hibernate.type.BasicTypeReference@5e905f2c
2025-02-02T14:52:17.745+09:00 DEBUG 2512 --- [project] [main] org.hibernate.type.BasicTypeRegistry     : Adding type registration LocalTime -> org.hibernate.type.BasicTypeReference@fddd7ae
2025-02-02T14:52:17.746+09:00 DEBUG 2512 --- [project] [main] org.hibernate.type.BasicTypeRegistry     : Adding type registration java.time.LocalTime -> org.hibernate.type.BasicTypeReference@fddd7ae
2025-02-02T14:52:17.747+09:00 DEBUG 2512 --- [project] [main] org.hibernate.type.BasicTypeRegistry     : Adding type registration OffsetDateTime -> org.hibernate.type.BasicTypeReference@3f6cce7f
2025-02-02T14:52:17.748+09:00 DEBUG 2512 --- [project] [main] org.hibernate.type.BasicTypeRegistry     : Adding type registration java.time.OffsetDateTime -> org.hibernate.type.BasicTypeReference@3f6cce7f
2025-02-02T14:52:17.749+09:00 DEBUG 2512 --- [project] [main] org.hibernate.type.BasicTypeRegistry     : Adding type registration OffsetDateTimeWithTimezone -> org.hibernate.type.BasicTypeReference@2725ca05
2025-02-02T14:52:17.750+09:00 DEBUG 2512 --- [project] [main] org.hibernate.type.BasicTypeRegistry     : Adding type registration OffsetDateTimeWithoutTimezone -> org.hibernate.type.BasicTypeReference@7b9088f2
2025-02-02T14:52:17.751+09:00 DEBUG 2512 --- [project] [main] org.hibernate.type.BasicTypeRegistry     : Adding type registration OffsetTime -> org.hibernate.type.BasicTypeReference@1a914089
2025-02-02T14:52:17.752+09:00 DEBUG 2512 --- [project] [main] org.hibernate.type.BasicTypeRegistry     : Adding type registration java.time.OffsetTime -> org.hibernate.type.BasicTypeReference@1a914089
2025-02-02T14:52:17.752+09:00 DEBUG 2512 --- [project] [main] org.hibernate.type.BasicTypeRegistry     : Adding type registration OffsetTimeUtc -> org.hibernate.type.BasicTypeReference@43d76a92
2025-02-02T14:52:17.755+09:00 DEBUG 2512 --- [project] [main] org.hibernate.type.BasicTypeRegistry     : Adding type registration OffsetTimeWithTimezone -> org.hibernate.type.BasicTypeReference@4a2bf50f
2025-02-02T14:52:17.756+09:00 DEBUG 2512 --- [project] [main] org.hibernate.type.BasicTypeRegistry     : Adding type registration OffsetTimeWithoutTimezone -> org.hibernate.type.BasicTypeReference@350323a0
2025-02-02T14:52:17.758+09:00 DEBUG 2512 --- [project] [main] org.hibernate.type.BasicTypeRegistry     : Adding type registration ZonedDateTime -> org.hibernate.type.BasicTypeReference@2506b881
2025-02-02T14:52:17.758+09:00 DEBUG 2512 --- [project] [main] org.hibernate.type.BasicTypeRegistry     : Adding type registration java.time.ZonedDateTime -> org.hibernate.type.BasicTypeReference@2506b881
2025-02-02T14:52:17.759+09:00 DEBUG 2512 --- [project] [main] org.hibernate.type.BasicTypeRegistry     : Adding type registration ZonedDateTimeWithTimezone -> org.hibernate.type.BasicTypeReference@5d7dd549
2025-02-02T14:52:17.760+09:00 DEBUG 2512 --- [project] [main] org.hibernate.type.BasicTypeRegistry     : Adding type registration ZonedDateTimeWithoutTimezone -> org.hibernate.type.BasicTypeReference@486bd064
2025-02-02T14:52:17.761+09:00 DEBUG 2512 --- [project] [main] org.hibernate.type.BasicTypeRegistry     : Adding type registration date -> org.hibernate.type.BasicTypeReference@6459f4ea
2025-02-02T14:52:17.762+09:00 DEBUG 2512 --- [project] [main] org.hibernate.type.BasicTypeRegistry     : Adding type registration java.sql.Date -> org.hibernate.type.BasicTypeReference@6459f4ea
2025-02-02T14:52:17.763+09:00 DEBUG 2512 --- [project] [main] org.hibernate.type.BasicTypeRegistry     : Adding type registration time -> org.hibernate.type.BasicTypeReference@740b9a50
2025-02-02T14:52:17.764+09:00 DEBUG 2512 --- [project] [main] org.hibernate.type.BasicTypeRegistry     : Adding type registration java.sql.Time -> org.hibernate.type.BasicTypeReference@740b9a50
2025-02-02T14:52:17.768+09:00 DEBUG 2512 --- [project] [main] org.hibernate.type.BasicTypeRegistry     : Adding type registration timestamp -> org.hibernate.type.BasicTypeReference@476fde05
2025-02-02T14:52:17.773+09:00 DEBUG 2512 --- [project] [main] org.hibernate.type.BasicTypeRegistry     : Adding type registration java.sql.Timestamp -> org.hibernate.type.BasicTypeReference@476fde05
2025-02-02T14:52:17.775+09:00 DEBUG 2512 --- [project] [main] org.hibernate.type.BasicTypeRegistry     : Adding type registration java.util.Date -> org.hibernate.type.BasicTypeReference@476fde05
2025-02-02T14:52:17.777+09:00 DEBUG 2512 --- [project] [main] org.hibernate.type.BasicTypeRegistry     : Adding type registration calendar -> org.hibernate.type.BasicTypeReference@5111de7c
2025-02-02T14:52:17.778+09:00 DEBUG 2512 --- [project] [main] org.hibernate.type.BasicTypeRegistry     : Adding type registration java.util.Calendar -> org.hibernate.type.BasicTypeReference@5111de7c
2025-02-02T14:52:17.779+09:00 DEBUG 2512 --- [project] [main] org.hibernate.type.BasicTypeRegistry     : Adding type registration java.util.GregorianCalendar -> org.hibernate.type.BasicTypeReference@5111de7c
2025-02-02T14:52:17.781+09:00 DEBUG 2512 --- [project] [main] org.hibernate.type.BasicTypeRegistry     : Adding type registration calendar_date -> org.hibernate.type.BasicTypeReference@7ac48e10
2025-02-02T14:52:17.782+09:00 DEBUG 2512 --- [project] [main] org.hibernate.type.BasicTypeRegistry     : Adding type registration calendar_time -> org.hibernate.type.BasicTypeReference@52354202
2025-02-02T14:52:17.783+09:00 DEBUG 2512 --- [project] [main] org.hibernate.type.BasicTypeRegistry     : Adding type registration instant -> org.hibernate.type.BasicTypeReference@6b1321b7
2025-02-02T14:52:17.786+09:00 DEBUG 2512 --- [project] [main] org.hibernate.type.BasicTypeRegistry     : Adding type registration java.time.Instant -> org.hibernate.type.BasicTypeReference@6b1321b7
2025-02-02T14:52:17.790+09:00 DEBUG 2512 --- [project] [main] org.hibernate.type.BasicTypeRegistry     : Adding type registration uuid -> org.hibernate.type.BasicTypeReference@342ee097
2025-02-02T14:52:17.791+09:00 DEBUG 2512 --- [project] [main] org.hibernate.type.BasicTypeRegistry     : Adding type registration java.util.UUID -> org.hibernate.type.BasicTypeReference@342ee097
2025-02-02T14:52:17.793+09:00 DEBUG 2512 --- [project] [main] org.hibernate.type.BasicTypeRegistry     : Adding type registration pg-uuid -> org.hibernate.type.BasicTypeReference@342ee097
2025-02-02T14:52:17.794+09:00 DEBUG 2512 --- [project] [main] org.hibernate.type.BasicTypeRegistry     : Adding type registration uuid-binary -> org.hibernate.type.BasicTypeReference@6ac45c0c
2025-02-02T14:52:17.796+09:00 DEBUG 2512 --- [project] [main] org.hibernate.type.BasicTypeRegistry     : Adding type registration uuid-char -> org.hibernate.type.BasicTypeReference@12192604
2025-02-02T14:52:17.797+09:00 DEBUG 2512 --- [project] [main] org.hibernate.type.BasicTypeRegistry     : Adding type registration class -> org.hibernate.type.BasicTypeReference@6075b369
2025-02-02T14:52:17.799+09:00 DEBUG 2512 --- [project] [main] org.hibernate.type.BasicTypeRegistry     : Adding type registration java.lang.Class -> org.hibernate.type.BasicTypeReference@6075b369
2025-02-02T14:52:17.800+09:00 DEBUG 2512 --- [project] [main] org.hibernate.type.BasicTypeRegistry     : Adding type registration currency -> org.hibernate.type.BasicTypeReference@231cdda8
2025-02-02T14:52:17.803+09:00 DEBUG 2512 --- [project] [main] org.hibernate.type.BasicTypeRegistry     : Adding type registration Currency -> org.hibernate.type.BasicTypeReference@231cdda8
2025-02-02T14:52:17.805+09:00 DEBUG 2512 --- [project] [main] org.hibernate.type.BasicTypeRegistry     : Adding type registration java.util.Currency -> org.hibernate.type.BasicTypeReference@231cdda8
2025-02-02T14:52:17.807+09:00 DEBUG 2512 --- [project] [main] org.hibernate.type.BasicTypeRegistry     : Adding type registration locale -> org.hibernate.type.BasicTypeReference@6b70d1fb
2025-02-02T14:52:17.808+09:00 DEBUG 2512 --- [project] [main] org.hibernate.type.BasicTypeRegistry     : Adding type registration java.util.Locale -> org.hibernate.type.BasicTypeReference@6b70d1fb
2025-02-02T14:52:17.809+09:00 DEBUG 2512 --- [project] [main] org.hibernate.type.BasicTypeRegistry     : Adding type registration serializable -> org.hibernate.type.BasicTypeReference@3002e397
2025-02-02T14:52:17.812+09:00 DEBUG 2512 --- [project] [main] org.hibernate.type.BasicTypeRegistry     : Adding type registration java.io.Serializable -> org.hibernate.type.BasicTypeReference@3002e397
2025-02-02T14:52:17.816+09:00 DEBUG 2512 --- [project] [main] org.hibernate.type.BasicTypeRegistry     : Adding type registration timezone -> org.hibernate.type.BasicTypeReference@7da1e005
2025-02-02T14:52:17.820+09:00 DEBUG 2512 --- [project] [main] org.hibernate.type.BasicTypeRegistry     : Adding type registration java.util.TimeZone -> org.hibernate.type.BasicTypeReference@7da1e005
2025-02-02T14:52:17.823+09:00 DEBUG 2512 --- [project] [main] org.hibernate.type.BasicTypeRegistry     : Adding type registration ZoneOffset -> org.hibernate.type.BasicTypeReference@38159384
2025-02-02T14:52:17.825+09:00 DEBUG 2512 --- [project] [main] org.hibernate.type.BasicTypeRegistry     : Adding type registration java.time.ZoneOffset -> org.hibernate.type.BasicTypeReference@38159384
2025-02-02T14:52:17.826+09:00 DEBUG 2512 --- [project] [main] org.hibernate.type.BasicTypeRegistry     : Adding type registration url -> org.hibernate.type.BasicTypeReference@55877274
2025-02-02T14:52:17.827+09:00 DEBUG 2512 --- [project] [main] org.hibernate.type.BasicTypeRegistry     : Adding type registration java.net.URL -> org.hibernate.type.BasicTypeReference@55877274
2025-02-02T14:52:17.828+09:00 DEBUG 2512 --- [project] [main] org.hibernate.type.BasicTypeRegistry     : Adding type registration vector -> org.hibernate.type.BasicTypeReference@723e2d08
2025-02-02T14:52:17.829+09:00 DEBUG 2512 --- [project] [main] org.hibernate.type.BasicTypeRegistry     : Adding type registration float_vector -> org.hibernate.type.BasicTypeReference@6d4a82
2025-02-02T14:52:17.831+09:00 DEBUG 2512 --- [project] [main] org.hibernate.type.BasicTypeRegistry     : Adding type registration double_vector -> org.hibernate.type.BasicTypeReference@14f060b8
2025-02-02T14:52:17.832+09:00 DEBUG 2512 --- [project] [main] org.hibernate.type.BasicTypeRegistry     : Adding type registration byte_vector -> org.hibernate.type.BasicTypeReference@7a0ab480
2025-02-02T14:52:17.834+09:00 DEBUG 2512 --- [project] [main] org.hibernate.type.BasicTypeRegistry     : Adding type registration row_version -> org.hibernate.type.BasicTypeReference@79df80a4
2025-02-02T14:52:17.865+09:00 DEBUG 2512 --- [project] [main] org.hibernate.type.BasicTypeRegistry     : Adding type registration object -> org.hibernate.type.JavaObjectType@43c7fe8a
2025-02-02T14:52:17.867+09:00 DEBUG 2512 --- [project] [main] org.hibernate.type.BasicTypeRegistry     : Adding type registration java.lang.Object -> org.hibernate.type.JavaObjectType@43c7fe8a
2025-02-02T14:52:17.874+09:00 DEBUG 2512 --- [project] [main] org.hibernate.type.BasicTypeRegistry     : Adding type registration null -> org.hibernate.type.NullType@5b8853
2025-02-02T14:52:17.876+09:00 DEBUG 2512 --- [project] [main] org.hibernate.type.BasicTypeRegistry     : Adding type registration imm_date -> org.hibernate.type.BasicTypeReference@1b8aaeab
2025-02-02T14:52:17.877+09:00 DEBUG 2512 --- [project] [main] org.hibernate.type.BasicTypeRegistry     : Adding type registration imm_time -> org.hibernate.type.BasicTypeReference@5d1bdd4a
2025-02-02T14:52:17.878+09:00 DEBUG 2512 --- [project] [main] org.hibernate.type.BasicTypeRegistry     : Adding type registration imm_timestamp -> org.hibernate.type.BasicTypeReference@6812c8cc
2025-02-02T14:52:17.878+09:00 DEBUG 2512 --- [project] [main] org.hibernate.type.BasicTypeRegistry     : Adding type registration imm_calendar -> org.hibernate.type.BasicTypeReference@3457cc8d
2025-02-02T14:52:17.879+09:00 DEBUG 2512 --- [project] [main] org.hibernate.type.BasicTypeRegistry     : Adding type registration imm_calendar_date -> org.hibernate.type.BasicTypeReference@7a66c35a
2025-02-02T14:52:17.881+09:00 DEBUG 2512 --- [project] [main] org.hibernate.type.BasicTypeRegistry     : Adding type registration imm_calendar_time -> org.hibernate.type.BasicTypeReference@7994a0d1
2025-02-02T14:52:17.883+09:00 DEBUG 2512 --- [project] [main] org.hibernate.type.BasicTypeRegistry     : Adding type registration imm_binary -> org.hibernate.type.BasicTypeReference@73e4387
2025-02-02T14:52:17.884+09:00 DEBUG 2512 --- [project] [main] org.hibernate.type.BasicTypeRegistry     : Adding type registration imm_serializable -> org.hibernate.type.BasicTypeReference@d87d449
2025-02-02T14:52:19.262+09:00  INFO 2512 --- [project] [main] o.s.o.j.p.SpringPersistenceUnitInfo      : No LoadTimeWeaver setup: ignoring JPA class transformer
2025-02-02T14:52:19.458+09:00  INFO 2512 --- [project] [main] com.zaxxer.hikari.HikariDataSource       : HikariPool-1 - Starting...
2025-02-02T14:52:20.518+09:00  INFO 2512 --- [project] [main] com.zaxxer.hikari.pool.HikariPool        : HikariPool-1 - Added connection conn0: url=jdbc:h2:mem:test user=SA
2025-02-02T14:52:20.530+09:00  INFO 2512 --- [project] [main] com.zaxxer.hikari.HikariDataSource       : HikariPool-1 - Start completed.
2025-02-02T14:52:20.854+09:00  INFO 2512 --- [project] [main] org.hibernate.orm.connections.pooling    : HHH10001005: Database info:
	Database JDBC URL [Connecting through datasource 'HikariDataSource (HikariPool-1)']
	Database driver: undefined/unknown
	Database version: 2.3.232
	Autocommit mode: undefined/unknown
	Isolation level: undefined/unknown
	Minimum pool size: undefined/unknown
	Maximum pool size: undefined/unknown
2025-02-02T14:52:20.904+09:00 DEBUG 2512 --- [project] [main] o.h.t.d.jdbc.spi.JdbcTypeRegistry        : addDescriptor(NCharTypeDescriptor) replaced previous registration(CharTypeDescriptor)
2025-02-02T14:52:20.905+09:00 DEBUG 2512 --- [project] [main] o.h.t.d.jdbc.spi.JdbcTypeRegistry        : addDescriptor(NVarcharTypeDescriptor) replaced previous registration(VarcharTypeDescriptor)
2025-02-02T14:52:20.907+09:00 DEBUG 2512 --- [project] [main] o.h.t.d.jdbc.spi.JdbcTypeRegistry        : addDescriptor(LongNVarcharTypeDescriptor) replaced previous registration(LongVarcharTypeDescriptor)
2025-02-02T14:52:20.924+09:00 DEBUG 2512 --- [project] [main] o.h.t.d.jdbc.spi.JdbcTypeRegistry        : addDescriptor(NClobTypeDescriptor(DEFAULT)) replaced previous registration(ClobTypeDescriptor(DEFAULT))
2025-02-02T14:52:20.932+09:00 DEBUG 2512 --- [project] [main] o.h.t.d.jdbc.spi.JdbcTypeRegistry        : addDescriptor(TimestampUtcDescriptor) replaced previous registration(TimestampUtcDescriptor)
2025-02-02T14:52:20.963+09:00 DEBUG 2512 --- [project] [main] org.hibernate.type.BasicTypeRegistry     : Adding type registration org.hibernate.type.DurationType -> basicType@1(java.time.Duration,3015)
2025-02-02T14:52:20.965+09:00 DEBUG 2512 --- [project] [main] org.hibernate.type.BasicTypeRegistry     : Adding type registration Duration -> basicType@1(java.time.Duration,3015)
2025-02-02T14:52:20.966+09:00 DEBUG 2512 --- [project] [main] org.hibernate.type.BasicTypeRegistry     : Adding type registration java.time.Duration -> basicType@1(java.time.Duration,3015)
2025-02-02T14:52:20.985+09:00 DEBUG 2512 --- [project] [main] o.h.type.spi.TypeConfiguration$Scope     : Scoping TypeConfiguration [org.hibernate.type.spi.TypeConfiguration@4fea5ee0] to MetadataBuildingContext [org.hibernate.boot.internal.MetadataBuildingContextRootImpl@65f5cae3]
2025-02-02T14:52:25.613+09:00  INFO 2512 --- [project] [main] o.h.e.t.j.p.i.JtaPlatformInitiator       : HHH000489: No JTA platform available (set 'hibernate.transaction.jta.platform' to enable JTA platform integration)
2025-02-02T14:52:25.617+09:00 DEBUG 2512 --- [project] [main] o.h.type.spi.TypeConfiguration$Scope     : Scoping TypeConfiguration [org.hibernate.type.spi.TypeConfiguration@4fea5ee0] to SessionFactoryImplementor [org.hibernate.internal.SessionFactoryImpl@156eeff1]
2025-02-02T14:52:25.782+09:00 TRACE 2512 --- [project] [main] o.h.type.spi.TypeConfiguration$Scope     : Handling #sessionFactoryCreated from [org.hibernate.internal.SessionFactoryImpl@156eeff1] for TypeConfiguration
2025-02-02T14:52:25.784+09:00  INFO 2512 --- [project] [main] j.LocalContainerEntityManagerFactoryBean : Initialized JPA EntityManagerFactory for persistence unit 'default'
2025-02-02T14:52:28.828+09:00  WARN 2512 --- [project] [main] .s.s.UserDetailsServiceAutoConfiguration : 

Using generated security password: 10917268-253e-4a69-a177-6a70db8cf051

This generated password is for development use only. Your security configuration must be updated before running your application in production.

2025-02-02T14:52:28.876+09:00  INFO 2512 --- [project] [main] r$InitializeUserDetailsManagerConfigurer : Global AuthenticationManager configured with UserDetailsService bean with name inMemoryUserDetailsManager
2025-02-02T14:52:32.489+09:00  INFO 2512 --- [project] [main] o.s.b.a.h2.H2ConsoleAutoConfiguration    : H2 console available at '/h2-console'. Database available at 'jdbc:h2:mem:test'
2025-02-02T14:52:33.026+09:00  INFO 2512 --- [project] [main] o.s.b.w.embedded.tomcat.TomcatWebServer  : Tomcat started on port 8080 (http) with context path '/'
2025-02-02T14:52:33.105+09:00  INFO 2512 --- [project] [main] com.example.project.ProjectApplication   : Started ProjectApplication in 32.229 seconds (process running for 35.049)
2025-02-02T14:52:55.450+09:00  INFO 2512 --- [project] [http-nio-8080-exec-1] o.a.c.c.C.[Tomcat].[localhost].[/]       : Initializing Spring DispatcherServlet 'dispatcherServlet'
2025-02-02T14:52:55.452+09:00  INFO 2512 --- [project] [http-nio-8080-exec-1] o.s.web.servlet.DispatcherServlet        : Initializing Servlet 'dispatcherServlet'
2025-02-02T14:52:55.459+09:00  INFO 2512 --- [project] [http-nio-8080-exec-1] o.s.web.servlet.DispatcherServlet        : Completed initialization in 5 ms
2025-02-02T15:12:28.604+09:00  INFO 2512 --- [project] [SpringApplicationShutdownHook] o.s.b.w.e.tomcat.GracefulShutdown        : Commencing graceful shutdown. Waiting for active requests to complete
2025-02-02T15:12:28.751+09:00  INFO 2512 --- [project] [tomcat-shutdown] o.s.b.w.e.tomcat.GracefulShutdown        : Graceful shutdown complete
2025-02-02T15:12:28.921+09:00  INFO 2512 --- [project] [SpringApplicationShutdownHook] j.LocalContainerEntityManagerFactoryBean : Closing JPA EntityManagerFactory for persistence unit 'default'
2025-02-02T15:12:29.018+09:00 TRACE 2512 --- [project] [SpringApplicationShutdownHook] o.h.type.spi.TypeConfiguration$Scope     : Handling #sessionFactoryClosed from [org.hibernate.internal.SessionFactoryImpl@156eeff1] for TypeConfiguration
2025-02-02T15:12:29.023+09:00 DEBUG 2512 --- [project] [SpringApplicationShutdownHook] o.h.type.spi.TypeConfiguration$Scope     : Un-scoping TypeConfiguration [org.hibernate.type.spi.TypeConfiguration$Scope@52508b4] from SessionFactory [org.hibernate.internal.SessionFactoryImpl@156eeff1]
2025-02-02T15:12:29.106+09:00  INFO 2512 --- [project] [SpringApplicationShutdownHook] com.zaxxer.hikari.HikariDataSource       : HikariPool-1 - Shutdown initiated...
2025-02-02T15:12:29.267+09:00  INFO 2512 --- [project] [SpringApplicationShutdownHook] com.zaxxer.hikari.HikariDataSource       : HikariPool-1 - Shutdown completed.
2025-02-02T15:24:50.681+09:00  INFO 9820 --- [project] [main] com.example.project.ProjectApplication   : Starting ProjectApplication using Java 21.0.5 with PID 9820 (C:\AI\javaProject\develope\project\out\production\classes started by nsy71 in C:\AI\javaProject\develope\project)
2025-02-02T15:24:50.697+09:00  INFO 9820 --- [project] [main] com.example.project.ProjectApplication   : The following 2 profiles are active: "secret", "dev"
2025-02-02T15:24:57.636+09:00  INFO 9820 --- [project] [main] .s.d.r.c.RepositoryConfigurationDelegate : Bootstrapping Spring Data JPA repositories in DEFAULT mode.
2025-02-02T15:24:58.612+09:00  INFO 9820 --- [project] [main] .s.d.r.c.RepositoryConfigurationDelegate : Finished Spring Data repository scanning in 856 ms. Found 1 JPA repository interface.
2025-02-02T15:25:06.222+09:00  INFO 9820 --- [project] [main] o.s.b.w.embedded.tomcat.TomcatWebServer  : Tomcat initialized with port 8080 (http)
2025-02-02T15:25:06.917+09:00  INFO 9820 --- [project] [main] w.s.c.ServletWebServerApplicationContext : Root WebApplicationContext: initialization completed in 15752 ms
2025-02-02T15:25:08.836+09:00  INFO 9820 --- [project] [main] o.hibernate.jpa.internal.util.LogHelper  : HHH000204: Processing PersistenceUnitInfo [name: default]
2025-02-02T15:25:09.324+09:00  INFO 9820 --- [project] [main] org.hibernate.Version                    : HHH000412: Hibernate ORM core version 6.6.5.Final
2025-02-02T15:25:09.563+09:00  INFO 9820 --- [project] [main] o.h.c.internal.RegionFactoryInitiator    : HHH000026: Second-level cache disabled
2025-02-02T15:25:10.105+09:00 DEBUG 9820 --- [project] [main] org.hibernate.type.BasicTypeRegistry     : Adding type registration boolean -> org.hibernate.type.BasicTypeReference@53314f76
2025-02-02T15:25:10.106+09:00 DEBUG 9820 --- [project] [main] org.hibernate.type.BasicTypeRegistry     : Adding type registration boolean -> org.hibernate.type.BasicTypeReference@53314f76
2025-02-02T15:25:10.108+09:00 DEBUG 9820 --- [project] [main] org.hibernate.type.BasicTypeRegistry     : Adding type registration java.lang.Boolean -> org.hibernate.type.BasicTypeReference@53314f76
2025-02-02T15:25:10.109+09:00 DEBUG 9820 --- [project] [main] org.hibernate.type.BasicTypeRegistry     : Adding type registration numeric_boolean -> org.hibernate.type.BasicTypeReference@62a6674f
2025-02-02T15:25:10.111+09:00 DEBUG 9820 --- [project] [main] org.hibernate.type.BasicTypeRegistry     : Adding type registration org.hibernate.type.NumericBooleanConverter -> org.hibernate.type.BasicTypeReference@62a6674f
2025-02-02T15:25:10.112+09:00 DEBUG 9820 --- [project] [main] org.hibernate.type.BasicTypeRegistry     : Adding type registration true_false -> org.hibernate.type.BasicTypeReference@70881123
2025-02-02T15:25:10.114+09:00 DEBUG 9820 --- [project] [main] org.hibernate.type.BasicTypeRegistry     : Adding type registration org.hibernate.type.TrueFalseConverter -> org.hibernate.type.BasicTypeReference@70881123
2025-02-02T15:25:10.115+09:00 DEBUG 9820 --- [project] [main] org.hibernate.type.BasicTypeRegistry     : Adding type registration yes_no -> org.hibernate.type.BasicTypeReference@703fa45
2025-02-02T15:25:10.118+09:00 DEBUG 9820 --- [project] [main] org.hibernate.type.BasicTypeRegistry     : Adding type registration org.hibernate.type.YesNoConverter -> org.hibernate.type.BasicTypeReference@703fa45
2025-02-02T15:25:10.120+09:00 DEBUG 9820 --- [project] [main] org.hibernate.type.BasicTypeRegistry     : Adding type registration byte -> org.hibernate.type.BasicTypeReference@5e905f2c
2025-02-02T15:25:10.122+09:00 DEBUG 9820 --- [project] [main] org.hibernate.type.BasicTypeRegistry     : Adding type registration byte -> org.hibernate.type.BasicTypeReference@5e905f2c
2025-02-02T15:25:10.123+09:00 DEBUG 9820 --- [project] [main] org.hibernate.type.BasicTypeRegistry     : Adding type registration java.lang.Byte -> org.hibernate.type.BasicTypeReference@5e905f2c
2025-02-02T15:25:10.124+09:00 DEBUG 9820 --- [project] [main] org.hibernate.type.BasicTypeRegistry     : Adding type registration binary -> org.hibernate.type.BasicTypeReference@fddd7ae
2025-02-02T15:25:10.126+09:00 DEBUG 9820 --- [project] [main] org.hibernate.type.BasicTypeRegistry     : Adding type registration byte[] -> org.hibernate.type.BasicTypeReference@fddd7ae
2025-02-02T15:25:10.127+09:00 DEBUG 9820 --- [project] [main] org.hibernate.type.BasicTypeRegistry     : Adding type registration [B -> org.hibernate.type.BasicTypeReference@fddd7ae
2025-02-02T15:25:10.129+09:00 DEBUG 9820 --- [project] [main] org.hibernate.type.BasicTypeRegistry     : Adding type registration binary_wrapper -> org.hibernate.type.BasicTypeReference@3f6cce7f
2025-02-02T15:25:10.130+09:00 DEBUG 9820 --- [project] [main] org.hibernate.type.BasicTypeRegistry     : Adding type registration wrapper-binary -> org.hibernate.type.BasicTypeReference@3f6cce7f
2025-02-02T15:25:10.131+09:00 DEBUG 9820 --- [project] [main] org.hibernate.type.BasicTypeRegistry     : Adding type registration image -> org.hibernate.type.BasicTypeReference@2725ca05
2025-02-02T15:25:10.133+09:00 DEBUG 9820 --- [project] [main] org.hibernate.type.BasicTypeRegistry     : Adding type registration blob -> org.hibernate.type.BasicTypeReference@7b9088f2
2025-02-02T15:25:10.135+09:00 DEBUG 9820 --- [project] [main] org.hibernate.type.BasicTypeRegistry     : Adding type registration java.sql.Blob -> org.hibernate.type.BasicTypeReference@7b9088f2
2025-02-02T15:25:10.137+09:00 DEBUG 9820 --- [project] [main] org.hibernate.type.BasicTypeRegistry     : Adding type registration materialized_blob -> org.hibernate.type.BasicTypeReference@1a914089
2025-02-02T15:25:10.138+09:00 DEBUG 9820 --- [project] [main] org.hibernate.type.BasicTypeRegistry     : Adding type registration materialized_blob_wrapper -> org.hibernate.type.BasicTypeReference@43d76a92
2025-02-02T15:25:10.140+09:00 DEBUG 9820 --- [project] [main] org.hibernate.type.BasicTypeRegistry     : Adding type registration short -> org.hibernate.type.BasicTypeReference@4a2bf50f
2025-02-02T15:25:10.141+09:00 DEBUG 9820 --- [project] [main] org.hibernate.type.BasicTypeRegistry     : Adding type registration short -> org.hibernate.type.BasicTypeReference@4a2bf50f
2025-02-02T15:25:10.142+09:00 DEBUG 9820 --- [project] [main] org.hibernate.type.BasicTypeRegistry     : Adding type registration java.lang.Short -> org.hibernate.type.BasicTypeReference@4a2bf50f
2025-02-02T15:25:10.145+09:00 DEBUG 9820 --- [project] [main] org.hibernate.type.BasicTypeRegistry     : Adding type registration integer -> org.hibernate.type.BasicTypeReference@350323a0
2025-02-02T15:25:10.146+09:00 DEBUG 9820 --- [project] [main] org.hibernate.type.BasicTypeRegistry     : Adding type registration int -> org.hibernate.type.BasicTypeReference@350323a0
2025-02-02T15:25:10.148+09:00 DEBUG 9820 --- [project] [main] org.hibernate.type.BasicTypeRegistry     : Adding type registration java.lang.Integer -> org.hibernate.type.BasicTypeReference@350323a0
2025-02-02T15:25:10.150+09:00 DEBUG 9820 --- [project] [main] org.hibernate.type.BasicTypeRegistry     : Adding type registration long -> org.hibernate.type.BasicTypeReference@2506b881
2025-02-02T15:25:10.151+09:00 DEBUG 9820 --- [project] [main] org.hibernate.type.BasicTypeRegistry     : Adding type registration long -> org.hibernate.type.BasicTypeReference@2506b881
2025-02-02T15:25:10.153+09:00 DEBUG 9820 --- [project] [main] org.hibernate.type.BasicTypeRegistry     : Adding type registration java.lang.Long -> org.hibernate.type.BasicTypeReference@2506b881
2025-02-02T15:25:10.154+09:00 DEBUG 9820 --- [project] [main] org.hibernate.type.BasicTypeRegistry     : Adding type registration float -> org.hibernate.type.BasicTypeReference@5d7dd549
2025-02-02T15:25:10.156+09:00 DEBUG 9820 --- [project] [main] org.hibernate.type.BasicTypeRegistry     : Adding type registration float -> org.hibernate.type.BasicTypeReference@5d7dd549
2025-02-02T15:25:10.157+09:00 DEBUG 9820 --- [project] [main] org.hibernate.type.BasicTypeRegistry     : Adding type registration java.lang.Float -> org.hibernate.type.BasicTypeReference@5d7dd549
2025-02-02T15:25:10.159+09:00 DEBUG 9820 --- [project] [main] org.hibernate.type.BasicTypeRegistry     : Adding type registration double -> org.hibernate.type.BasicTypeReference@486bd064
2025-02-02T15:25:10.160+09:00 DEBUG 9820 --- [project] [main] org.hibernate.type.BasicTypeRegistry     : Adding type registration double -> org.hibernate.type.BasicTypeReference@486bd064
2025-02-02T15:25:10.162+09:00 DEBUG 9820 --- [project] [main] org.hibernate.type.BasicTypeRegistry     : Adding type registration java.lang.Double -> org.hibernate.type.BasicTypeReference@486bd064
2025-02-02T15:25:10.163+09:00 DEBUG 9820 --- [project] [main] org.hibernate.type.BasicTypeRegistry     : Adding type registration big_integer -> org.hibernate.type.BasicTypeReference@6459f4ea
2025-02-02T15:25:10.164+09:00 DEBUG 9820 --- [project] [main] org.hibernate.type.BasicTypeRegistry     : Adding type registration java.math.BigInteger -> org.hibernate.type.BasicTypeReference@6459f4ea
2025-02-02T15:25:10.166+09:00 DEBUG 9820 --- [project] [main] org.hibernate.type.BasicTypeRegistry     : Adding type registration big_decimal -> org.hibernate.type.BasicTypeReference@740b9a50
2025-02-02T15:25:10.167+09:00 DEBUG 9820 --- [project] [main] org.hibernate.type.BasicTypeRegistry     : Adding type registration java.math.BigDecimal -> org.hibernate.type.BasicTypeReference@740b9a50
2025-02-02T15:25:10.169+09:00 DEBUG 9820 --- [project] [main] org.hibernate.type.BasicTypeRegistry     : Adding type registration character -> org.hibernate.type.BasicTypeReference@476fde05
2025-02-02T15:25:10.170+09:00 DEBUG 9820 --- [project] [main] org.hibernate.type.BasicTypeRegistry     : Adding type registration char -> org.hibernate.type.BasicTypeReference@476fde05
2025-02-02T15:25:10.173+09:00 DEBUG 9820 --- [project] [main] org.hibernate.type.BasicTypeRegistry     : Adding type registration java.lang.Character -> org.hibernate.type.BasicTypeReference@476fde05
2025-02-02T15:25:10.174+09:00 DEBUG 9820 --- [project] [main] org.hibernate.type.BasicTypeRegistry     : Adding type registration character_nchar -> org.hibernate.type.BasicTypeReference@5111de7c
2025-02-02T15:25:10.175+09:00 DEBUG 9820 --- [project] [main] org.hibernate.type.BasicTypeRegistry     : Adding type registration string -> org.hibernate.type.BasicTypeReference@7ac48e10
2025-02-02T15:25:10.176+09:00 DEBUG 9820 --- [project] [main] org.hibernate.type.BasicTypeRegistry     : Adding type registration java.lang.String -> org.hibernate.type.BasicTypeReference@7ac48e10
2025-02-02T15:25:10.178+09:00 DEBUG 9820 --- [project] [main] org.hibernate.type.BasicTypeRegistry     : Adding type registration nstring -> org.hibernate.type.BasicTypeReference@52354202
2025-02-02T15:25:10.179+09:00 DEBUG 9820 --- [project] [main] org.hibernate.type.BasicTypeRegistry     : Adding type registration characters -> org.hibernate.type.BasicTypeReference@6b1321b7
2025-02-02T15:25:10.181+09:00 DEBUG 9820 --- [project] [main] org.hibernate.type.BasicTypeRegistry     : Adding type registration char[] -> org.hibernate.type.BasicTypeReference@6b1321b7
2025-02-02T15:25:10.182+09:00 DEBUG 9820 --- [project] [main] org.hibernate.type.BasicTypeRegistry     : Adding type registration [C -> org.hibernate.type.BasicTypeReference@6b1321b7
2025-02-02T15:25:10.184+09:00 DEBUG 9820 --- [project] [main] org.hibernate.type.BasicTypeRegistry     : Adding type registration wrapper-characters -> org.hibernate.type.BasicTypeReference@342ee097
2025-02-02T15:25:10.185+09:00 DEBUG 9820 --- [project] [main] org.hibernate.type.BasicTypeRegistry     : Adding type registration text -> org.hibernate.type.BasicTypeReference@6ac45c0c
2025-02-02T15:25:10.186+09:00 DEBUG 9820 --- [project] [main] org.hibernate.type.BasicTypeRegistry     : Adding type registration ntext -> org.hibernate.type.BasicTypeReference@12192604
2025-02-02T15:25:10.188+09:00 DEBUG 9820 --- [project] [main] org.hibernate.type.BasicTypeRegistry     : Adding type registration clob -> org.hibernate.type.BasicTypeReference@6075b369
2025-02-02T15:25:10.190+09:00 DEBUG 9820 --- [project] [main] org.hibernate.type.BasicTypeRegistry     : Adding type registration java.sql.Clob -> org.hibernate.type.BasicTypeReference@6075b369
2025-02-02T15:25:10.191+09:00 DEBUG 9820 --- [project] [main] org.hibernate.type.BasicTypeRegistry     : Adding type registration nclob -> org.hibernate.type.BasicTypeReference@231cdda8
2025-02-02T15:25:10.192+09:00 DEBUG 9820 --- [project] [main] org.hibernate.type.BasicTypeRegistry     : Adding type registration java.sql.NClob -> org.hibernate.type.BasicTypeReference@231cdda8
2025-02-02T15:25:10.194+09:00 DEBUG 9820 --- [project] [main] org.hibernate.type.BasicTypeRegistry     : Adding type registration materialized_clob -> org.hibernate.type.BasicTypeReference@6b70d1fb
2025-02-02T15:25:10.195+09:00 DEBUG 9820 --- [project] [main] org.hibernate.type.BasicTypeRegistry     : Adding type registration materialized_clob_char_array -> org.hibernate.type.BasicTypeReference@3002e397
2025-02-02T15:25:10.197+09:00 DEBUG 9820 --- [project] [main] org.hibernate.type.BasicTypeRegistry     : Adding type registration materialized_clob_character_array -> org.hibernate.type.BasicTypeReference@7da1e005
2025-02-02T15:25:10.198+09:00 DEBUG 9820 --- [project] [main] org.hibernate.type.BasicTypeRegistry     : Adding type registration materialized_nclob -> org.hibernate.type.BasicTypeReference@38159384
2025-02-02T15:25:10.199+09:00 DEBUG 9820 --- [project] [main] org.hibernate.type.BasicTypeRegistry     : Adding type registration materialized_nclob_character_array -> org.hibernate.type.BasicTypeReference@55877274
2025-02-02T15:25:10.201+09:00 DEBUG 9820 --- [project] [main] org.hibernate.type.BasicTypeRegistry     : Adding type registration materialized_nclob_char_array -> org.hibernate.type.BasicTypeReference@723e2d08
2025-02-02T15:25:10.202+09:00 DEBUG 9820 --- [project] [main] org.hibernate.type.BasicTypeRegistry     : Adding type registration Duration -> org.hibernate.type.BasicTypeReference@6d4a82
2025-02-02T15:25:10.203+09:00 DEBUG 9820 --- [project] [main] org.hibernate.type.BasicTypeRegistry     : Adding type registration java.time.Duration -> org.hibernate.type.BasicTypeReference@6d4a82
2025-02-02T15:25:10.205+09:00 DEBUG 9820 --- [project] [main] org.hibernate.type.BasicTypeRegistry     : Adding type registration LocalDateTime -> org.hibernate.type.BasicTypeReference@14f060b8
2025-02-02T15:25:10.206+09:00 DEBUG 9820 --- [project] [main] org.hibernate.type.BasicTypeRegistry     : Adding type registration java.time.LocalDateTime -> org.hibernate.type.BasicTypeReference@14f060b8
2025-02-02T15:25:10.208+09:00 DEBUG 9820 --- [project] [main] org.hibernate.type.BasicTypeRegistry     : Adding type registration LocalDate -> org.hibernate.type.BasicTypeReference@7a0ab480
2025-02-02T15:25:10.209+09:00 DEBUG 9820 --- [project] [main] org.hibernate.type.BasicTypeRegistry     : Adding type registration java.time.LocalDate -> org.hibernate.type.BasicTypeReference@7a0ab480
2025-02-02T15:25:10.211+09:00 DEBUG 9820 --- [project] [main] org.hibernate.type.BasicTypeRegistry     : Adding type registration LocalTime -> org.hibernate.type.BasicTypeReference@79df80a4
2025-02-02T15:25:10.213+09:00 DEBUG 9820 --- [project] [main] org.hibernate.type.BasicTypeRegistry     : Adding type registration java.time.LocalTime -> org.hibernate.type.BasicTypeReference@79df80a4
2025-02-02T15:25:10.215+09:00 DEBUG 9820 --- [project] [main] org.hibernate.type.BasicTypeRegistry     : Adding type registration OffsetDateTime -> org.hibernate.type.BasicTypeReference@130cfc47
2025-02-02T15:25:10.216+09:00 DEBUG 9820 --- [project] [main] org.hibernate.type.BasicTypeRegistry     : Adding type registration java.time.OffsetDateTime -> org.hibernate.type.BasicTypeReference@130cfc47
2025-02-02T15:25:10.217+09:00 DEBUG 9820 --- [project] [main] org.hibernate.type.BasicTypeRegistry     : Adding type registration OffsetDateTimeWithTimezone -> org.hibernate.type.BasicTypeReference@4eeab3e
2025-02-02T15:25:10.219+09:00 DEBUG 9820 --- [project] [main] org.hibernate.type.BasicTypeRegistry     : Adding type registration OffsetDateTimeWithoutTimezone -> org.hibernate.type.BasicTypeReference@2b6fb197
2025-02-02T15:25:10.220+09:00 DEBUG 9820 --- [project] [main] org.hibernate.type.BasicTypeRegistry     : Adding type registration OffsetTime -> org.hibernate.type.BasicTypeReference@2eb0cefe
2025-02-02T15:25:10.221+09:00 DEBUG 9820 --- [project] [main] org.hibernate.type.BasicTypeRegistry     : Adding type registration java.time.OffsetTime -> org.hibernate.type.BasicTypeReference@2eb0cefe
2025-02-02T15:25:10.222+09:00 DEBUG 9820 --- [project] [main] org.hibernate.type.BasicTypeRegistry     : Adding type registration OffsetTimeUtc -> org.hibernate.type.BasicTypeReference@5a2ae1ab
2025-02-02T15:25:10.224+09:00 DEBUG 9820 --- [project] [main] org.hibernate.type.BasicTypeRegistry     : Adding type registration OffsetTimeWithTimezone -> org.hibernate.type.BasicTypeReference@2bec068b
2025-02-02T15:25:10.225+09:00 DEBUG 9820 --- [project] [main] org.hibernate.type.BasicTypeRegistry     : Adding type registration OffsetTimeWithoutTimezone -> org.hibernate.type.BasicTypeReference@7d59e968
2025-02-02T15:25:10.227+09:00 DEBUG 9820 --- [project] [main] org.hibernate.type.BasicTypeRegistry     : Adding type registration ZonedDateTime -> org.hibernate.type.BasicTypeReference@55361f03
2025-02-02T15:25:10.228+09:00 DEBUG 9820 --- [project] [main] org.hibernate.type.BasicTypeRegistry     : Adding type registration java.time.ZonedDateTime -> org.hibernate.type.BasicTypeReference@55361f03
2025-02-02T15:25:10.230+09:00 DEBUG 9820 --- [project] [main] org.hibernate.type.BasicTypeRegistry     : Adding type registration ZonedDateTimeWithTimezone -> org.hibernate.type.BasicTypeReference@581c9bb7
2025-02-02T15:25:10.231+09:00 DEBUG 9820 --- [project] [main] org.hibernate.type.BasicTypeRegistry     : Adding type registration ZonedDateTimeWithoutTimezone -> org.hibernate.type.BasicTypeReference@138f0661
2025-02-02T15:25:10.232+09:00 DEBUG 9820 --- [project] [main] org.hibernate.type.BasicTypeRegistry     : Adding type registration date -> org.hibernate.type.BasicTypeReference@212fafd1
2025-02-02T15:25:10.234+09:00 DEBUG 9820 --- [project] [main] org.hibernate.type.BasicTypeRegistry     : Adding type registration java.sql.Date -> org.hibernate.type.BasicTypeReference@212fafd1
2025-02-02T15:25:10.236+09:00 DEBUG 9820 --- [project] [main] org.hibernate.type.BasicTypeRegistry     : Adding type registration time -> org.hibernate.type.BasicTypeReference@448462f0
2025-02-02T15:25:10.237+09:00 DEBUG 9820 --- [project] [main] org.hibernate.type.BasicTypeRegistry     : Adding type registration java.sql.Time -> org.hibernate.type.BasicTypeReference@448462f0
2025-02-02T15:25:10.238+09:00 DEBUG 9820 --- [project] [main] org.hibernate.type.BasicTypeRegistry     : Adding type registration timestamp -> org.hibernate.type.BasicTypeReference@787988f4
2025-02-02T15:25:10.240+09:00 DEBUG 9820 --- [project] [main] org.hibernate.type.BasicTypeRegistry     : Adding type registration java.sql.Timestamp -> org.hibernate.type.BasicTypeReference@787988f4
2025-02-02T15:25:10.241+09:00 DEBUG 9820 --- [project] [main] org.hibernate.type.BasicTypeRegistry     : Adding type registration java.util.Date -> org.hibernate.type.BasicTypeReference@787988f4
2025-02-02T15:25:10.244+09:00 DEBUG 9820 --- [project] [main] org.hibernate.type.BasicTypeRegistry     : Adding type registration calendar -> org.hibernate.type.BasicTypeReference@132e3594
2025-02-02T15:25:10.246+09:00 DEBUG 9820 --- [project] [main] org.hibernate.type.BasicTypeRegistry     : Adding type registration java.util.Calendar -> org.hibernate.type.BasicTypeReference@132e3594
2025-02-02T15:25:10.248+09:00 DEBUG 9820 --- [project] [main] org.hibernate.type.BasicTypeRegistry     : Adding type registration java.util.GregorianCalendar -> org.hibernate.type.BasicTypeReference@132e3594
2025-02-02T15:25:10.250+09:00 DEBUG 9820 --- [project] [main] org.hibernate.type.BasicTypeRegistry     : Adding type registration calendar_date -> org.hibernate.type.BasicTypeReference@4f235107
2025-02-02T15:25:10.252+09:00 DEBUG 9820 --- [project] [main] org.hibernate.type.BasicTypeRegistry     : Adding type registration calendar_time -> org.hibernate.type.BasicTypeReference@28d739f1
2025-02-02T15:25:10.253+09:00 DEBUG 9820 --- [project] [main] org.hibernate.type.BasicTypeRegistry     : Adding type registration instant -> org.hibernate.type.BasicTypeReference@1c5d3a37
2025-02-02T15:25:10.254+09:00 DEBUG 9820 --- [project] [main] org.hibernate.type.BasicTypeRegistry     : Adding type registration java.time.Instant -> org.hibernate.type.BasicTypeReference@1c5d3a37
2025-02-02T15:25:10.255+09:00 DEBUG 9820 --- [project] [main] org.hibernate.type.BasicTypeRegistry     : Adding type registration uuid -> org.hibernate.type.BasicTypeReference@7e3d2ebd
2025-02-02T15:25:10.256+09:00 DEBUG 9820 --- [project] [main] org.hibernate.type.BasicTypeRegistry     : Adding type registration java.util.UUID -> org.hibernate.type.BasicTypeReference@7e3d2ebd
2025-02-02T15:25:10.257+09:00 DEBUG 9820 --- [project] [main] org.hibernate.type.BasicTypeRegistry     : Adding type registration pg-uuid -> org.hibernate.type.BasicTypeReference@7e3d2ebd
2025-02-02T15:25:10.259+09:00 DEBUG 9820 --- [project] [main] org.hibernate.type.BasicTypeRegistry     : Adding type registration uuid-binary -> org.hibernate.type.BasicTypeReference@2b43f314
2025-02-02T15:25:10.260+09:00 DEBUG 9820 --- [project] [main] org.hibernate.type.BasicTypeRegistry     : Adding type registration uuid-char -> org.hibernate.type.BasicTypeReference@3a4a5f3c
2025-02-02T15:25:10.264+09:00 DEBUG 9820 --- [project] [main] org.hibernate.type.BasicTypeRegistry     : Adding type registration class -> org.hibernate.type.BasicTypeReference@4f3356c0
2025-02-02T15:25:10.267+09:00 DEBUG 9820 --- [project] [main] org.hibernate.type.BasicTypeRegistry     : Adding type registration java.lang.Class -> org.hibernate.type.BasicTypeReference@4f3356c0
2025-02-02T15:25:10.268+09:00 DEBUG 9820 --- [project] [main] org.hibernate.type.BasicTypeRegistry     : Adding type registration currency -> org.hibernate.type.BasicTypeReference@586cc15d
2025-02-02T15:25:10.270+09:00 DEBUG 9820 --- [project] [main] org.hibernate.type.BasicTypeRegistry     : Adding type registration Currency -> org.hibernate.type.BasicTypeReference@586cc15d
2025-02-02T15:25:10.271+09:00 DEBUG 9820 --- [project] [main] org.hibernate.type.BasicTypeRegistry     : Adding type registration java.util.Currency -> org.hibernate.type.BasicTypeReference@586cc15d
2025-02-02T15:25:10.272+09:00 DEBUG 9820 --- [project] [main] org.hibernate.type.BasicTypeRegistry     : Adding type registration locale -> org.hibernate.type.BasicTypeReference@6c835217
2025-02-02T15:25:10.273+09:00 DEBUG 9820 --- [project] [main] org.hibernate.type.BasicTypeRegistry     : Adding type registration java.util.Locale -> org.hibernate.type.BasicTypeReference@6c835217
2025-02-02T15:25:10.281+09:00 DEBUG 9820 --- [project] [main] org.hibernate.type.BasicTypeRegistry     : Adding type registration serializable -> org.hibernate.type.BasicTypeReference@4584304
2025-02-02T15:25:10.283+09:00 DEBUG 9820 --- [project] [main] org.hibernate.type.BasicTypeRegistry     : Adding type registration java.io.Serializable -> org.hibernate.type.BasicTypeReference@4584304
2025-02-02T15:25:10.288+09:00 DEBUG 9820 --- [project] [main] org.hibernate.type.BasicTypeRegistry     : Adding type registration timezone -> org.hibernate.type.BasicTypeReference@51888019
2025-02-02T15:25:10.290+09:00 DEBUG 9820 --- [project] [main] org.hibernate.type.BasicTypeRegistry     : Adding type registration java.util.TimeZone -> org.hibernate.type.BasicTypeReference@51888019
2025-02-02T15:25:10.302+09:00 DEBUG 9820 --- [project] [main] org.hibernate.type.BasicTypeRegistry     : Adding type registration ZoneOffset -> org.hibernate.type.BasicTypeReference@6f50d55c
2025-02-02T15:25:10.304+09:00 DEBUG 9820 --- [project] [main] org.hibernate.type.BasicTypeRegistry     : Adding type registration java.time.ZoneOffset -> org.hibernate.type.BasicTypeReference@6f50d55c
2025-02-02T15:25:10.307+09:00 DEBUG 9820 --- [project] [main] org.hibernate.type.BasicTypeRegistry     : Adding type registration url -> org.hibernate.type.BasicTypeReference@19b5214b
2025-02-02T15:25:10.311+09:00 DEBUG 9820 --- [project] [main] org.hibernate.type.BasicTypeRegistry     : Adding type registration java.net.URL -> org.hibernate.type.BasicTypeReference@19b5214b
2025-02-02T15:25:10.314+09:00 DEBUG 9820 --- [project] [main] org.hibernate.type.BasicTypeRegistry     : Adding type registration vector -> org.hibernate.type.BasicTypeReference@5fb3111a
2025-02-02T15:25:10.316+09:00 DEBUG 9820 --- [project] [main] org.hibernate.type.BasicTypeRegistry     : Adding type registration float_vector -> org.hibernate.type.BasicTypeReference@4aaecabd
2025-02-02T15:25:10.317+09:00 DEBUG 9820 --- [project] [main] org.hibernate.type.BasicTypeRegistry     : Adding type registration double_vector -> org.hibernate.type.BasicTypeReference@23bd0c81
2025-02-02T15:25:10.318+09:00 DEBUG 9820 --- [project] [main] org.hibernate.type.BasicTypeRegistry     : Adding type registration byte_vector -> org.hibernate.type.BasicTypeReference@1332dec4
2025-02-02T15:25:10.319+09:00 DEBUG 9820 --- [project] [main] org.hibernate.type.BasicTypeRegistry     : Adding type registration row_version -> org.hibernate.type.BasicTypeReference@544e3679
2025-02-02T15:25:10.364+09:00 DEBUG 9820 --- [project] [main] org.hibernate.type.BasicTypeRegistry     : Adding type registration object -> org.hibernate.type.JavaObjectType@5bfc79cb
2025-02-02T15:25:10.365+09:00 DEBUG 9820 --- [project] [main] org.hibernate.type.BasicTypeRegistry     : Adding type registration java.lang.Object -> org.hibernate.type.JavaObjectType@5bfc79cb
2025-02-02T15:25:10.381+09:00 DEBUG 9820 --- [project] [main] org.hibernate.type.BasicTypeRegistry     : Adding type registration null -> org.hibernate.type.NullType@7a606260
2025-02-02T15:25:10.384+09:00 DEBUG 9820 --- [project] [main] org.hibernate.type.BasicTypeRegistry     : Adding type registration imm_date -> org.hibernate.type.BasicTypeReference@5dbab232
2025-02-02T15:25:10.385+09:00 DEBUG 9820 --- [project] [main] org.hibernate.type.BasicTypeRegistry     : Adding type registration imm_time -> org.hibernate.type.BasicTypeReference@5939e24
2025-02-02T15:25:10.386+09:00 DEBUG 9820 --- [project] [main] org.hibernate.type.BasicTypeRegistry     : Adding type registration imm_timestamp -> org.hibernate.type.BasicTypeReference@595f9916
2025-02-02T15:25:10.387+09:00 DEBUG 9820 --- [project] [main] org.hibernate.type.BasicTypeRegistry     : Adding type registration imm_calendar -> org.hibernate.type.BasicTypeReference@2055833f
2025-02-02T15:25:10.388+09:00 DEBUG 9820 --- [project] [main] org.hibernate.type.BasicTypeRegistry     : Adding type registration imm_calendar_date -> org.hibernate.type.BasicTypeReference@28768e25
2025-02-02T15:25:10.390+09:00 DEBUG 9820 --- [project] [main] org.hibernate.type.BasicTypeRegistry     : Adding type registration imm_calendar_time -> org.hibernate.type.BasicTypeReference@310d57b1
2025-02-02T15:25:10.392+09:00 DEBUG 9820 --- [project] [main] org.hibernate.type.BasicTypeRegistry     : Adding type registration imm_binary -> org.hibernate.type.BasicTypeReference@143fefaf
2025-02-02T15:25:10.393+09:00 DEBUG 9820 --- [project] [main] org.hibernate.type.BasicTypeRegistry     : Adding type registration imm_serializable -> org.hibernate.type.BasicTypeReference@18ffca6c
2025-02-02T15:25:12.247+09:00  INFO 9820 --- [project] [main] o.s.o.j.p.SpringPersistenceUnitInfo      : No LoadTimeWeaver setup: ignoring JPA class transformer
2025-02-02T15:25:12.466+09:00  INFO 9820 --- [project] [main] com.zaxxer.hikari.HikariDataSource       : HikariPool-1 - Starting...
2025-02-02T15:25:13.980+09:00  INFO 9820 --- [project] [main] com.zaxxer.hikari.pool.HikariPool        : HikariPool-1 - Added connection conn0: url=jdbc:h2:mem:test user=SA
2025-02-02T15:25:13.995+09:00  INFO 9820 --- [project] [main] com.zaxxer.hikari.HikariDataSource       : HikariPool-1 - Start completed.
2025-02-02T15:25:14.437+09:00  INFO 9820 --- [project] [main] org.hibernate.orm.connections.pooling    : HHH10001005: Database info:
	Database JDBC URL [Connecting through datasource 'HikariDataSource (HikariPool-1)']
	Database driver: undefined/unknown
	Database version: 2.3.232
	Autocommit mode: undefined/unknown
	Isolation level: undefined/unknown
	Minimum pool size: undefined/unknown
	Maximum pool size: undefined/unknown
2025-02-02T15:25:14.510+09:00 DEBUG 9820 --- [project] [main] o.h.t.d.jdbc.spi.JdbcTypeRegistry        : addDescriptor(NCharTypeDescriptor) replaced previous registration(CharTypeDescriptor)
2025-02-02T15:25:14.512+09:00 DEBUG 9820 --- [project] [main] o.h.t.d.jdbc.spi.JdbcTypeRegistry        : addDescriptor(NVarcharTypeDescriptor) replaced previous registration(VarcharTypeDescriptor)
2025-02-02T15:25:14.516+09:00 DEBUG 9820 --- [project] [main] o.h.t.d.jdbc.spi.JdbcTypeRegistry        : addDescriptor(LongNVarcharTypeDescriptor) replaced previous registration(LongVarcharTypeDescriptor)
2025-02-02T15:25:14.538+09:00 DEBUG 9820 --- [project] [main] o.h.t.d.jdbc.spi.JdbcTypeRegistry        : addDescriptor(NClobTypeDescriptor(DEFAULT)) replaced previous registration(ClobTypeDescriptor(DEFAULT))
2025-02-02T15:25:14.548+09:00 DEBUG 9820 --- [project] [main] o.h.t.d.jdbc.spi.JdbcTypeRegistry        : addDescriptor(TimestampUtcDescriptor) replaced previous registration(TimestampUtcDescriptor)
2025-02-02T15:25:14.580+09:00 DEBUG 9820 --- [project] [main] org.hibernate.type.BasicTypeRegistry     : Adding type registration org.hibernate.type.DurationType -> basicType@1(java.time.Duration,3015)
2025-02-02T15:25:14.582+09:00 DEBUG 9820 --- [project] [main] org.hibernate.type.BasicTypeRegistry     : Adding type registration Duration -> basicType@1(java.time.Duration,3015)
2025-02-02T15:25:14.583+09:00 DEBUG 9820 --- [project] [main] org.hibernate.type.BasicTypeRegistry     : Adding type registration java.time.Duration -> basicType@1(java.time.Duration,3015)
2025-02-02T15:25:14.612+09:00 DEBUG 9820 --- [project] [main] o.h.type.spi.TypeConfiguration$Scope     : Scoping TypeConfiguration [org.hibernate.type.spi.TypeConfiguration@e0847a9] to MetadataBuildingContext [org.hibernate.boot.internal.MetadataBuildingContextRootImpl@51743cc0]
2025-02-02T15:25:20.945+09:00  INFO 9820 --- [project] [main] o.h.e.t.j.p.i.JtaPlatformInitiator       : HHH000489: No JTA platform available (set 'hibernate.transaction.jta.platform' to enable JTA platform integration)
2025-02-02T15:25:20.950+09:00 DEBUG 9820 --- [project] [main] o.h.type.spi.TypeConfiguration$Scope     : Scoping TypeConfiguration [org.hibernate.type.spi.TypeConfiguration@e0847a9] to SessionFactoryImplementor [org.hibernate.internal.SessionFactoryImpl@656c0eae]
2025-02-02T15:25:21.138+09:00 TRACE 9820 --- [project] [main] o.h.type.spi.TypeConfiguration$Scope     : Handling #sessionFactoryCreated from [org.hibernate.internal.SessionFactoryImpl@656c0eae] for TypeConfiguration
2025-02-02T15:25:21.140+09:00  INFO 9820 --- [project] [main] j.LocalContainerEntityManagerFactoryBean : Initialized JPA EntityManagerFactory for persistence unit 'default'
2025-02-02T15:25:26.603+09:00  WARN 9820 --- [project] [main] .s.s.UserDetailsServiceAutoConfiguration : 

Using generated security password: f4c91338-610f-4d2b-bffe-57df4ee0ae1d

This generated password is for development use only. Your security configuration must be updated before running your application in production.

2025-02-02T15:25:26.650+09:00  INFO 9820 --- [project] [main] r$InitializeUserDetailsManagerConfigurer : Global AuthenticationManager configured with UserDetailsService bean with name inMemoryUserDetailsManager
2025-02-02T15:25:29.550+09:00  INFO 9820 --- [project] [main] o.s.b.a.h2.H2ConsoleAutoConfiguration    : H2 console available at '/h2-console'. Database available at 'jdbc:h2:mem:test'
2025-02-02T15:25:29.992+09:00  INFO 9820 --- [project] [main] o.s.b.w.embedded.tomcat.TomcatWebServer  : Tomcat started on port 8080 (http) with context path '/'
2025-02-02T15:25:30.033+09:00  INFO 9820 --- [project] [main] com.example.project.ProjectApplication   : Started ProjectApplication in 44.211 seconds (process running for 49.236)
2025-02-02T15:25:30.045+09:00  INFO 9820 --- [project] [SpringApplicationShutdownHook] o.s.b.w.e.tomcat.GracefulShutdown        : Commencing graceful shutdown. Waiting for active requests to complete
2025-02-02T15:25:30.088+09:00  INFO 9820 --- [project] [tomcat-shutdown] o.s.b.w.e.tomcat.GracefulShutdown        : Graceful shutdown complete
2025-02-02T15:25:30.112+09:00  INFO 9820 --- [project] [SpringApplicationShutdownHook] j.LocalContainerEntityManagerFactoryBean : Closing JPA EntityManagerFactory for persistence unit 'default'
2025-02-02T15:25:30.115+09:00 TRACE 9820 --- [project] [SpringApplicationShutdownHook] o.h.type.spi.TypeConfiguration$Scope     : Handling #sessionFactoryClosed from [org.hibernate.internal.SessionFactoryImpl@656c0eae] for TypeConfiguration
2025-02-02T15:25:30.116+09:00 DEBUG 9820 --- [project] [SpringApplicationShutdownHook] o.h.type.spi.TypeConfiguration$Scope     : Un-scoping TypeConfiguration [org.hibernate.type.spi.TypeConfiguration$Scope@2b31593e] from SessionFactory [org.hibernate.internal.SessionFactoryImpl@656c0eae]
2025-02-02T15:25:30.123+09:00  INFO 9820 --- [project] [SpringApplicationShutdownHook] com.zaxxer.hikari.HikariDataSource       : HikariPool-1 - Shutdown initiated...
2025-02-02T15:25:30.135+09:00  INFO 9820 --- [project] [SpringApplicationShutdownHook] com.zaxxer.hikari.HikariDataSource       : HikariPool-1 - Shutdown completed.
2025-02-02T15:27:57.168+09:00  INFO 3432 --- [project] [main] com.example.project.ProjectApplication   : Starting ProjectApplication using Java 21.0.5 with PID 3432 (C:\AI\javaProject\develope\project\out\production\classes started by nsy71 in C:\AI\javaProject\develope\project)
2025-02-02T15:27:57.182+09:00  INFO 3432 --- [project] [main] com.example.project.ProjectApplication   : The following 2 profiles are active: "secret", "dev"
2025-02-02T15:28:02.828+09:00  INFO 3432 --- [project] [main] .s.d.r.c.RepositoryConfigurationDelegate : Bootstrapping Spring Data JPA repositories in DEFAULT mode.
2025-02-02T15:28:03.488+09:00  INFO 3432 --- [project] [main] .s.d.r.c.RepositoryConfigurationDelegate : Finished Spring Data repository scanning in 571 ms. Found 1 JPA repository interface.
2025-02-02T15:28:08.380+09:00  INFO 3432 --- [project] [main] o.s.b.w.embedded.tomcat.TomcatWebServer  : Tomcat initialized with port 8080 (http)
2025-02-02T15:28:08.473+09:00  INFO 3432 --- [project] [main] o.apache.catalina.core.StandardService   : Starting service [Tomcat]
2025-02-02T15:28:08.475+09:00  INFO 3432 --- [project] [main] o.apache.catalina.core.StandardEngine    : Starting Servlet engine: [Apache Tomcat/10.1.34]
2025-02-02T15:28:08.943+09:00  INFO 3432 --- [project] [main] o.a.c.c.C.[Tomcat].[localhost].[/]       : Initializing Spring embedded WebApplicationContext
2025-02-02T15:28:08.946+09:00  INFO 3432 --- [project] [main] w.s.c.ServletWebServerApplicationContext : Root WebApplicationContext: initialization completed in 11420 ms
2025-02-02T15:28:10.299+09:00  INFO 3432 --- [project] [main] o.hibernate.jpa.internal.util.LogHelper  : HHH000204: Processing PersistenceUnitInfo [name: default]
2025-02-02T15:28:10.891+09:00  INFO 3432 --- [project] [main] org.hibernate.Version                    : HHH000412: Hibernate ORM core version 6.6.5.Final
2025-02-02T15:28:11.180+09:00  INFO 3432 --- [project] [main] o.h.c.internal.RegionFactoryInitiator    : HHH000026: Second-level cache disabled
2025-02-02T15:28:11.770+09:00 DEBUG 3432 --- [project] [main] org.hibernate.type.BasicTypeRegistry     : Adding type registration boolean -> org.hibernate.type.BasicTypeReference@64f4f12
2025-02-02T15:28:11.772+09:00 DEBUG 3432 --- [project] [main] org.hibernate.type.BasicTypeRegistry     : Adding type registration boolean -> org.hibernate.type.BasicTypeReference@64f4f12
2025-02-02T15:28:11.774+09:00 DEBUG 3432 --- [project] [main] org.hibernate.type.BasicTypeRegistry     : Adding type registration java.lang.Boolean -> org.hibernate.type.BasicTypeReference@64f4f12
2025-02-02T15:28:11.775+09:00 DEBUG 3432 --- [project] [main] org.hibernate.type.BasicTypeRegistry     : Adding type registration numeric_boolean -> org.hibernate.type.BasicTypeReference@37d28938
2025-02-02T15:28:11.778+09:00 DEBUG 3432 --- [project] [main] org.hibernate.type.BasicTypeRegistry     : Adding type registration org.hibernate.type.NumericBooleanConverter -> org.hibernate.type.BasicTypeReference@37d28938
2025-02-02T15:28:11.779+09:00 DEBUG 3432 --- [project] [main] org.hibernate.type.BasicTypeRegistry     : Adding type registration true_false -> org.hibernate.type.BasicTypeReference@7d0cd23c
2025-02-02T15:28:11.781+09:00 DEBUG 3432 --- [project] [main] org.hibernate.type.BasicTypeRegistry     : Adding type registration org.hibernate.type.TrueFalseConverter -> org.hibernate.type.BasicTypeReference@7d0cd23c
2025-02-02T15:28:11.782+09:00 DEBUG 3432 --- [project] [main] org.hibernate.type.BasicTypeRegistry     : Adding type registration yes_no -> org.hibernate.type.BasicTypeReference@17c4dc5b
2025-02-02T15:28:11.784+09:00 DEBUG 3432 --- [project] [main] org.hibernate.type.BasicTypeRegistry     : Adding type registration org.hibernate.type.YesNoConverter -> org.hibernate.type.BasicTypeReference@17c4dc5b
2025-02-02T15:28:11.786+09:00 DEBUG 3432 --- [project] [main] org.hibernate.type.BasicTypeRegistry     : Adding type registration byte -> org.hibernate.type.BasicTypeReference@6b0f266e
2025-02-02T15:28:11.787+09:00 DEBUG 3432 --- [project] [main] org.hibernate.type.BasicTypeRegistry     : Adding type registration byte -> org.hibernate.type.BasicTypeReference@6b0f266e
2025-02-02T15:28:11.790+09:00 DEBUG 3432 --- [project] [main] org.hibernate.type.BasicTypeRegistry     : Adding type registration java.lang.Byte -> org.hibernate.type.BasicTypeReference@6b0f266e
2025-02-02T15:28:11.792+09:00 DEBUG 3432 --- [project] [main] org.hibernate.type.BasicTypeRegistry     : Adding type registration binary -> org.hibernate.type.BasicTypeReference@4837f97e
2025-02-02T15:28:11.794+09:00 DEBUG 3432 --- [project] [main] org.hibernate.type.BasicTypeRegistry     : Adding type registration byte[] -> org.hibernate.type.BasicTypeReference@4837f97e
2025-02-02T15:28:11.798+09:00 DEBUG 3432 --- [project] [main] org.hibernate.type.BasicTypeRegistry     : Adding type registration [B -> org.hibernate.type.BasicTypeReference@4837f97e
2025-02-02T15:28:11.800+09:00 DEBUG 3432 --- [project] [main] org.hibernate.type.BasicTypeRegistry     : Adding type registration binary_wrapper -> org.hibernate.type.BasicTypeReference@53314f76
2025-02-02T15:28:11.802+09:00 DEBUG 3432 --- [project] [main] org.hibernate.type.BasicTypeRegistry     : Adding type registration wrapper-binary -> org.hibernate.type.BasicTypeReference@53314f76
2025-02-02T15:28:11.804+09:00 DEBUG 3432 --- [project] [main] org.hibernate.type.BasicTypeRegistry     : Adding type registration image -> org.hibernate.type.BasicTypeReference@62a6674f
2025-02-02T15:28:11.806+09:00 DEBUG 3432 --- [project] [main] org.hibernate.type.BasicTypeRegistry     : Adding type registration blob -> org.hibernate.type.BasicTypeReference@70881123
2025-02-02T15:28:11.809+09:00 DEBUG 3432 --- [project] [main] org.hibernate.type.BasicTypeRegistry     : Adding type registration java.sql.Blob -> org.hibernate.type.BasicTypeReference@70881123
2025-02-02T15:28:11.811+09:00 DEBUG 3432 --- [project] [main] org.hibernate.type.BasicTypeRegistry     : Adding type registration materialized_blob -> org.hibernate.type.BasicTypeReference@703fa45
2025-02-02T15:28:11.814+09:00 DEBUG 3432 --- [project] [main] org.hibernate.type.BasicTypeRegistry     : Adding type registration materialized_blob_wrapper -> org.hibernate.type.BasicTypeReference@5e905f2c
2025-02-02T15:28:11.815+09:00 DEBUG 3432 --- [project] [main] org.hibernate.type.BasicTypeRegistry     : Adding type registration short -> org.hibernate.type.BasicTypeReference@fddd7ae
2025-02-02T15:28:11.817+09:00 DEBUG 3432 --- [project] [main] org.hibernate.type.BasicTypeRegistry     : Adding type registration short -> org.hibernate.type.BasicTypeReference@fddd7ae
2025-02-02T15:28:11.819+09:00 DEBUG 3432 --- [project] [main] org.hibernate.type.BasicTypeRegistry     : Adding type registration java.lang.Short -> org.hibernate.type.BasicTypeReference@fddd7ae
2025-02-02T15:28:11.820+09:00 DEBUG 3432 --- [project] [main] org.hibernate.type.BasicTypeRegistry     : Adding type registration integer -> org.hibernate.type.BasicTypeReference@3f6cce7f
2025-02-02T15:28:11.821+09:00 DEBUG 3432 --- [project] [main] org.hibernate.type.BasicTypeRegistry     : Adding type registration int -> org.hibernate.type.BasicTypeReference@3f6cce7f
2025-02-02T15:28:11.822+09:00 DEBUG 3432 --- [project] [main] org.hibernate.type.BasicTypeRegistry     : Adding type registration java.lang.Integer -> org.hibernate.type.BasicTypeReference@3f6cce7f
2025-02-02T15:28:11.826+09:00 DEBUG 3432 --- [project] [main] org.hibernate.type.BasicTypeRegistry     : Adding type registration long -> org.hibernate.type.BasicTypeReference@2725ca05
2025-02-02T15:28:11.829+09:00 DEBUG 3432 --- [project] [main] org.hibernate.type.BasicTypeRegistry     : Adding type registration long -> org.hibernate.type.BasicTypeReference@2725ca05
2025-02-02T15:28:11.830+09:00 DEBUG 3432 --- [project] [main] org.hibernate.type.BasicTypeRegistry     : Adding type registration java.lang.Long -> org.hibernate.type.BasicTypeReference@2725ca05
2025-02-02T15:28:11.832+09:00 DEBUG 3432 --- [project] [main] org.hibernate.type.BasicTypeRegistry     : Adding type registration float -> org.hibernate.type.BasicTypeReference@7b9088f2
2025-02-02T15:28:11.834+09:00 DEBUG 3432 --- [project] [main] org.hibernate.type.BasicTypeRegistry     : Adding type registration float -> org.hibernate.type.BasicTypeReference@7b9088f2
2025-02-02T15:28:11.835+09:00 DEBUG 3432 --- [project] [main] org.hibernate.type.BasicTypeRegistry     : Adding type registration java.lang.Float -> org.hibernate.type.BasicTypeReference@7b9088f2
2025-02-02T15:28:11.836+09:00 DEBUG 3432 --- [project] [main] org.hibernate.type.BasicTypeRegistry     : Adding type registration double -> org.hibernate.type.BasicTypeReference@1a914089
2025-02-02T15:28:11.838+09:00 DEBUG 3432 --- [project] [main] org.hibernate.type.BasicTypeRegistry     : Adding type registration double -> org.hibernate.type.BasicTypeReference@1a914089
2025-02-02T15:28:11.840+09:00 DEBUG 3432 --- [project] [main] org.hibernate.type.BasicTypeRegistry     : Adding type registration java.lang.Double -> org.hibernate.type.BasicTypeReference@1a914089
2025-02-02T15:28:11.841+09:00 DEBUG 3432 --- [project] [main] org.hibernate.type.BasicTypeRegistry     : Adding type registration big_integer -> org.hibernate.type.BasicTypeReference@43d76a92
2025-02-02T15:28:11.843+09:00 DEBUG 3432 --- [project] [main] org.hibernate.type.BasicTypeRegistry     : Adding type registration java.math.BigInteger -> org.hibernate.type.BasicTypeReference@43d76a92
2025-02-02T15:28:11.844+09:00 DEBUG 3432 --- [project] [main] org.hibernate.type.BasicTypeRegistry     : Adding type registration big_decimal -> org.hibernate.type.BasicTypeReference@4a2bf50f
2025-02-02T15:28:11.845+09:00 DEBUG 3432 --- [project] [main] org.hibernate.type.BasicTypeRegistry     : Adding type registration java.math.BigDecimal -> org.hibernate.type.BasicTypeReference@4a2bf50f
2025-02-02T15:28:11.847+09:00 DEBUG 3432 --- [project] [main] org.hibernate.type.BasicTypeRegistry     : Adding type registration character -> org.hibernate.type.BasicTypeReference@350323a0
2025-02-02T15:28:11.848+09:00 DEBUG 3432 --- [project] [main] org.hibernate.type.BasicTypeRegistry     : Adding type registration char -> org.hibernate.type.BasicTypeReference@350323a0
2025-02-02T15:28:11.849+09:00 DEBUG 3432 --- [project] [main] org.hibernate.type.BasicTypeRegistry     : Adding type registration java.lang.Character -> org.hibernate.type.BasicTypeReference@350323a0
2025-02-02T15:28:11.851+09:00 DEBUG 3432 --- [project] [main] org.hibernate.type.BasicTypeRegistry     : Adding type registration character_nchar -> org.hibernate.type.BasicTypeReference@2506b881
2025-02-02T15:28:11.852+09:00 DEBUG 3432 --- [project] [main] org.hibernate.type.BasicTypeRegistry     : Adding type registration string -> org.hibernate.type.BasicTypeReference@5d7dd549
2025-02-02T15:28:11.854+09:00 DEBUG 3432 --- [project] [main] org.hibernate.type.BasicTypeRegistry     : Adding type registration java.lang.String -> org.hibernate.type.BasicTypeReference@5d7dd549
2025-02-02T15:28:11.856+09:00 DEBUG 3432 --- [project] [main] org.hibernate.type.BasicTypeRegistry     : Adding type registration nstring -> org.hibernate.type.BasicTypeReference@486bd064
2025-02-02T15:28:11.857+09:00 DEBUG 3432 --- [project] [main] org.hibernate.type.BasicTypeRegistry     : Adding type registration characters -> org.hibernate.type.BasicTypeReference@6459f4ea
2025-02-02T15:28:11.859+09:00 DEBUG 3432 --- [project] [main] org.hibernate.type.BasicTypeRegistry     : Adding type registration char[] -> org.hibernate.type.BasicTypeReference@6459f4ea
2025-02-02T15:28:11.861+09:00 DEBUG 3432 --- [project] [main] org.hibernate.type.BasicTypeRegistry     : Adding type registration [C -> org.hibernate.type.BasicTypeReference@6459f4ea
2025-02-02T15:28:11.863+09:00 DEBUG 3432 --- [project] [main] org.hibernate.type.BasicTypeRegistry     : Adding type registration wrapper-characters -> org.hibernate.type.BasicTypeReference@740b9a50
2025-02-02T15:28:11.865+09:00 DEBUG 3432 --- [project] [main] org.hibernate.type.BasicTypeRegistry     : Adding type registration text -> org.hibernate.type.BasicTypeReference@476fde05
2025-02-02T15:28:11.866+09:00 DEBUG 3432 --- [project] [main] org.hibernate.type.BasicTypeRegistry     : Adding type registration ntext -> org.hibernate.type.BasicTypeReference@5111de7c
2025-02-02T15:28:11.868+09:00 DEBUG 3432 --- [project] [main] org.hibernate.type.BasicTypeRegistry     : Adding type registration clob -> org.hibernate.type.BasicTypeReference@7ac48e10
2025-02-02T15:28:11.871+09:00 DEBUG 3432 --- [project] [main] org.hibernate.type.BasicTypeRegistry     : Adding type registration java.sql.Clob -> org.hibernate.type.BasicTypeReference@7ac48e10
2025-02-02T15:28:11.872+09:00 DEBUG 3432 --- [project] [main] org.hibernate.type.BasicTypeRegistry     : Adding type registration nclob -> org.hibernate.type.BasicTypeReference@52354202
2025-02-02T15:28:11.874+09:00 DEBUG 3432 --- [project] [main] org.hibernate.type.BasicTypeRegistry     : Adding type registration java.sql.NClob -> org.hibernate.type.BasicTypeReference@52354202
2025-02-02T15:28:11.875+09:00 DEBUG 3432 --- [project] [main] org.hibernate.type.BasicTypeRegistry     : Adding type registration materialized_clob -> org.hibernate.type.BasicTypeReference@6b1321b7
2025-02-02T15:28:11.877+09:00 DEBUG 3432 --- [project] [main] org.hibernate.type.BasicTypeRegistry     : Adding type registration materialized_clob_char_array -> org.hibernate.type.BasicTypeReference@342ee097
2025-02-02T15:28:11.879+09:00 DEBUG 3432 --- [project] [main] org.hibernate.type.BasicTypeRegistry     : Adding type registration materialized_clob_character_array -> org.hibernate.type.BasicTypeReference@6ac45c0c
2025-02-02T15:28:11.880+09:00 DEBUG 3432 --- [project] [main] org.hibernate.type.BasicTypeRegistry     : Adding type registration materialized_nclob -> org.hibernate.type.BasicTypeReference@12192604
2025-02-02T15:28:11.882+09:00 DEBUG 3432 --- [project] [main] org.hibernate.type.BasicTypeRegistry     : Adding type registration materialized_nclob_character_array -> org.hibernate.type.BasicTypeReference@6075b369
2025-02-02T15:28:11.884+09:00 DEBUG 3432 --- [project] [main] org.hibernate.type.BasicTypeRegistry     : Adding type registration materialized_nclob_char_array -> org.hibernate.type.BasicTypeReference@231cdda8
2025-02-02T15:28:11.886+09:00 DEBUG 3432 --- [project] [main] org.hibernate.type.BasicTypeRegistry     : Adding type registration Duration -> org.hibernate.type.BasicTypeReference@6b70d1fb
2025-02-02T15:28:11.888+09:00 DEBUG 3432 --- [project] [main] org.hibernate.type.BasicTypeRegistry     : Adding type registration java.time.Duration -> org.hibernate.type.BasicTypeReference@6b70d1fb
2025-02-02T15:28:11.889+09:00 DEBUG 3432 --- [project] [main] org.hibernate.type.BasicTypeRegistry     : Adding type registration LocalDateTime -> org.hibernate.type.BasicTypeReference@3002e397
2025-02-02T15:28:11.891+09:00 DEBUG 3432 --- [project] [main] org.hibernate.type.BasicTypeRegistry     : Adding type registration java.time.LocalDateTime -> org.hibernate.type.BasicTypeReference@3002e397
2025-02-02T15:28:11.892+09:00 DEBUG 3432 --- [project] [main] org.hibernate.type.BasicTypeRegistry     : Adding type registration LocalDate -> org.hibernate.type.BasicTypeReference@7da1e005
2025-02-02T15:28:11.894+09:00 DEBUG 3432 --- [project] [main] org.hibernate.type.BasicTypeRegistry     : Adding type registration java.time.LocalDate -> org.hibernate.type.BasicTypeReference@7da1e005
2025-02-02T15:28:11.896+09:00 DEBUG 3432 --- [project] [main] org.hibernate.type.BasicTypeRegistry     : Adding type registration LocalTime -> org.hibernate.type.BasicTypeReference@38159384
2025-02-02T15:28:11.910+09:00 DEBUG 3432 --- [project] [main] org.hibernate.type.BasicTypeRegistry     : Adding type registration java.time.LocalTime -> org.hibernate.type.BasicTypeReference@38159384
2025-02-02T15:28:11.913+09:00 DEBUG 3432 --- [project] [main] org.hibernate.type.BasicTypeRegistry     : Adding type registration OffsetDateTime -> org.hibernate.type.BasicTypeReference@55877274
2025-02-02T15:28:11.916+09:00 DEBUG 3432 --- [project] [main] org.hibernate.type.BasicTypeRegistry     : Adding type registration java.time.OffsetDateTime -> org.hibernate.type.BasicTypeReference@55877274
2025-02-02T15:28:11.923+09:00 DEBUG 3432 --- [project] [main] org.hibernate.type.BasicTypeRegistry     : Adding type registration OffsetDateTimeWithTimezone -> org.hibernate.type.BasicTypeReference@723e2d08
2025-02-02T15:28:11.926+09:00 DEBUG 3432 --- [project] [main] org.hibernate.type.BasicTypeRegistry     : Adding type registration OffsetDateTimeWithoutTimezone -> org.hibernate.type.BasicTypeReference@6d4a82
2025-02-02T15:28:11.927+09:00 DEBUG 3432 --- [project] [main] org.hibernate.type.BasicTypeRegistry     : Adding type registration OffsetTime -> org.hibernate.type.BasicTypeReference@14f060b8
2025-02-02T15:28:11.929+09:00 DEBUG 3432 --- [project] [main] org.hibernate.type.BasicTypeRegistry     : Adding type registration java.time.OffsetTime -> org.hibernate.type.BasicTypeReference@14f060b8
2025-02-02T15:28:11.931+09:00 DEBUG 3432 --- [project] [main] org.hibernate.type.BasicTypeRegistry     : Adding type registration OffsetTimeUtc -> org.hibernate.type.BasicTypeReference@7a0ab480
2025-02-02T15:28:11.932+09:00 DEBUG 3432 --- [project] [main] org.hibernate.type.BasicTypeRegistry     : Adding type registration OffsetTimeWithTimezone -> org.hibernate.type.BasicTypeReference@79df80a4
2025-02-02T15:28:11.935+09:00 DEBUG 3432 --- [project] [main] org.hibernate.type.BasicTypeRegistry     : Adding type registration OffsetTimeWithoutTimezone -> org.hibernate.type.BasicTypeReference@130cfc47
2025-02-02T15:28:11.937+09:00 DEBUG 3432 --- [project] [main] org.hibernate.type.BasicTypeRegistry     : Adding type registration ZonedDateTime -> org.hibernate.type.BasicTypeReference@4eeab3e
2025-02-02T15:28:11.939+09:00 DEBUG 3432 --- [project] [main] org.hibernate.type.BasicTypeRegistry     : Adding type registration java.time.ZonedDateTime -> org.hibernate.type.BasicTypeReference@4eeab3e
2025-02-02T15:28:11.941+09:00 DEBUG 3432 --- [project] [main] org.hibernate.type.BasicTypeRegistry     : Adding type registration ZonedDateTimeWithTimezone -> org.hibernate.type.BasicTypeReference@2b6fb197
2025-02-02T15:28:11.943+09:00 DEBUG 3432 --- [project] [main] org.hibernate.type.BasicTypeRegistry     : Adding type registration ZonedDateTimeWithoutTimezone -> org.hibernate.type.BasicTypeReference@2eb0cefe
2025-02-02T15:28:11.946+09:00 DEBUG 3432 --- [project] [main] org.hibernate.type.BasicTypeRegistry     : Adding type registration date -> org.hibernate.type.BasicTypeReference@5a2ae1ab
2025-02-02T15:28:11.948+09:00 DEBUG 3432 --- [project] [main] org.hibernate.type.BasicTypeRegistry     : Adding type registration java.sql.Date -> org.hibernate.type.BasicTypeReference@5a2ae1ab
2025-02-02T15:28:11.952+09:00 DEBUG 3432 --- [project] [main] org.hibernate.type.BasicTypeRegistry     : Adding type registration time -> org.hibernate.type.BasicTypeReference@2bec068b
2025-02-02T15:28:11.955+09:00 DEBUG 3432 --- [project] [main] org.hibernate.type.BasicTypeRegistry     : Adding type registration java.sql.Time -> org.hibernate.type.BasicTypeReference@2bec068b
2025-02-02T15:28:11.956+09:00 DEBUG 3432 --- [project] [main] org.hibernate.type.BasicTypeRegistry     : Adding type registration timestamp -> org.hibernate.type.BasicTypeReference@7d59e968
2025-02-02T15:28:11.957+09:00 DEBUG 3432 --- [project] [main] org.hibernate.type.BasicTypeRegistry     : Adding type registration java.sql.Timestamp -> org.hibernate.type.BasicTypeReference@7d59e968
2025-02-02T15:28:11.961+09:00 DEBUG 3432 --- [project] [main] org.hibernate.type.BasicTypeRegistry     : Adding type registration java.util.Date -> org.hibernate.type.BasicTypeReference@7d59e968
2025-02-02T15:28:11.963+09:00 DEBUG 3432 --- [project] [main] org.hibernate.type.BasicTypeRegistry     : Adding type registration calendar -> org.hibernate.type.BasicTypeReference@55361f03
2025-02-02T15:28:11.966+09:00 DEBUG 3432 --- [project] [main] org.hibernate.type.BasicTypeRegistry     : Adding type registration java.util.Calendar -> org.hibernate.type.BasicTypeReference@55361f03
2025-02-02T15:28:11.968+09:00 DEBUG 3432 --- [project] [main] org.hibernate.type.BasicTypeRegistry     : Adding type registration java.util.GregorianCalendar -> org.hibernate.type.BasicTypeReference@55361f03
2025-02-02T15:28:11.969+09:00 DEBUG 3432 --- [project] [main] org.hibernate.type.BasicTypeRegistry     : Adding type registration calendar_date -> org.hibernate.type.BasicTypeReference@581c9bb7
2025-02-02T15:28:11.971+09:00 DEBUG 3432 --- [project] [main] org.hibernate.type.BasicTypeRegistry     : Adding type registration calendar_time -> org.hibernate.type.BasicTypeReference@138f0661
2025-02-02T15:28:11.974+09:00 DEBUG 3432 --- [project] [main] org.hibernate.type.BasicTypeRegistry     : Adding type registration instant -> org.hibernate.type.BasicTypeReference@212fafd1
2025-02-02T15:28:11.976+09:00 DEBUG 3432 --- [project] [main] org.hibernate.type.BasicTypeRegistry     : Adding type registration java.time.Instant -> org.hibernate.type.BasicTypeReference@212fafd1
2025-02-02T15:28:11.978+09:00 DEBUG 3432 --- [project] [main] org.hibernate.type.BasicTypeRegistry     : Adding type registration uuid -> org.hibernate.type.BasicTypeReference@448462f0
2025-02-02T15:28:11.979+09:00 DEBUG 3432 --- [project] [main] org.hibernate.type.BasicTypeRegistry     : Adding type registration java.util.UUID -> org.hibernate.type.BasicTypeReference@448462f0
2025-02-02T15:28:11.981+09:00 DEBUG 3432 --- [project] [main] org.hibernate.type.BasicTypeRegistry     : Adding type registration pg-uuid -> org.hibernate.type.BasicTypeReference@448462f0
2025-02-02T15:28:11.985+09:00 DEBUG 3432 --- [project] [main] org.hibernate.type.BasicTypeRegistry     : Adding type registration uuid-binary -> org.hibernate.type.BasicTypeReference@787988f4
2025-02-02T15:28:11.987+09:00 DEBUG 3432 --- [project] [main] org.hibernate.type.BasicTypeRegistry     : Adding type registration uuid-char -> org.hibernate.type.BasicTypeReference@132e3594
2025-02-02T15:28:11.988+09:00 DEBUG 3432 --- [project] [main] org.hibernate.type.BasicTypeRegistry     : Adding type registration class -> org.hibernate.type.BasicTypeReference@4f235107
2025-02-02T15:28:11.989+09:00 DEBUG 3432 --- [project] [main] org.hibernate.type.BasicTypeRegistry     : Adding type registration java.lang.Class -> org.hibernate.type.BasicTypeReference@4f235107
2025-02-02T15:28:11.991+09:00 DEBUG 3432 --- [project] [main] org.hibernate.type.BasicTypeRegistry     : Adding type registration currency -> org.hibernate.type.BasicTypeReference@28d739f1
2025-02-02T15:28:11.993+09:00 DEBUG 3432 --- [project] [main] org.hibernate.type.BasicTypeRegistry     : Adding type registration Currency -> org.hibernate.type.BasicTypeReference@28d739f1
2025-02-02T15:28:11.995+09:00 DEBUG 3432 --- [project] [main] org.hibernate.type.BasicTypeRegistry     : Adding type registration java.util.Currency -> org.hibernate.type.BasicTypeReference@28d739f1
2025-02-02T15:28:11.997+09:00 DEBUG 3432 --- [project] [main] org.hibernate.type.BasicTypeRegistry     : Adding type registration locale -> org.hibernate.type.BasicTypeReference@1c5d3a37
2025-02-02T15:28:11.999+09:00 DEBUG 3432 --- [project] [main] org.hibernate.type.BasicTypeRegistry     : Adding type registration java.util.Locale -> org.hibernate.type.BasicTypeReference@1c5d3a37
2025-02-02T15:28:12.000+09:00 DEBUG 3432 --- [project] [main] org.hibernate.type.BasicTypeRegistry     : Adding type registration serializable -> org.hibernate.type.BasicTypeReference@7e3d2ebd
2025-02-02T15:28:12.002+09:00 DEBUG 3432 --- [project] [main] org.hibernate.type.BasicTypeRegistry     : Adding type registration java.io.Serializable -> org.hibernate.type.BasicTypeReference@7e3d2ebd
2025-02-02T15:28:12.003+09:00 DEBUG 3432 --- [project] [main] org.hibernate.type.BasicTypeRegistry     : Adding type registration timezone -> org.hibernate.type.BasicTypeReference@2b43f314
2025-02-02T15:28:12.010+09:00 DEBUG 3432 --- [project] [main] org.hibernate.type.BasicTypeRegistry     : Adding type registration java.util.TimeZone -> org.hibernate.type.BasicTypeReference@2b43f314
2025-02-02T15:28:12.012+09:00 DEBUG 3432 --- [project] [main] org.hibernate.type.BasicTypeRegistry     : Adding type registration ZoneOffset -> org.hibernate.type.BasicTypeReference@3a4a5f3c
2025-02-02T15:28:12.014+09:00 DEBUG 3432 --- [project] [main] org.hibernate.type.BasicTypeRegistry     : Adding type registration java.time.ZoneOffset -> org.hibernate.type.BasicTypeReference@3a4a5f3c
2025-02-02T15:28:12.016+09:00 DEBUG 3432 --- [project] [main] org.hibernate.type.BasicTypeRegistry     : Adding type registration url -> org.hibernate.type.BasicTypeReference@4f3356c0
2025-02-02T15:28:12.018+09:00 DEBUG 3432 --- [project] [main] org.hibernate.type.BasicTypeRegistry     : Adding type registration java.net.URL -> org.hibernate.type.BasicTypeReference@4f3356c0
2025-02-02T15:28:12.019+09:00 DEBUG 3432 --- [project] [main] org.hibernate.type.BasicTypeRegistry     : Adding type registration vector -> org.hibernate.type.BasicTypeReference@586cc15d
2025-02-02T15:28:12.020+09:00 DEBUG 3432 --- [project] [main] org.hibernate.type.BasicTypeRegistry     : Adding type registration float_vector -> org.hibernate.type.BasicTypeReference@6c835217
2025-02-02T15:28:12.021+09:00 DEBUG 3432 --- [project] [main] org.hibernate.type.BasicTypeRegistry     : Adding type registration double_vector -> org.hibernate.type.BasicTypeReference@4584304
2025-02-02T15:28:12.022+09:00 DEBUG 3432 --- [project] [main] org.hibernate.type.BasicTypeRegistry     : Adding type registration byte_vector -> org.hibernate.type.BasicTypeReference@51888019
2025-02-02T15:28:12.023+09:00 DEBUG 3432 --- [project] [main] org.hibernate.type.BasicTypeRegistry     : Adding type registration row_version -> org.hibernate.type.BasicTypeReference@6f50d55c
2025-02-02T15:28:12.062+09:00 DEBUG 3432 --- [project] [main] org.hibernate.type.BasicTypeRegistry     : Adding type registration object -> org.hibernate.type.JavaObjectType@72c9ebfa
2025-02-02T15:28:12.065+09:00 DEBUG 3432 --- [project] [main] org.hibernate.type.BasicTypeRegistry     : Adding type registration java.lang.Object -> org.hibernate.type.JavaObjectType@72c9ebfa
2025-02-02T15:28:12.080+09:00 DEBUG 3432 --- [project] [main] org.hibernate.type.BasicTypeRegistry     : Adding type registration null -> org.hibernate.type.NullType@21e5f0b6
2025-02-02T15:28:12.082+09:00 DEBUG 3432 --- [project] [main] org.hibernate.type.BasicTypeRegistry     : Adding type registration imm_date -> org.hibernate.type.BasicTypeReference@93bf0e0
2025-02-02T15:28:12.083+09:00 DEBUG 3432 --- [project] [main] org.hibernate.type.BasicTypeRegistry     : Adding type registration imm_time -> org.hibernate.type.BasicTypeReference@4981d95b
2025-02-02T15:28:12.085+09:00 DEBUG 3432 --- [project] [main] org.hibernate.type.BasicTypeRegistry     : Adding type registration imm_timestamp -> org.hibernate.type.BasicTypeReference@656842bc
2025-02-02T15:28:12.087+09:00 DEBUG 3432 --- [project] [main] org.hibernate.type.BasicTypeRegistry     : Adding type registration imm_calendar -> org.hibernate.type.BasicTypeReference@6b867ee7
2025-02-02T15:28:12.090+09:00 DEBUG 3432 --- [project] [main] org.hibernate.type.BasicTypeRegistry     : Adding type registration imm_calendar_date -> org.hibernate.type.BasicTypeReference@3dec3f87
2025-02-02T15:28:12.094+09:00 DEBUG 3432 --- [project] [main] org.hibernate.type.BasicTypeRegistry     : Adding type registration imm_calendar_time -> org.hibernate.type.BasicTypeReference@7a606260
2025-02-02T15:28:12.097+09:00 DEBUG 3432 --- [project] [main] org.hibernate.type.BasicTypeRegistry     : Adding type registration imm_binary -> org.hibernate.type.BasicTypeReference@5dbab232
2025-02-02T15:28:12.107+09:00 DEBUG 3432 --- [project] [main] org.hibernate.type.BasicTypeRegistry     : Adding type registration imm_serializable -> org.hibernate.type.BasicTypeReference@5939e24
2025-02-02T15:28:13.883+09:00  INFO 3432 --- [project] [main] o.s.o.j.p.SpringPersistenceUnitInfo      : No LoadTimeWeaver setup: ignoring JPA class transformer
2025-02-02T15:28:14.159+09:00  INFO 3432 --- [project] [main] com.zaxxer.hikari.HikariDataSource       : HikariPool-1 - Starting...
2025-02-02T15:28:15.526+09:00  INFO 3432 --- [project] [main] com.zaxxer.hikari.pool.HikariPool        : HikariPool-1 - Added connection conn0: url=jdbc:h2:mem:test user=SA
2025-02-02T15:28:15.539+09:00  INFO 3432 --- [project] [main] com.zaxxer.hikari.HikariDataSource       : HikariPool-1 - Start completed.
2025-02-02T15:28:15.954+09:00  INFO 3432 --- [project] [main] org.hibernate.orm.connections.pooling    : HHH10001005: Database info:
	Database JDBC URL [Connecting through datasource 'HikariDataSource (HikariPool-1)']
	Database driver: undefined/unknown
	Database version: 2.3.232
	Autocommit mode: undefined/unknown
	Isolation level: undefined/unknown
	Minimum pool size: undefined/unknown
	Maximum pool size: undefined/unknown
2025-02-02T15:28:16.032+09:00 DEBUG 3432 --- [project] [main] o.h.t.d.jdbc.spi.JdbcTypeRegistry        : addDescriptor(NCharTypeDescriptor) replaced previous registration(CharTypeDescriptor)
2025-02-02T15:28:16.034+09:00 DEBUG 3432 --- [project] [main] o.h.t.d.jdbc.spi.JdbcTypeRegistry        : addDescriptor(NVarcharTypeDescriptor) replaced previous registration(VarcharTypeDescriptor)
2025-02-02T15:28:16.038+09:00 DEBUG 3432 --- [project] [main] o.h.t.d.jdbc.spi.JdbcTypeRegistry        : addDescriptor(LongNVarcharTypeDescriptor) replaced previous registration(LongVarcharTypeDescriptor)
2025-02-02T15:28:16.060+09:00 DEBUG 3432 --- [project] [main] o.h.t.d.jdbc.spi.JdbcTypeRegistry        : addDescriptor(NClobTypeDescriptor(DEFAULT)) replaced previous registration(ClobTypeDescriptor(DEFAULT))
2025-02-02T15:28:16.069+09:00 DEBUG 3432 --- [project] [main] o.h.t.d.jdbc.spi.JdbcTypeRegistry        : addDescriptor(TimestampUtcDescriptor) replaced previous registration(TimestampUtcDescriptor)
2025-02-02T15:28:16.109+09:00 DEBUG 3432 --- [project] [main] org.hibernate.type.BasicTypeRegistry     : Adding type registration org.hibernate.type.DurationType -> basicType@1(java.time.Duration,3015)
2025-02-02T15:28:16.111+09:00 DEBUG 3432 --- [project] [main] org.hibernate.type.BasicTypeRegistry     : Adding type registration Duration -> basicType@1(java.time.Duration,3015)
2025-02-02T15:28:16.113+09:00 DEBUG 3432 --- [project] [main] org.hibernate.type.BasicTypeRegistry     : Adding type registration java.time.Duration -> basicType@1(java.time.Duration,3015)
2025-02-02T15:28:16.136+09:00 DEBUG 3432 --- [project] [main] o.h.type.spi.TypeConfiguration$Scope     : Scoping TypeConfiguration [org.hibernate.type.spi.TypeConfiguration@cf9bd1e] to MetadataBuildingContext [org.hibernate.boot.internal.MetadataBuildingContextRootImpl@39acd1f1]
2025-02-02T15:28:22.447+09:00  INFO 3432 --- [project] [main] o.h.e.t.j.p.i.JtaPlatformInitiator       : HHH000489: No JTA platform available (set 'hibernate.transaction.jta.platform' to enable JTA platform integration)
2025-02-02T15:28:22.453+09:00 DEBUG 3432 --- [project] [main] o.h.type.spi.TypeConfiguration$Scope     : Scoping TypeConfiguration [org.hibernate.type.spi.TypeConfiguration@cf9bd1e] to SessionFactoryImplementor [org.hibernate.internal.SessionFactoryImpl@18301763]
2025-02-02T15:28:22.730+09:00 TRACE 3432 --- [project] [main] o.h.type.spi.TypeConfiguration$Scope     : Handling #sessionFactoryCreated from [org.hibernate.internal.SessionFactoryImpl@18301763] for TypeConfiguration
2025-02-02T15:28:22.733+09:00  INFO 3432 --- [project] [main] j.LocalContainerEntityManagerFactoryBean : Initialized JPA EntityManagerFactory for persistence unit 'default'
2025-02-02T15:28:26.617+09:00  WARN 3432 --- [project] [main] .s.s.UserDetailsServiceAutoConfiguration : 

Using generated security password: f38310f2-c95b-49d6-b423-d37b151365d2

This generated password is for development use only. Your security configuration must be updated before running your application in production.

2025-02-02T15:28:26.708+09:00  INFO 3432 --- [project] [main] r$InitializeUserDetailsManagerConfigurer : Global AuthenticationManager configured with UserDetailsService bean with name inMemoryUserDetailsManager
2025-02-02T15:28:30.084+09:00  INFO 3432 --- [project] [main] o.s.b.a.h2.H2ConsoleAutoConfiguration    : H2 console available at '/h2-console'. Database available at 'jdbc:h2:mem:test'
2025-02-02T15:28:30.592+09:00  INFO 3432 --- [project] [main] o.s.b.w.embedded.tomcat.TomcatWebServer  : Tomcat started on port 8080 (http) with context path '/'
2025-02-02T15:28:30.636+09:00  INFO 3432 --- [project] [main] com.example.project.ProjectApplication   : Started ProjectApplication in 37.855 seconds (process running for 40.987)
2025-02-02T15:28:45.005+09:00  INFO 3432 --- [project] [http-nio-8080-exec-1] o.a.c.c.C.[Tomcat].[localhost].[/]       : Initializing Spring DispatcherServlet 'dispatcherServlet'
2025-02-02T15:28:45.009+09:00  INFO 3432 --- [project] [http-nio-8080-exec-1] o.s.web.servlet.DispatcherServlet        : Initializing Servlet 'dispatcherServlet'
2025-02-02T15:28:45.038+09:00  INFO 3432 --- [project] [http-nio-8080-exec-1] o.s.web.servlet.DispatcherServlet        : Completed initialization in 24 ms
2025-02-02T15:28:45.313+09:00 ERROR 3432 --- [project] [http-nio-8080-exec-1] o.a.c.c.C.[.[.[/].[dispatcherServlet]    : Servlet.service() for servlet [dispatcherServlet] in context with path [] threw exception

java.lang.NullPointerException: Cannot read the array length because "array" is null
	at java.base/java.util.Arrays.stream(Arrays.java:5528) ~[na:na]
	at com.example.project.global.security.JwtAuthorizationFilter._getCookie(JwtAuthorizationFilter.java:49) ~[classes/:na]
	at com.example.project.global.security.JwtAuthorizationFilter.doFilterInternal(JwtAuthorizationFilter.java:31) ~[classes/:na]
	at org.springframework.web.filter.OncePerRequestFilter.doFilter(OncePerRequestFilter.java:116) ~[spring-web-6.2.2.jar:6.2.2]
	at org.springframework.security.web.FilterChainProxy$VirtualFilterChain.doFilter(FilterChainProxy.java:374) ~[spring-security-web-6.4.2.jar:6.4.2]
	at org.springframework.security.web.authentication.logout.LogoutFilter.doFilter(LogoutFilter.java:107) ~[spring-security-web-6.4.2.jar:6.4.2]
	at org.springframework.security.web.authentication.logout.LogoutFilter.doFilter(LogoutFilter.java:93) ~[spring-security-web-6.4.2.jar:6.4.2]
	at org.springframework.security.web.FilterChainProxy$VirtualFilterChain.doFilter(FilterChainProxy.java:374) ~[spring-security-web-6.4.2.jar:6.4.2]
	at org.springframework.security.web.header.HeaderWriterFilter.doHeadersAfter(HeaderWriterFilter.java:90) ~[spring-security-web-6.4.2.jar:6.4.2]
	at org.springframework.security.web.header.HeaderWriterFilter.doFilterInternal(HeaderWriterFilter.java:75) ~[spring-security-web-6.4.2.jar:6.4.2]
	at org.springframework.web.filter.OncePerRequestFilter.doFilter(OncePerRequestFilter.java:116) ~[spring-web-6.2.2.jar:6.2.2]
	at org.springframework.security.web.FilterChainProxy$VirtualFilterChain.doFilter(FilterChainProxy.java:374) ~[spring-security-web-6.4.2.jar:6.4.2]
	at org.springframework.security.web.context.SecurityContextHolderFilter.doFilter(SecurityContextHolderFilter.java:82) ~[spring-security-web-6.4.2.jar:6.4.2]
	at org.springframework.security.web.context.SecurityContextHolderFilter.doFilter(SecurityContextHolderFilter.java:69) ~[spring-security-web-6.4.2.jar:6.4.2]
	at org.springframework.security.web.FilterChainProxy$VirtualFilterChain.doFilter(FilterChainProxy.java:374) ~[spring-security-web-6.4.2.jar:6.4.2]
	at org.springframework.security.web.context.request.async.WebAsyncManagerIntegrationFilter.doFilterInternal(WebAsyncManagerIntegrationFilter.java:62) ~[spring-security-web-6.4.2.jar:6.4.2]
	at org.springframework.web.filter.OncePerRequestFilter.doFilter(OncePerRequestFilter.java:116) ~[spring-web-6.2.2.jar:6.2.2]
	at org.springframework.security.web.FilterChainProxy$VirtualFilterChain.doFilter(FilterChainProxy.java:374) ~[spring-security-web-6.4.2.jar:6.4.2]
	at org.springframework.security.web.session.DisableEncodeUrlFilter.doFilterInternal(DisableEncodeUrlFilter.java:42) ~[spring-security-web-6.4.2.jar:6.4.2]
	at org.springframework.web.filter.OncePerRequestFilter.doFilter(OncePerRequestFilter.java:116) ~[spring-web-6.2.2.jar:6.2.2]
	at org.springframework.security.web.FilterChainProxy$VirtualFilterChain.doFilter(FilterChainProxy.java:374) ~[spring-security-web-6.4.2.jar:6.4.2]
	at org.springframework.security.web.FilterChainProxy.doFilterInternal(FilterChainProxy.java:233) ~[spring-security-web-6.4.2.jar:6.4.2]
	at org.springframework.security.web.FilterChainProxy.doFilter(FilterChainProxy.java:191) ~[spring-security-web-6.4.2.jar:6.4.2]
	at org.springframework.web.filter.CompositeFilter$VirtualFilterChain.doFilter(CompositeFilter.java:113) ~[spring-web-6.2.2.jar:6.2.2]
	at org.springframework.web.servlet.handler.HandlerMappingIntrospector.lambda$createCacheFilter$3(HandlerMappingIntrospector.java:243) ~[spring-webmvc-6.2.2.jar:6.2.2]
	at org.springframework.web.filter.CompositeFilter$VirtualFilterChain.doFilter(CompositeFilter.java:113) ~[spring-web-6.2.2.jar:6.2.2]
	at org.springframework.web.filter.CompositeFilter.doFilter(CompositeFilter.java:74) ~[spring-web-6.2.2.jar:6.2.2]
	at org.springframework.security.config.annotation.web.configuration.WebMvcSecurityConfiguration$CompositeFilterChainProxy.doFilter(WebMvcSecurityConfiguration.java:238) ~[spring-security-config-6.4.2.jar:6.4.2]
	at org.springframework.web.filter.DelegatingFilterProxy.invokeDelegate(DelegatingFilterProxy.java:362) ~[spring-web-6.2.2.jar:6.2.2]
	at org.springframework.web.filter.DelegatingFilterProxy.doFilter(DelegatingFilterProxy.java:278) ~[spring-web-6.2.2.jar:6.2.2]
	at org.apache.catalina.core.ApplicationFilterChain.internalDoFilter(ApplicationFilterChain.java:164) ~[tomcat-embed-core-10.1.34.jar:10.1.34]
	at org.apache.catalina.core.ApplicationFilterChain.doFilter(ApplicationFilterChain.java:140) ~[tomcat-embed-core-10.1.34.jar:10.1.34]
	at org.springframework.web.filter.RequestContextFilter.doFilterInternal(RequestContextFilter.java:100) ~[spring-web-6.2.2.jar:6.2.2]
	at org.springframework.web.filter.OncePerRequestFilter.doFilter(OncePerRequestFilter.java:116) ~[spring-web-6.2.2.jar:6.2.2]
	at org.apache.catalina.core.ApplicationFilterChain.internalDoFilter(ApplicationFilterChain.java:164) ~[tomcat-embed-core-10.1.34.jar:10.1.34]
	at org.apache.catalina.core.ApplicationFilterChain.doFilter(ApplicationFilterChain.java:140) ~[tomcat-embed-core-10.1.34.jar:10.1.34]
	at org.springframework.web.filter.FormContentFilter.doFilterInternal(FormContentFilter.java:93) ~[spring-web-6.2.2.jar:6.2.2]
	at org.springframework.web.filter.OncePerRequestFilter.doFilter(OncePerRequestFilter.java:116) ~[spring-web-6.2.2.jar:6.2.2]
	at org.apache.catalina.core.ApplicationFilterChain.internalDoFilter(ApplicationFilterChain.java:164) ~[tomcat-embed-core-10.1.34.jar:10.1.34]
	at org.apache.catalina.core.ApplicationFilterChain.doFilter(ApplicationFilterChain.java:140) ~[tomcat-embed-core-10.1.34.jar:10.1.34]
	at org.springframework.web.filter.CharacterEncodingFilter.doFilterInternal(CharacterEncodingFilter.java:201) ~[spring-web-6.2.2.jar:6.2.2]
	at org.springframework.web.filter.OncePerRequestFilter.doFilter(OncePerRequestFilter.java:116) ~[spring-web-6.2.2.jar:6.2.2]
	at org.apache.catalina.core.ApplicationFilterChain.internalDoFilter(ApplicationFilterChain.java:164) ~[tomcat-embed-core-10.1.34.jar:10.1.34]
	at org.apache.catalina.core.ApplicationFilterChain.doFilter(ApplicationFilterChain.java:140) ~[tomcat-embed-core-10.1.34.jar:10.1.34]
	at org.apache.catalina.core.StandardWrapperValve.invoke(StandardWrapperValve.java:167) ~[tomcat-embed-core-10.1.34.jar:10.1.34]
	at org.apache.catalina.core.StandardContextValve.invoke(StandardContextValve.java:90) ~[tomcat-embed-core-10.1.34.jar:10.1.34]
	at org.apache.catalina.authenticator.AuthenticatorBase.invoke(AuthenticatorBase.java:483) ~[tomcat-embed-core-10.1.34.jar:10.1.34]
	at org.apache.catalina.core.StandardHostValve.invoke(StandardHostValve.java:115) ~[tomcat-embed-core-10.1.34.jar:10.1.34]
	at org.apache.catalina.valves.ErrorReportValve.invoke(ErrorReportValve.java:93) ~[tomcat-embed-core-10.1.34.jar:10.1.34]
	at org.apache.catalina.core.StandardEngineValve.invoke(StandardEngineValve.java:74) ~[tomcat-embed-core-10.1.34.jar:10.1.34]
	at org.apache.catalina.connector.CoyoteAdapter.service(CoyoteAdapter.java:344) ~[tomcat-embed-core-10.1.34.jar:10.1.34]
	at org.apache.coyote.http11.Http11Processor.service(Http11Processor.java:397) ~[tomcat-embed-core-10.1.34.jar:10.1.34]
	at org.apache.coyote.AbstractProcessorLight.process(AbstractProcessorLight.java:63) ~[tomcat-embed-core-10.1.34.jar:10.1.34]
	at org.apache.coyote.AbstractProtocol$ConnectionHandler.process(AbstractProtocol.java:905) ~[tomcat-embed-core-10.1.34.jar:10.1.34]
	at org.apache.tomcat.util.net.NioEndpoint$SocketProcessor.doRun(NioEndpoint.java:1741) ~[tomcat-embed-core-10.1.34.jar:10.1.34]
	at org.apache.tomcat.util.net.SocketProcessorBase.run(SocketProcessorBase.java:52) ~[tomcat-embed-core-10.1.34.jar:10.1.34]
	at org.apache.tomcat.util.threads.ThreadPoolExecutor.runWorker(ThreadPoolExecutor.java:1190) ~[tomcat-embed-core-10.1.34.jar:10.1.34]
	at org.apache.tomcat.util.threads.ThreadPoolExecutor$Worker.run(ThreadPoolExecutor.java:659) ~[tomcat-embed-core-10.1.34.jar:10.1.34]
	at org.apache.tomcat.util.threads.TaskThread$WrappingRunnable.run(TaskThread.java:63) ~[tomcat-embed-core-10.1.34.jar:10.1.34]
	at java.base/java.lang.Thread.run(Thread.java:1583) ~[na:na]

2025-02-02T15:28:57.433+09:00 ERROR 3432 --- [project] [http-nio-8080-exec-2] o.a.c.c.C.[.[.[/].[dispatcherServlet]    : Servlet.service() for servlet [dispatcherServlet] in context with path [] threw exception [Request processing failed: java.util.NoSuchElementException: No member found with email: blueblue987@naver.com] with root cause

java.util.NoSuchElementException: No member found with email: blueblue987@naver.com
	at com.example.project.domain.member.service.MemberService.getMember(MemberService.java:47) ~[classes/:na]
	at com.example.project.domain.member.controller.ApiV1MemberController.login(ApiV1MemberController.java:43) ~[classes/:na]
	at java.base/jdk.internal.reflect.DirectMethodHandleAccessor.invoke(DirectMethodHandleAccessor.java:103) ~[na:na]
	at java.base/java.lang.reflect.Method.invoke(Method.java:580) ~[na:na]
	at org.springframework.web.method.support.InvocableHandlerMethod.doInvoke(InvocableHandlerMethod.java:257) ~[spring-web-6.2.2.jar:6.2.2]
	at org.springframework.web.method.support.InvocableHandlerMethod.invokeForRequest(InvocableHandlerMethod.java:190) ~[spring-web-6.2.2.jar:6.2.2]
	at org.springframework.web.servlet.mvc.method.annotation.ServletInvocableHandlerMethod.invokeAndHandle(ServletInvocableHandlerMethod.java:118) ~[spring-webmvc-6.2.2.jar:6.2.2]
	at org.springframework.web.servlet.mvc.method.annotation.RequestMappingHandlerAdapter.invokeHandlerMethod(RequestMappingHandlerAdapter.java:986) ~[spring-webmvc-6.2.2.jar:6.2.2]
	at org.springframework.web.servlet.mvc.method.annotation.RequestMappingHandlerAdapter.handleInternal(RequestMappingHandlerAdapter.java:891) ~[spring-webmvc-6.2.2.jar:6.2.2]
	at org.springframework.web.servlet.mvc.method.AbstractHandlerMethodAdapter.handle(AbstractHandlerMethodAdapter.java:87) ~[spring-webmvc-6.2.2.jar:6.2.2]
	at org.springframework.web.servlet.DispatcherServlet.doDispatch(DispatcherServlet.java:1088) ~[spring-webmvc-6.2.2.jar:6.2.2]
	at org.springframework.web.servlet.DispatcherServlet.doService(DispatcherServlet.java:978) ~[spring-webmvc-6.2.2.jar:6.2.2]
	at org.springframework.web.servlet.FrameworkServlet.processRequest(FrameworkServlet.java:1014) ~[spring-webmvc-6.2.2.jar:6.2.2]
	at org.springframework.web.servlet.FrameworkServlet.doPost(FrameworkServlet.java:914) ~[spring-webmvc-6.2.2.jar:6.2.2]
	at jakarta.servlet.http.HttpServlet.service(HttpServlet.java:590) ~[tomcat-embed-core-10.1.34.jar:6.0]
	at org.springframework.web.servlet.FrameworkServlet.service(FrameworkServlet.java:885) ~[spring-webmvc-6.2.2.jar:6.2.2]
	at jakarta.servlet.http.HttpServlet.service(HttpServlet.java:658) ~[tomcat-embed-core-10.1.34.jar:6.0]
	at org.apache.catalina.core.ApplicationFilterChain.internalDoFilter(ApplicationFilterChain.java:195) ~[tomcat-embed-core-10.1.34.jar:10.1.34]
	at org.apache.catalina.core.ApplicationFilterChain.doFilter(ApplicationFilterChain.java:140) ~[tomcat-embed-core-10.1.34.jar:10.1.34]
	at org.apache.tomcat.websocket.server.WsFilter.doFilter(WsFilter.java:51) ~[tomcat-embed-websocket-10.1.34.jar:10.1.34]
	at org.apache.catalina.core.ApplicationFilterChain.internalDoFilter(ApplicationFilterChain.java:164) ~[tomcat-embed-core-10.1.34.jar:10.1.34]
	at org.apache.catalina.core.ApplicationFilterChain.doFilter(ApplicationFilterChain.java:140) ~[tomcat-embed-core-10.1.34.jar:10.1.34]
	at org.springframework.web.filter.OncePerRequestFilter.doFilter(OncePerRequestFilter.java:110) ~[spring-web-6.2.2.jar:6.2.2]
	at org.apache.catalina.core.ApplicationFilterChain.internalDoFilter(ApplicationFilterChain.java:164) ~[tomcat-embed-core-10.1.34.jar:10.1.34]
	at org.apache.catalina.core.ApplicationFilterChain.doFilter(ApplicationFilterChain.java:140) ~[tomcat-embed-core-10.1.34.jar:10.1.34]
	at org.springframework.web.filter.CompositeFilter$VirtualFilterChain.doFilter(CompositeFilter.java:108) ~[spring-web-6.2.2.jar:6.2.2]
	at org.springframework.security.web.FilterChainProxy.lambda$doFilterInternal$3(FilterChainProxy.java:231) ~[spring-security-web-6.4.2.jar:6.4.2]
	at org.springframework.security.web.FilterChainProxy$VirtualFilterChain.doFilter(FilterChainProxy.java:365) ~[spring-security-web-6.4.2.jar:6.4.2]
	at org.springframework.security.web.access.intercept.AuthorizationFilter.doFilter(AuthorizationFilter.java:101) ~[spring-security-web-6.4.2.jar:6.4.2]
	at org.springframework.security.web.FilterChainProxy$VirtualFilterChain.doFilter(FilterChainProxy.java:374) ~[spring-security-web-6.4.2.jar:6.4.2]
	at org.springframework.security.web.access.ExceptionTranslationFilter.doFilter(ExceptionTranslationFilter.java:126) ~[spring-security-web-6.4.2.jar:6.4.2]
	at org.springframework.security.web.access.ExceptionTranslationFilter.doFilter(ExceptionTranslationFilter.java:120) ~[spring-security-web-6.4.2.jar:6.4.2]
	at org.springframework.security.web.FilterChainProxy$VirtualFilterChain.doFilter(FilterChainProxy.java:374) ~[spring-security-web-6.4.2.jar:6.4.2]
	at org.springframework.security.web.session.SessionManagementFilter.doFilter(SessionManagementFilter.java:131) ~[spring-security-web-6.4.2.jar:6.4.2]
	at org.springframework.security.web.session.SessionManagementFilter.doFilter(SessionManagementFilter.java:85) ~[spring-security-web-6.4.2.jar:6.4.2]
	at org.springframework.security.web.FilterChainProxy$VirtualFilterChain.doFilter(FilterChainProxy.java:374) ~[spring-security-web-6.4.2.jar:6.4.2]
	at org.springframework.security.web.authentication.AnonymousAuthenticationFilter.doFilter(AnonymousAuthenticationFilter.java:100) ~[spring-security-web-6.4.2.jar:6.4.2]
	at org.springframework.security.web.FilterChainProxy$VirtualFilterChain.doFilter(FilterChainProxy.java:374) ~[spring-security-web-6.4.2.jar:6.4.2]
	at org.springframework.security.web.servletapi.SecurityContextHolderAwareRequestFilter.doFilter(SecurityContextHolderAwareRequestFilter.java:179) ~[spring-security-web-6.4.2.jar:6.4.2]
	at org.springframework.security.web.FilterChainProxy$VirtualFilterChain.doFilter(FilterChainProxy.java:374) ~[spring-security-web-6.4.2.jar:6.4.2]
	at org.springframework.security.web.savedrequest.RequestCacheAwareFilter.doFilter(RequestCacheAwareFilter.java:63) ~[spring-security-web-6.4.2.jar:6.4.2]
	at org.springframework.security.web.FilterChainProxy$VirtualFilterChain.doFilter(FilterChainProxy.java:374) ~[spring-security-web-6.4.2.jar:6.4.2]
	at com.example.project.global.security.JwtAuthorizationFilter.doFilterInternal(JwtAuthorizationFilter.java:28) ~[classes/:na]
	at org.springframework.web.filter.OncePerRequestFilter.doFilter(OncePerRequestFilter.java:116) ~[spring-web-6.2.2.jar:6.2.2]
	at org.springframework.security.web.FilterChainProxy$VirtualFilterChain.doFilter(FilterChainProxy.java:374) ~[spring-security-web-6.4.2.jar:6.4.2]
	at org.springframework.security.web.authentication.logout.LogoutFilter.doFilter(LogoutFilter.java:107) ~[spring-security-web-6.4.2.jar:6.4.2]
	at org.springframework.security.web.authentication.logout.LogoutFilter.doFilter(LogoutFilter.java:93) ~[spring-security-web-6.4.2.jar:6.4.2]
	at org.springframework.security.web.FilterChainProxy$VirtualFilterChain.doFilter(FilterChainProxy.java:374) ~[spring-security-web-6.4.2.jar:6.4.2]
	at org.springframework.security.web.header.HeaderWriterFilter.doHeadersAfter(HeaderWriterFilter.java:90) ~[spring-security-web-6.4.2.jar:6.4.2]
	at org.springframework.security.web.header.HeaderWriterFilter.doFilterInternal(HeaderWriterFilter.java:75) ~[spring-security-web-6.4.2.jar:6.4.2]
	at org.springframework.web.filter.OncePerRequestFilter.doFilter(OncePerRequestFilter.java:116) ~[spring-web-6.2.2.jar:6.2.2]
	at org.springframework.security.web.FilterChainProxy$VirtualFilterChain.doFilter(FilterChainProxy.java:374) ~[spring-security-web-6.4.2.jar:6.4.2]
	at org.springframework.security.web.context.SecurityContextHolderFilter.doFilter(SecurityContextHolderFilter.java:82) ~[spring-security-web-6.4.2.jar:6.4.2]
	at org.springframework.security.web.context.SecurityContextHolderFilter.doFilter(SecurityContextHolderFilter.java:69) ~[spring-security-web-6.4.2.jar:6.4.2]
	at org.springframework.security.web.FilterChainProxy$VirtualFilterChain.doFilter(FilterChainProxy.java:374) ~[spring-security-web-6.4.2.jar:6.4.2]
	at org.springframework.security.web.context.request.async.WebAsyncManagerIntegrationFilter.doFilterInternal(WebAsyncManagerIntegrationFilter.java:62) ~[spring-security-web-6.4.2.jar:6.4.2]
	at org.springframework.web.filter.OncePerRequestFilter.doFilter(OncePerRequestFilter.java:116) ~[spring-web-6.2.2.jar:6.2.2]
	at org.springframework.security.web.FilterChainProxy$VirtualFilterChain.doFilter(FilterChainProxy.java:374) ~[spring-security-web-6.4.2.jar:6.4.2]
	at org.springframework.security.web.session.DisableEncodeUrlFilter.doFilterInternal(DisableEncodeUrlFilter.java:42) ~[spring-security-web-6.4.2.jar:6.4.2]
	at org.springframework.web.filter.OncePerRequestFilter.doFilter(OncePerRequestFilter.java:116) ~[spring-web-6.2.2.jar:6.2.2]
	at org.springframework.security.web.FilterChainProxy$VirtualFilterChain.doFilter(FilterChainProxy.java:374) ~[spring-security-web-6.4.2.jar:6.4.2]
	at org.springframework.security.web.FilterChainProxy.doFilterInternal(FilterChainProxy.java:233) ~[spring-security-web-6.4.2.jar:6.4.2]
	at org.springframework.security.web.FilterChainProxy.doFilter(FilterChainProxy.java:191) ~[spring-security-web-6.4.2.jar:6.4.2]
	at org.springframework.web.filter.CompositeFilter$VirtualFilterChain.doFilter(CompositeFilter.java:113) ~[spring-web-6.2.2.jar:6.2.2]
	at org.springframework.web.servlet.handler.HandlerMappingIntrospector.lambda$createCacheFilter$3(HandlerMappingIntrospector.java:243) ~[spring-webmvc-6.2.2.jar:6.2.2]
	at org.springframework.web.filter.CompositeFilter$VirtualFilterChain.doFilter(CompositeFilter.java:113) ~[spring-web-6.2.2.jar:6.2.2]
	at org.springframework.web.filter.CompositeFilter.doFilter(CompositeFilter.java:74) ~[spring-web-6.2.2.jar:6.2.2]
	at org.springframework.security.config.annotation.web.configuration.WebMvcSecurityConfiguration$CompositeFilterChainProxy.doFilter(WebMvcSecurityConfiguration.java:238) ~[spring-security-config-6.4.2.jar:6.4.2]
	at org.springframework.web.filter.DelegatingFilterProxy.invokeDelegate(DelegatingFilterProxy.java:362) ~[spring-web-6.2.2.jar:6.2.2]
	at org.springframework.web.filter.DelegatingFilterProxy.doFilter(DelegatingFilterProxy.java:278) ~[spring-web-6.2.2.jar:6.2.2]
	at org.apache.catalina.core.ApplicationFilterChain.internalDoFilter(ApplicationFilterChain.java:164) ~[tomcat-embed-core-10.1.34.jar:10.1.34]
	at org.apache.catalina.core.ApplicationFilterChain.doFilter(ApplicationFilterChain.java:140) ~[tomcat-embed-core-10.1.34.jar:10.1.34]
	at org.springframework.web.filter.RequestContextFilter.doFilterInternal(RequestContextFilter.java:100) ~[spring-web-6.2.2.jar:6.2.2]
	at org.springframework.web.filter.OncePerRequestFilter.doFilter(OncePerRequestFilter.java:116) ~[spring-web-6.2.2.jar:6.2.2]
	at org.apache.catalina.core.ApplicationFilterChain.internalDoFilter(ApplicationFilterChain.java:164) ~[tomcat-embed-core-10.1.34.jar:10.1.34]
	at org.apache.catalina.core.ApplicationFilterChain.doFilter(ApplicationFilterChain.java:140) ~[tomcat-embed-core-10.1.34.jar:10.1.34]
	at org.springframework.web.filter.FormContentFilter.doFilterInternal(FormContentFilter.java:93) ~[spring-web-6.2.2.jar:6.2.2]
	at org.springframework.web.filter.OncePerRequestFilter.doFilter(OncePerRequestFilter.java:116) ~[spring-web-6.2.2.jar:6.2.2]
	at org.apache.catalina.core.ApplicationFilterChain.internalDoFilter(ApplicationFilterChain.java:164) ~[tomcat-embed-core-10.1.34.jar:10.1.34]
	at org.apache.catalina.core.ApplicationFilterChain.doFilter(ApplicationFilterChain.java:140) ~[tomcat-embed-core-10.1.34.jar:10.1.34]
	at org.springframework.web.filter.CharacterEncodingFilter.doFilterInternal(CharacterEncodingFilter.java:201) ~[spring-web-6.2.2.jar:6.2.2]
	at org.springframework.web.filter.OncePerRequestFilter.doFilter(OncePerRequestFilter.java:116) ~[spring-web-6.2.2.jar:6.2.2]
	at org.apache.catalina.core.ApplicationFilterChain.internalDoFilter(ApplicationFilterChain.java:164) ~[tomcat-embed-core-10.1.34.jar:10.1.34]
	at org.apache.catalina.core.ApplicationFilterChain.doFilter(ApplicationFilterChain.java:140) ~[tomcat-embed-core-10.1.34.jar:10.1.34]
	at org.apache.catalina.core.StandardWrapperValve.invoke(StandardWrapperValve.java:167) ~[tomcat-embed-core-10.1.34.jar:10.1.34]
	at org.apache.catalina.core.StandardContextValve.invoke(StandardContextValve.java:90) ~[tomcat-embed-core-10.1.34.jar:10.1.34]
	at org.apache.catalina.authenticator.AuthenticatorBase.invoke(AuthenticatorBase.java:483) ~[tomcat-embed-core-10.1.34.jar:10.1.34]
	at org.apache.catalina.core.StandardHostValve.invoke(StandardHostValve.java:115) ~[tomcat-embed-core-10.1.34.jar:10.1.34]
	at org.apache.catalina.valves.ErrorReportValve.invoke(ErrorReportValve.java:93) ~[tomcat-embed-core-10.1.34.jar:10.1.34]
	at org.apache.catalina.core.StandardEngineValve.invoke(StandardEngineValve.java:74) ~[tomcat-embed-core-10.1.34.jar:10.1.34]
	at org.apache.catalina.connector.CoyoteAdapter.service(CoyoteAdapter.java:344) ~[tomcat-embed-core-10.1.34.jar:10.1.34]
	at org.apache.coyote.http11.Http11Processor.service(Http11Processor.java:397) ~[tomcat-embed-core-10.1.34.jar:10.1.34]
	at org.apache.coyote.AbstractProcessorLight.process(AbstractProcessorLight.java:63) ~[tomcat-embed-core-10.1.34.jar:10.1.34]
	at org.apache.coyote.AbstractProtocol$ConnectionHandler.process(AbstractProtocol.java:905) ~[tomcat-embed-core-10.1.34.jar:10.1.34]
	at org.apache.tomcat.util.net.NioEndpoint$SocketProcessor.doRun(NioEndpoint.java:1741) ~[tomcat-embed-core-10.1.34.jar:10.1.34]
	at org.apache.tomcat.util.net.SocketProcessorBase.run(SocketProcessorBase.java:52) ~[tomcat-embed-core-10.1.34.jar:10.1.34]
	at org.apache.tomcat.util.threads.ThreadPoolExecutor.runWorker(ThreadPoolExecutor.java:1190) ~[tomcat-embed-core-10.1.34.jar:10.1.34]
	at org.apache.tomcat.util.threads.ThreadPoolExecutor$Worker.run(ThreadPoolExecutor.java:659) ~[tomcat-embed-core-10.1.34.jar:10.1.34]
	at org.apache.tomcat.util.threads.TaskThread$WrappingRunnable.run(TaskThread.java:63) ~[tomcat-embed-core-10.1.34.jar:10.1.34]
	at java.base/java.lang.Thread.run(Thread.java:1583) ~[na:na]

2025-02-02T15:30:35.413+09:00 ERROR 3432 --- [project] [http-nio-8080-exec-3] o.a.c.c.C.[.[localhost].[/].[h2Console]  : Servlet.service() for servlet [h2Console] in context with path [] threw exception

java.lang.NullPointerException: Cannot read the array length because "array" is null
	at java.base/java.util.Arrays.stream(Arrays.java:5528) ~[na:na]
	at com.example.project.global.security.JwtAuthorizationFilter._getCookie(JwtAuthorizationFilter.java:49) ~[classes/:na]
	at com.example.project.global.security.JwtAuthorizationFilter.doFilterInternal(JwtAuthorizationFilter.java:31) ~[classes/:na]
	at org.springframework.web.filter.OncePerRequestFilter.doFilter(OncePerRequestFilter.java:116) ~[spring-web-6.2.2.jar:6.2.2]
	at org.apache.catalina.core.ApplicationFilterChain.internalDoFilter(ApplicationFilterChain.java:164) ~[tomcat-embed-core-10.1.34.jar:10.1.34]
	at org.apache.catalina.core.ApplicationFilterChain.doFilter(ApplicationFilterChain.java:140) ~[tomcat-embed-core-10.1.34.jar:10.1.34]
	at org.springframework.web.filter.CompositeFilter$VirtualFilterChain.doFilter(CompositeFilter.java:108) ~[spring-web-6.2.2.jar:6.2.2]
	at org.springframework.security.web.FilterChainProxy.lambda$doFilterInternal$3(FilterChainProxy.java:231) ~[spring-security-web-6.4.2.jar:6.4.2]
	at org.springframework.security.web.FilterChainProxy$VirtualFilterChain.doFilter(FilterChainProxy.java:365) ~[spring-security-web-6.4.2.jar:6.4.2]
	at org.springframework.security.web.access.intercept.AuthorizationFilter.doFilter(AuthorizationFilter.java:101) ~[spring-security-web-6.4.2.jar:6.4.2]
	at org.springframework.security.web.FilterChainProxy$VirtualFilterChain.doFilter(FilterChainProxy.java:374) ~[spring-security-web-6.4.2.jar:6.4.2]
	at org.springframework.security.web.access.ExceptionTranslationFilter.doFilter(ExceptionTranslationFilter.java:126) ~[spring-security-web-6.4.2.jar:6.4.2]
	at org.springframework.security.web.access.ExceptionTranslationFilter.doFilter(ExceptionTranslationFilter.java:120) ~[spring-security-web-6.4.2.jar:6.4.2]
	at org.springframework.security.web.FilterChainProxy$VirtualFilterChain.doFilter(FilterChainProxy.java:374) ~[spring-security-web-6.4.2.jar:6.4.2]
	at org.springframework.security.web.authentication.AnonymousAuthenticationFilter.doFilter(AnonymousAuthenticationFilter.java:100) ~[spring-security-web-6.4.2.jar:6.4.2]
	at org.springframework.security.web.FilterChainProxy$VirtualFilterChain.doFilter(FilterChainProxy.java:374) ~[spring-security-web-6.4.2.jar:6.4.2]
	at org.springframework.security.web.servletapi.SecurityContextHolderAwareRequestFilter.doFilter(SecurityContextHolderAwareRequestFilter.java:179) ~[spring-security-web-6.4.2.jar:6.4.2]
	at org.springframework.security.web.FilterChainProxy$VirtualFilterChain.doFilter(FilterChainProxy.java:374) ~[spring-security-web-6.4.2.jar:6.4.2]
	at org.springframework.security.web.savedrequest.RequestCacheAwareFilter.doFilter(RequestCacheAwareFilter.java:63) ~[spring-security-web-6.4.2.jar:6.4.2]
	at org.springframework.security.web.FilterChainProxy$VirtualFilterChain.doFilter(FilterChainProxy.java:374) ~[spring-security-web-6.4.2.jar:6.4.2]
	at org.springframework.security.web.authentication.logout.LogoutFilter.doFilter(LogoutFilter.java:107) ~[spring-security-web-6.4.2.jar:6.4.2]
	at org.springframework.security.web.authentication.logout.LogoutFilter.doFilter(LogoutFilter.java:93) ~[spring-security-web-6.4.2.jar:6.4.2]
	at org.springframework.security.web.FilterChainProxy$VirtualFilterChain.doFilter(FilterChainProxy.java:374) ~[spring-security-web-6.4.2.jar:6.4.2]
	at org.springframework.security.web.csrf.CsrfFilter.doFilterInternal(CsrfFilter.java:117) ~[spring-security-web-6.4.2.jar:6.4.2]
	at org.springframework.web.filter.OncePerRequestFilter.doFilter(OncePerRequestFilter.java:116) ~[spring-web-6.2.2.jar:6.2.2]
	at org.springframework.security.web.FilterChainProxy$VirtualFilterChain.doFilter(FilterChainProxy.java:374) ~[spring-security-web-6.4.2.jar:6.4.2]
	at org.springframework.security.web.header.HeaderWriterFilter.doHeadersAfter(HeaderWriterFilter.java:90) ~[spring-security-web-6.4.2.jar:6.4.2]
	at org.springframework.security.web.header.HeaderWriterFilter.doFilterInternal(HeaderWriterFilter.java:75) ~[spring-security-web-6.4.2.jar:6.4.2]
	at org.springframework.web.filter.OncePerRequestFilter.doFilter(OncePerRequestFilter.java:116) ~[spring-web-6.2.2.jar:6.2.2]
	at org.springframework.security.web.FilterChainProxy$VirtualFilterChain.doFilter(FilterChainProxy.java:374) ~[spring-security-web-6.4.2.jar:6.4.2]
	at org.springframework.security.web.context.SecurityContextHolderFilter.doFilter(SecurityContextHolderFilter.java:82) ~[spring-security-web-6.4.2.jar:6.4.2]
	at org.springframework.security.web.context.SecurityContextHolderFilter.doFilter(SecurityContextHolderFilter.java:69) ~[spring-security-web-6.4.2.jar:6.4.2]
	at org.springframework.security.web.FilterChainProxy$VirtualFilterChain.doFilter(FilterChainProxy.java:374) ~[spring-security-web-6.4.2.jar:6.4.2]
	at org.springframework.security.web.context.request.async.WebAsyncManagerIntegrationFilter.doFilterInternal(WebAsyncManagerIntegrationFilter.java:62) ~[spring-security-web-6.4.2.jar:6.4.2]
	at org.springframework.web.filter.OncePerRequestFilter.doFilter(OncePerRequestFilter.java:116) ~[spring-web-6.2.2.jar:6.2.2]
	at org.springframework.security.web.FilterChainProxy$VirtualFilterChain.doFilter(FilterChainProxy.java:374) ~[spring-security-web-6.4.2.jar:6.4.2]
	at org.springframework.security.web.session.DisableEncodeUrlFilter.doFilterInternal(DisableEncodeUrlFilter.java:42) ~[spring-security-web-6.4.2.jar:6.4.2]
	at org.springframework.web.filter.OncePerRequestFilter.doFilter(OncePerRequestFilter.java:116) ~[spring-web-6.2.2.jar:6.2.2]
	at org.springframework.security.web.FilterChainProxy$VirtualFilterChain.doFilter(FilterChainProxy.java:374) ~[spring-security-web-6.4.2.jar:6.4.2]
	at org.springframework.security.web.FilterChainProxy.doFilterInternal(FilterChainProxy.java:233) ~[spring-security-web-6.4.2.jar:6.4.2]
	at org.springframework.security.web.FilterChainProxy.doFilter(FilterChainProxy.java:191) ~[spring-security-web-6.4.2.jar:6.4.2]
	at org.springframework.web.filter.CompositeFilter$VirtualFilterChain.doFilter(CompositeFilter.java:113) ~[spring-web-6.2.2.jar:6.2.2]
	at org.springframework.web.servlet.handler.HandlerMappingIntrospector.lambda$createCacheFilter$3(HandlerMappingIntrospector.java:243) ~[spring-webmvc-6.2.2.jar:6.2.2]
	at org.springframework.web.filter.CompositeFilter$VirtualFilterChain.doFilter(CompositeFilter.java:113) ~[spring-web-6.2.2.jar:6.2.2]
	at org.springframework.web.filter.CompositeFilter.doFilter(CompositeFilter.java:74) ~[spring-web-6.2.2.jar:6.2.2]
	at org.springframework.security.config.annotation.web.configuration.WebMvcSecurityConfiguration$CompositeFilterChainProxy.doFilter(WebMvcSecurityConfiguration.java:238) ~[spring-security-config-6.4.2.jar:6.4.2]
	at org.springframework.web.filter.DelegatingFilterProxy.invokeDelegate(DelegatingFilterProxy.java:362) ~[spring-web-6.2.2.jar:6.2.2]
	at org.springframework.web.filter.DelegatingFilterProxy.doFilter(DelegatingFilterProxy.java:278) ~[spring-web-6.2.2.jar:6.2.2]
	at org.apache.catalina.core.ApplicationFilterChain.internalDoFilter(ApplicationFilterChain.java:164) ~[tomcat-embed-core-10.1.34.jar:10.1.34]
	at org.apache.catalina.core.ApplicationFilterChain.doFilter(ApplicationFilterChain.java:140) ~[tomcat-embed-core-10.1.34.jar:10.1.34]
	at org.springframework.web.filter.RequestContextFilter.doFilterInternal(RequestContextFilter.java:100) ~[spring-web-6.2.2.jar:6.2.2]
	at org.springframework.web.filter.OncePerRequestFilter.doFilter(OncePerRequestFilter.java:116) ~[spring-web-6.2.2.jar:6.2.2]
	at org.apache.catalina.core.ApplicationFilterChain.internalDoFilter(ApplicationFilterChain.java:164) ~[tomcat-embed-core-10.1.34.jar:10.1.34]
	at org.apache.catalina.core.ApplicationFilterChain.doFilter(ApplicationFilterChain.java:140) ~[tomcat-embed-core-10.1.34.jar:10.1.34]
	at org.springframework.web.filter.FormContentFilter.doFilterInternal(FormContentFilter.java:93) ~[spring-web-6.2.2.jar:6.2.2]
	at org.springframework.web.filter.OncePerRequestFilter.doFilter(OncePerRequestFilter.java:116) ~[spring-web-6.2.2.jar:6.2.2]
	at org.apache.catalina.core.ApplicationFilterChain.internalDoFilter(ApplicationFilterChain.java:164) ~[tomcat-embed-core-10.1.34.jar:10.1.34]
	at org.apache.catalina.core.ApplicationFilterChain.doFilter(ApplicationFilterChain.java:140) ~[tomcat-embed-core-10.1.34.jar:10.1.34]
	at org.springframework.web.filter.CharacterEncodingFilter.doFilterInternal(CharacterEncodingFilter.java:201) ~[spring-web-6.2.2.jar:6.2.2]
	at org.springframework.web.filter.OncePerRequestFilter.doFilter(OncePerRequestFilter.java:116) ~[spring-web-6.2.2.jar:6.2.2]
	at org.apache.catalina.core.ApplicationFilterChain.internalDoFilter(ApplicationFilterChain.java:164) ~[tomcat-embed-core-10.1.34.jar:10.1.34]
	at org.apache.catalina.core.ApplicationFilterChain.doFilter(ApplicationFilterChain.java:140) ~[tomcat-embed-core-10.1.34.jar:10.1.34]
	at org.apache.catalina.core.StandardWrapperValve.invoke(StandardWrapperValve.java:167) ~[tomcat-embed-core-10.1.34.jar:10.1.34]
	at org.apache.catalina.core.StandardContextValve.invoke(StandardContextValve.java:90) ~[tomcat-embed-core-10.1.34.jar:10.1.34]
	at org.apache.catalina.authenticator.AuthenticatorBase.invoke(AuthenticatorBase.java:483) ~[tomcat-embed-core-10.1.34.jar:10.1.34]
	at org.apache.catalina.core.StandardHostValve.invoke(StandardHostValve.java:115) ~[tomcat-embed-core-10.1.34.jar:10.1.34]
	at org.apache.catalina.valves.ErrorReportValve.invoke(ErrorReportValve.java:93) ~[tomcat-embed-core-10.1.34.jar:10.1.34]
	at org.apache.catalina.core.StandardEngineValve.invoke(StandardEngineValve.java:74) ~[tomcat-embed-core-10.1.34.jar:10.1.34]
	at org.apache.catalina.connector.CoyoteAdapter.service(CoyoteAdapter.java:344) ~[tomcat-embed-core-10.1.34.jar:10.1.34]
	at org.apache.coyote.http11.Http11Processor.service(Http11Processor.java:397) ~[tomcat-embed-core-10.1.34.jar:10.1.34]
	at org.apache.coyote.AbstractProcessorLight.process(AbstractProcessorLight.java:63) ~[tomcat-embed-core-10.1.34.jar:10.1.34]
	at org.apache.coyote.AbstractProtocol$ConnectionHandler.process(AbstractProtocol.java:905) ~[tomcat-embed-core-10.1.34.jar:10.1.34]
	at org.apache.tomcat.util.net.NioEndpoint$SocketProcessor.doRun(NioEndpoint.java:1741) ~[tomcat-embed-core-10.1.34.jar:10.1.34]
	at org.apache.tomcat.util.net.SocketProcessorBase.run(SocketProcessorBase.java:52) ~[tomcat-embed-core-10.1.34.jar:10.1.34]
	at org.apache.tomcat.util.threads.ThreadPoolExecutor.runWorker(ThreadPoolExecutor.java:1190) ~[tomcat-embed-core-10.1.34.jar:10.1.34]
	at org.apache.tomcat.util.threads.ThreadPoolExecutor$Worker.run(ThreadPoolExecutor.java:659) ~[tomcat-embed-core-10.1.34.jar:10.1.34]
	at org.apache.tomcat.util.threads.TaskThread$WrappingRunnable.run(TaskThread.java:63) ~[tomcat-embed-core-10.1.34.jar:10.1.34]
	at java.base/java.lang.Thread.run(Thread.java:1583) ~[na:na]

2025-02-02T15:30:43.047+09:00 ERROR 3432 --- [project] [http-nio-8080-exec-4] o.a.c.c.C.[.[localhost].[/].[h2Console]  : Servlet.service() for servlet [h2Console] in context with path [] threw exception

java.lang.NullPointerException: Cannot read the array length because "array" is null
	at java.base/java.util.Arrays.stream(Arrays.java:5528) ~[na:na]
	at com.example.project.global.security.JwtAuthorizationFilter._getCookie(JwtAuthorizationFilter.java:49) ~[classes/:na]
	at com.example.project.global.security.JwtAuthorizationFilter.doFilterInternal(JwtAuthorizationFilter.java:31) ~[classes/:na]
	at org.springframework.web.filter.OncePerRequestFilter.doFilter(OncePerRequestFilter.java:116) ~[spring-web-6.2.2.jar:6.2.2]
	at org.apache.catalina.core.ApplicationFilterChain.internalDoFilter(ApplicationFilterChain.java:164) ~[tomcat-embed-core-10.1.34.jar:10.1.34]
	at org.apache.catalina.core.ApplicationFilterChain.doFilter(ApplicationFilterChain.java:140) ~[tomcat-embed-core-10.1.34.jar:10.1.34]
	at org.springframework.web.filter.CompositeFilter$VirtualFilterChain.doFilter(CompositeFilter.java:108) ~[spring-web-6.2.2.jar:6.2.2]
	at org.springframework.security.web.FilterChainProxy.lambda$doFilterInternal$3(FilterChainProxy.java:231) ~[spring-security-web-6.4.2.jar:6.4.2]
	at org.springframework.security.web.FilterChainProxy$VirtualFilterChain.doFilter(FilterChainProxy.java:365) ~[spring-security-web-6.4.2.jar:6.4.2]
	at org.springframework.security.web.access.intercept.AuthorizationFilter.doFilter(AuthorizationFilter.java:101) ~[spring-security-web-6.4.2.jar:6.4.2]
	at org.springframework.security.web.FilterChainProxy$VirtualFilterChain.doFilter(FilterChainProxy.java:374) ~[spring-security-web-6.4.2.jar:6.4.2]
	at org.springframework.security.web.access.ExceptionTranslationFilter.doFilter(ExceptionTranslationFilter.java:126) ~[spring-security-web-6.4.2.jar:6.4.2]
	at org.springframework.security.web.access.ExceptionTranslationFilter.doFilter(ExceptionTranslationFilter.java:120) ~[spring-security-web-6.4.2.jar:6.4.2]
	at org.springframework.security.web.FilterChainProxy$VirtualFilterChain.doFilter(FilterChainProxy.java:374) ~[spring-security-web-6.4.2.jar:6.4.2]
	at org.springframework.security.web.authentication.AnonymousAuthenticationFilter.doFilter(AnonymousAuthenticationFilter.java:100) ~[spring-security-web-6.4.2.jar:6.4.2]
	at org.springframework.security.web.FilterChainProxy$VirtualFilterChain.doFilter(FilterChainProxy.java:374) ~[spring-security-web-6.4.2.jar:6.4.2]
	at org.springframework.security.web.servletapi.SecurityContextHolderAwareRequestFilter.doFilter(SecurityContextHolderAwareRequestFilter.java:179) ~[spring-security-web-6.4.2.jar:6.4.2]
	at org.springframework.security.web.FilterChainProxy$VirtualFilterChain.doFilter(FilterChainProxy.java:374) ~[spring-security-web-6.4.2.jar:6.4.2]
	at org.springframework.security.web.savedrequest.RequestCacheAwareFilter.doFilter(RequestCacheAwareFilter.java:63) ~[spring-security-web-6.4.2.jar:6.4.2]
	at org.springframework.security.web.FilterChainProxy$VirtualFilterChain.doFilter(FilterChainProxy.java:374) ~[spring-security-web-6.4.2.jar:6.4.2]
	at org.springframework.security.web.authentication.logout.LogoutFilter.doFilter(LogoutFilter.java:107) ~[spring-security-web-6.4.2.jar:6.4.2]
	at org.springframework.security.web.authentication.logout.LogoutFilter.doFilter(LogoutFilter.java:93) ~[spring-security-web-6.4.2.jar:6.4.2]
	at org.springframework.security.web.FilterChainProxy$VirtualFilterChain.doFilter(FilterChainProxy.java:374) ~[spring-security-web-6.4.2.jar:6.4.2]
	at org.springframework.security.web.csrf.CsrfFilter.doFilterInternal(CsrfFilter.java:117) ~[spring-security-web-6.4.2.jar:6.4.2]
	at org.springframework.web.filter.OncePerRequestFilter.doFilter(OncePerRequestFilter.java:116) ~[spring-web-6.2.2.jar:6.2.2]
	at org.springframework.security.web.FilterChainProxy$VirtualFilterChain.doFilter(FilterChainProxy.java:374) ~[spring-security-web-6.4.2.jar:6.4.2]
	at org.springframework.security.web.header.HeaderWriterFilter.doHeadersAfter(HeaderWriterFilter.java:90) ~[spring-security-web-6.4.2.jar:6.4.2]
	at org.springframework.security.web.header.HeaderWriterFilter.doFilterInternal(HeaderWriterFilter.java:75) ~[spring-security-web-6.4.2.jar:6.4.2]
	at org.springframework.web.filter.OncePerRequestFilter.doFilter(OncePerRequestFilter.java:116) ~[spring-web-6.2.2.jar:6.2.2]
	at org.springframework.security.web.FilterChainProxy$VirtualFilterChain.doFilter(FilterChainProxy.java:374) ~[spring-security-web-6.4.2.jar:6.4.2]
	at org.springframework.security.web.context.SecurityContextHolderFilter.doFilter(SecurityContextHolderFilter.java:82) ~[spring-security-web-6.4.2.jar:6.4.2]
	at org.springframework.security.web.context.SecurityContextHolderFilter.doFilter(SecurityContextHolderFilter.java:69) ~[spring-security-web-6.4.2.jar:6.4.2]
	at org.springframework.security.web.FilterChainProxy$VirtualFilterChain.doFilter(FilterChainProxy.java:374) ~[spring-security-web-6.4.2.jar:6.4.2]
	at org.springframework.security.web.context.request.async.WebAsyncManagerIntegrationFilter.doFilterInternal(WebAsyncManagerIntegrationFilter.java:62) ~[spring-security-web-6.4.2.jar:6.4.2]
	at org.springframework.web.filter.OncePerRequestFilter.doFilter(OncePerRequestFilter.java:116) ~[spring-web-6.2.2.jar:6.2.2]
	at org.springframework.security.web.FilterChainProxy$VirtualFilterChain.doFilter(FilterChainProxy.java:374) ~[spring-security-web-6.4.2.jar:6.4.2]
	at org.springframework.security.web.session.DisableEncodeUrlFilter.doFilterInternal(DisableEncodeUrlFilter.java:42) ~[spring-security-web-6.4.2.jar:6.4.2]
	at org.springframework.web.filter.OncePerRequestFilter.doFilter(OncePerRequestFilter.java:116) ~[spring-web-6.2.2.jar:6.2.2]
	at org.springframework.security.web.FilterChainProxy$VirtualFilterChain.doFilter(FilterChainProxy.java:374) ~[spring-security-web-6.4.2.jar:6.4.2]
	at org.springframework.security.web.FilterChainProxy.doFilterInternal(FilterChainProxy.java:233) ~[spring-security-web-6.4.2.jar:6.4.2]
	at org.springframework.security.web.FilterChainProxy.doFilter(FilterChainProxy.java:191) ~[spring-security-web-6.4.2.jar:6.4.2]
	at org.springframework.web.filter.CompositeFilter$VirtualFilterChain.doFilter(CompositeFilter.java:113) ~[spring-web-6.2.2.jar:6.2.2]
	at org.springframework.web.servlet.handler.HandlerMappingIntrospector.lambda$createCacheFilter$3(HandlerMappingIntrospector.java:243) ~[spring-webmvc-6.2.2.jar:6.2.2]
	at org.springframework.web.filter.CompositeFilter$VirtualFilterChain.doFilter(CompositeFilter.java:113) ~[spring-web-6.2.2.jar:6.2.2]
	at org.springframework.web.filter.CompositeFilter.doFilter(CompositeFilter.java:74) ~[spring-web-6.2.2.jar:6.2.2]
	at org.springframework.security.config.annotation.web.configuration.WebMvcSecurityConfiguration$CompositeFilterChainProxy.doFilter(WebMvcSecurityConfiguration.java:238) ~[spring-security-config-6.4.2.jar:6.4.2]
	at org.springframework.web.filter.DelegatingFilterProxy.invokeDelegate(DelegatingFilterProxy.java:362) ~[spring-web-6.2.2.jar:6.2.2]
	at org.springframework.web.filter.DelegatingFilterProxy.doFilter(DelegatingFilterProxy.java:278) ~[spring-web-6.2.2.jar:6.2.2]
	at org.apache.catalina.core.ApplicationFilterChain.internalDoFilter(ApplicationFilterChain.java:164) ~[tomcat-embed-core-10.1.34.jar:10.1.34]
	at org.apache.catalina.core.ApplicationFilterChain.doFilter(ApplicationFilterChain.java:140) ~[tomcat-embed-core-10.1.34.jar:10.1.34]
	at org.springframework.web.filter.RequestContextFilter.doFilterInternal(RequestContextFilter.java:100) ~[spring-web-6.2.2.jar:6.2.2]
	at org.springframework.web.filter.OncePerRequestFilter.doFilter(OncePerRequestFilter.java:116) ~[spring-web-6.2.2.jar:6.2.2]
	at org.apache.catalina.core.ApplicationFilterChain.internalDoFilter(ApplicationFilterChain.java:164) ~[tomcat-embed-core-10.1.34.jar:10.1.34]
	at org.apache.catalina.core.ApplicationFilterChain.doFilter(ApplicationFilterChain.java:140) ~[tomcat-embed-core-10.1.34.jar:10.1.34]
	at org.springframework.web.filter.FormContentFilter.doFilterInternal(FormContentFilter.java:93) ~[spring-web-6.2.2.jar:6.2.2]
	at org.springframework.web.filter.OncePerRequestFilter.doFilter(OncePerRequestFilter.java:116) ~[spring-web-6.2.2.jar:6.2.2]
	at org.apache.catalina.core.ApplicationFilterChain.internalDoFilter(ApplicationFilterChain.java:164) ~[tomcat-embed-core-10.1.34.jar:10.1.34]
	at org.apache.catalina.core.ApplicationFilterChain.doFilter(ApplicationFilterChain.java:140) ~[tomcat-embed-core-10.1.34.jar:10.1.34]
	at org.springframework.web.filter.CharacterEncodingFilter.doFilterInternal(CharacterEncodingFilter.java:201) ~[spring-web-6.2.2.jar:6.2.2]
	at org.springframework.web.filter.OncePerRequestFilter.doFilter(OncePerRequestFilter.java:116) ~[spring-web-6.2.2.jar:6.2.2]
	at org.apache.catalina.core.ApplicationFilterChain.internalDoFilter(ApplicationFilterChain.java:164) ~[tomcat-embed-core-10.1.34.jar:10.1.34]
	at org.apache.catalina.core.ApplicationFilterChain.doFilter(ApplicationFilterChain.java:140) ~[tomcat-embed-core-10.1.34.jar:10.1.34]
	at org.apache.catalina.core.StandardWrapperValve.invoke(StandardWrapperValve.java:167) ~[tomcat-embed-core-10.1.34.jar:10.1.34]
	at org.apache.catalina.core.StandardContextValve.invoke(StandardContextValve.java:90) ~[tomcat-embed-core-10.1.34.jar:10.1.34]
	at org.apache.catalina.authenticator.AuthenticatorBase.invoke(AuthenticatorBase.java:483) ~[tomcat-embed-core-10.1.34.jar:10.1.34]
	at org.apache.catalina.core.StandardHostValve.invoke(StandardHostValve.java:115) ~[tomcat-embed-core-10.1.34.jar:10.1.34]
	at org.apache.catalina.valves.ErrorReportValve.invoke(ErrorReportValve.java:93) ~[tomcat-embed-core-10.1.34.jar:10.1.34]
	at org.apache.catalina.core.StandardEngineValve.invoke(StandardEngineValve.java:74) ~[tomcat-embed-core-10.1.34.jar:10.1.34]
	at org.apache.catalina.connector.CoyoteAdapter.service(CoyoteAdapter.java:344) ~[tomcat-embed-core-10.1.34.jar:10.1.34]
	at org.apache.coyote.http11.Http11Processor.service(Http11Processor.java:397) ~[tomcat-embed-core-10.1.34.jar:10.1.34]
	at org.apache.coyote.AbstractProcessorLight.process(AbstractProcessorLight.java:63) ~[tomcat-embed-core-10.1.34.jar:10.1.34]
	at org.apache.coyote.AbstractProtocol$ConnectionHandler.process(AbstractProtocol.java:905) ~[tomcat-embed-core-10.1.34.jar:10.1.34]
	at org.apache.tomcat.util.net.NioEndpoint$SocketProcessor.doRun(NioEndpoint.java:1741) ~[tomcat-embed-core-10.1.34.jar:10.1.34]
	at org.apache.tomcat.util.net.SocketProcessorBase.run(SocketProcessorBase.java:52) ~[tomcat-embed-core-10.1.34.jar:10.1.34]
	at org.apache.tomcat.util.threads.ThreadPoolExecutor.runWorker(ThreadPoolExecutor.java:1190) ~[tomcat-embed-core-10.1.34.jar:10.1.34]
	at org.apache.tomcat.util.threads.ThreadPoolExecutor$Worker.run(ThreadPoolExecutor.java:659) ~[tomcat-embed-core-10.1.34.jar:10.1.34]
	at org.apache.tomcat.util.threads.TaskThread$WrappingRunnable.run(TaskThread.java:63) ~[tomcat-embed-core-10.1.34.jar:10.1.34]
	at java.base/java.lang.Thread.run(Thread.java:1583) ~[na:na]

2025-02-02T15:31:13.430+09:00  INFO 3432 --- [project] [SpringApplicationShutdownHook] o.s.b.w.e.tomcat.GracefulShutdown        : Commencing graceful shutdown. Waiting for active requests to complete
2025-02-02T15:31:13.494+09:00  INFO 3432 --- [project] [tomcat-shutdown] o.s.b.w.e.tomcat.GracefulShutdown        : Graceful shutdown complete
2025-02-02T15:31:13.555+09:00  INFO 3432 --- [project] [SpringApplicationShutdownHook] j.LocalContainerEntityManagerFactoryBean : Closing JPA EntityManagerFactory for persistence unit 'default'
2025-02-02T15:31:13.596+09:00 TRACE 3432 --- [project] [SpringApplicationShutdownHook] o.h.type.spi.TypeConfiguration$Scope     : Handling #sessionFactoryClosed from [org.hibernate.internal.SessionFactoryImpl@18301763] for TypeConfiguration
2025-02-02T15:31:13.599+09:00 DEBUG 3432 --- [project] [SpringApplicationShutdownHook] o.h.type.spi.TypeConfiguration$Scope     : Un-scoping TypeConfiguration [org.hibernate.type.spi.TypeConfiguration$Scope@7e3ba51a] from SessionFactory [org.hibernate.internal.SessionFactoryImpl@18301763]
2025-02-02T15:31:13.631+09:00  INFO 3432 --- [project] [SpringApplicationShutdownHook] com.zaxxer.hikari.HikariDataSource       : HikariPool-1 - Shutdown initiated...
2025-02-02T15:31:13.682+09:00  INFO 3432 --- [project] [SpringApplicationShutdownHook] com.zaxxer.hikari.HikariDataSource       : HikariPool-1 - Shutdown completed.
2025-02-02T15:31:55.028+09:00  INFO 11124 --- [project] [main] com.example.project.ProjectApplication   : Starting ProjectApplication using Java 21.0.5 with PID 11124 (C:\AI\javaProject\develope\project\out\production\classes started by nsy71 in C:\AI\javaProject\develope\project)
2025-02-02T15:31:55.047+09:00  INFO 11124 --- [project] [main] com.example.project.ProjectApplication   : The following 2 profiles are active: "secret", "dev"
2025-02-02T15:32:03.047+09:00  INFO 11124 --- [project] [main] .s.d.r.c.RepositoryConfigurationDelegate : Bootstrapping Spring Data JPA repositories in DEFAULT mode.
2025-02-02T15:32:03.681+09:00  INFO 11124 --- [project] [main] .s.d.r.c.RepositoryConfigurationDelegate : Finished Spring Data repository scanning in 556 ms. Found 1 JPA repository interface.
2025-02-02T15:32:08.353+09:00  INFO 11124 --- [project] [main] o.s.b.w.embedded.tomcat.TomcatWebServer  : Tomcat initialized with port 8080 (http)
2025-02-02T15:32:08.442+09:00  INFO 11124 --- [project] [main] o.apache.catalina.core.StandardService   : Starting service [Tomcat]
2025-02-02T15:32:08.443+09:00  INFO 11124 --- [project] [main] o.apache.catalina.core.StandardEngine    : Starting Servlet engine: [Apache Tomcat/10.1.34]
2025-02-02T15:32:08.896+09:00  INFO 11124 --- [project] [main] o.a.c.c.C.[Tomcat].[localhost].[/]       : Initializing Spring embedded WebApplicationContext
2025-02-02T15:32:08.898+09:00  INFO 11124 --- [project] [main] w.s.c.ServletWebServerApplicationContext : Root WebApplicationContext: initialization completed in 13407 ms
2025-02-02T15:32:09.832+09:00  INFO 11124 --- [project] [main] o.hibernate.jpa.internal.util.LogHelper  : HHH000204: Processing PersistenceUnitInfo [name: default]
2025-02-02T15:32:10.372+09:00  INFO 11124 --- [project] [main] org.hibernate.Version                    : HHH000412: Hibernate ORM core version 6.6.5.Final
2025-02-02T15:32:10.633+09:00  INFO 11124 --- [project] [main] o.h.c.internal.RegionFactoryInitiator    : HHH000026: Second-level cache disabled
2025-02-02T15:32:11.265+09:00 DEBUG 11124 --- [project] [main] org.hibernate.type.BasicTypeRegistry     : Adding type registration boolean -> org.hibernate.type.BasicTypeReference@5e905f2c
2025-02-02T15:32:11.269+09:00 DEBUG 11124 --- [project] [main] org.hibernate.type.BasicTypeRegistry     : Adding type registration boolean -> org.hibernate.type.BasicTypeReference@5e905f2c
2025-02-02T15:32:11.271+09:00 DEBUG 11124 --- [project] [main] org.hibernate.type.BasicTypeRegistry     : Adding type registration java.lang.Boolean -> org.hibernate.type.BasicTypeReference@5e905f2c
2025-02-02T15:32:11.272+09:00 DEBUG 11124 --- [project] [main] org.hibernate.type.BasicTypeRegistry     : Adding type registration numeric_boolean -> org.hibernate.type.BasicTypeReference@fddd7ae
2025-02-02T15:32:11.274+09:00 DEBUG 11124 --- [project] [main] org.hibernate.type.BasicTypeRegistry     : Adding type registration org.hibernate.type.NumericBooleanConverter -> org.hibernate.type.BasicTypeReference@fddd7ae
2025-02-02T15:32:11.275+09:00 DEBUG 11124 --- [project] [main] org.hibernate.type.BasicTypeRegistry     : Adding type registration true_false -> org.hibernate.type.BasicTypeReference@3f6cce7f
2025-02-02T15:32:11.277+09:00 DEBUG 11124 --- [project] [main] org.hibernate.type.BasicTypeRegistry     : Adding type registration org.hibernate.type.TrueFalseConverter -> org.hibernate.type.BasicTypeReference@3f6cce7f
2025-02-02T15:32:11.278+09:00 DEBUG 11124 --- [project] [main] org.hibernate.type.BasicTypeRegistry     : Adding type registration yes_no -> org.hibernate.type.BasicTypeReference@2725ca05
2025-02-02T15:32:11.279+09:00 DEBUG 11124 --- [project] [main] org.hibernate.type.BasicTypeRegistry     : Adding type registration org.hibernate.type.YesNoConverter -> org.hibernate.type.BasicTypeReference@2725ca05
2025-02-02T15:32:11.281+09:00 DEBUG 11124 --- [project] [main] org.hibernate.type.BasicTypeRegistry     : Adding type registration byte -> org.hibernate.type.BasicTypeReference@7b9088f2
2025-02-02T15:32:11.282+09:00 DEBUG 11124 --- [project] [main] org.hibernate.type.BasicTypeRegistry     : Adding type registration byte -> org.hibernate.type.BasicTypeReference@7b9088f2
2025-02-02T15:32:11.285+09:00 DEBUG 11124 --- [project] [main] org.hibernate.type.BasicTypeRegistry     : Adding type registration java.lang.Byte -> org.hibernate.type.BasicTypeReference@7b9088f2
2025-02-02T15:32:11.288+09:00 DEBUG 11124 --- [project] [main] org.hibernate.type.BasicTypeRegistry     : Adding type registration binary -> org.hibernate.type.BasicTypeReference@1a914089
2025-02-02T15:32:11.290+09:00 DEBUG 11124 --- [project] [main] org.hibernate.type.BasicTypeRegistry     : Adding type registration byte[] -> org.hibernate.type.BasicTypeReference@1a914089
2025-02-02T15:32:11.292+09:00 DEBUG 11124 --- [project] [main] org.hibernate.type.BasicTypeRegistry     : Adding type registration [B -> org.hibernate.type.BasicTypeReference@1a914089
2025-02-02T15:32:11.294+09:00 DEBUG 11124 --- [project] [main] org.hibernate.type.BasicTypeRegistry     : Adding type registration binary_wrapper -> org.hibernate.type.BasicTypeReference@43d76a92
2025-02-02T15:32:11.295+09:00 DEBUG 11124 --- [project] [main] org.hibernate.type.BasicTypeRegistry     : Adding type registration wrapper-binary -> org.hibernate.type.BasicTypeReference@43d76a92
2025-02-02T15:32:11.297+09:00 DEBUG 11124 --- [project] [main] org.hibernate.type.BasicTypeRegistry     : Adding type registration image -> org.hibernate.type.BasicTypeReference@4a2bf50f
2025-02-02T15:32:11.300+09:00 DEBUG 11124 --- [project] [main] org.hibernate.type.BasicTypeRegistry     : Adding type registration blob -> org.hibernate.type.BasicTypeReference@350323a0
2025-02-02T15:32:11.302+09:00 DEBUG 11124 --- [project] [main] org.hibernate.type.BasicTypeRegistry     : Adding type registration java.sql.Blob -> org.hibernate.type.BasicTypeReference@350323a0
2025-02-02T15:32:11.304+09:00 DEBUG 11124 --- [project] [main] org.hibernate.type.BasicTypeRegistry     : Adding type registration materialized_blob -> org.hibernate.type.BasicTypeReference@2506b881
2025-02-02T15:32:11.305+09:00 DEBUG 11124 --- [project] [main] org.hibernate.type.BasicTypeRegistry     : Adding type registration materialized_blob_wrapper -> org.hibernate.type.BasicTypeReference@5d7dd549
2025-02-02T15:32:11.307+09:00 DEBUG 11124 --- [project] [main] org.hibernate.type.BasicTypeRegistry     : Adding type registration short -> org.hibernate.type.BasicTypeReference@486bd064
2025-02-02T15:32:11.309+09:00 DEBUG 11124 --- [project] [main] org.hibernate.type.BasicTypeRegistry     : Adding type registration short -> org.hibernate.type.BasicTypeReference@486bd064
2025-02-02T15:32:11.310+09:00 DEBUG 11124 --- [project] [main] org.hibernate.type.BasicTypeRegistry     : Adding type registration java.lang.Short -> org.hibernate.type.BasicTypeReference@486bd064
2025-02-02T15:32:11.312+09:00 DEBUG 11124 --- [project] [main] org.hibernate.type.BasicTypeRegistry     : Adding type registration integer -> org.hibernate.type.BasicTypeReference@6459f4ea
2025-02-02T15:32:11.313+09:00 DEBUG 11124 --- [project] [main] org.hibernate.type.BasicTypeRegistry     : Adding type registration int -> org.hibernate.type.BasicTypeReference@6459f4ea
2025-02-02T15:32:11.316+09:00 DEBUG 11124 --- [project] [main] org.hibernate.type.BasicTypeRegistry     : Adding type registration java.lang.Integer -> org.hibernate.type.BasicTypeReference@6459f4ea
2025-02-02T15:32:11.317+09:00 DEBUG 11124 --- [project] [main] org.hibernate.type.BasicTypeRegistry     : Adding type registration long -> org.hibernate.type.BasicTypeReference@740b9a50
2025-02-02T15:32:11.319+09:00 DEBUG 11124 --- [project] [main] org.hibernate.type.BasicTypeRegistry     : Adding type registration long -> org.hibernate.type.BasicTypeReference@740b9a50
2025-02-02T15:32:11.320+09:00 DEBUG 11124 --- [project] [main] org.hibernate.type.BasicTypeRegistry     : Adding type registration java.lang.Long -> org.hibernate.type.BasicTypeReference@740b9a50
2025-02-02T15:32:11.321+09:00 DEBUG 11124 --- [project] [main] org.hibernate.type.BasicTypeRegistry     : Adding type registration float -> org.hibernate.type.BasicTypeReference@476fde05
2025-02-02T15:32:11.324+09:00 DEBUG 11124 --- [project] [main] org.hibernate.type.BasicTypeRegistry     : Adding type registration float -> org.hibernate.type.BasicTypeReference@476fde05
2025-02-02T15:32:11.325+09:00 DEBUG 11124 --- [project] [main] org.hibernate.type.BasicTypeRegistry     : Adding type registration java.lang.Float -> org.hibernate.type.BasicTypeReference@476fde05
2025-02-02T15:32:11.326+09:00 DEBUG 11124 --- [project] [main] org.hibernate.type.BasicTypeRegistry     : Adding type registration double -> org.hibernate.type.BasicTypeReference@5111de7c
2025-02-02T15:32:11.327+09:00 DEBUG 11124 --- [project] [main] org.hibernate.type.BasicTypeRegistry     : Adding type registration double -> org.hibernate.type.BasicTypeReference@5111de7c
2025-02-02T15:32:11.329+09:00 DEBUG 11124 --- [project] [main] org.hibernate.type.BasicTypeRegistry     : Adding type registration java.lang.Double -> org.hibernate.type.BasicTypeReference@5111de7c
2025-02-02T15:32:11.330+09:00 DEBUG 11124 --- [project] [main] org.hibernate.type.BasicTypeRegistry     : Adding type registration big_integer -> org.hibernate.type.BasicTypeReference@7ac48e10
2025-02-02T15:32:11.332+09:00 DEBUG 11124 --- [project] [main] org.hibernate.type.BasicTypeRegistry     : Adding type registration java.math.BigInteger -> org.hibernate.type.BasicTypeReference@7ac48e10
2025-02-02T15:32:11.333+09:00 DEBUG 11124 --- [project] [main] org.hibernate.type.BasicTypeRegistry     : Adding type registration big_decimal -> org.hibernate.type.BasicTypeReference@52354202
2025-02-02T15:32:11.335+09:00 DEBUG 11124 --- [project] [main] org.hibernate.type.BasicTypeRegistry     : Adding type registration java.math.BigDecimal -> org.hibernate.type.BasicTypeReference@52354202
2025-02-02T15:32:11.336+09:00 DEBUG 11124 --- [project] [main] org.hibernate.type.BasicTypeRegistry     : Adding type registration character -> org.hibernate.type.BasicTypeReference@6b1321b7
2025-02-02T15:32:11.337+09:00 DEBUG 11124 --- [project] [main] org.hibernate.type.BasicTypeRegistry     : Adding type registration char -> org.hibernate.type.BasicTypeReference@6b1321b7
2025-02-02T15:32:11.338+09:00 DEBUG 11124 --- [project] [main] org.hibernate.type.BasicTypeRegistry     : Adding type registration java.lang.Character -> org.hibernate.type.BasicTypeReference@6b1321b7
2025-02-02T15:32:11.340+09:00 DEBUG 11124 --- [project] [main] org.hibernate.type.BasicTypeRegistry     : Adding type registration character_nchar -> org.hibernate.type.BasicTypeReference@342ee097
2025-02-02T15:32:11.341+09:00 DEBUG 11124 --- [project] [main] org.hibernate.type.BasicTypeRegistry     : Adding type registration string -> org.hibernate.type.BasicTypeReference@6ac45c0c
2025-02-02T15:32:11.342+09:00 DEBUG 11124 --- [project] [main] org.hibernate.type.BasicTypeRegistry     : Adding type registration java.lang.String -> org.hibernate.type.BasicTypeReference@6ac45c0c
2025-02-02T15:32:11.344+09:00 DEBUG 11124 --- [project] [main] org.hibernate.type.BasicTypeRegistry     : Adding type registration nstring -> org.hibernate.type.BasicTypeReference@12192604
2025-02-02T15:32:11.345+09:00 DEBUG 11124 --- [project] [main] org.hibernate.type.BasicTypeRegistry     : Adding type registration characters -> org.hibernate.type.BasicTypeReference@6075b369
2025-02-02T15:32:11.346+09:00 DEBUG 11124 --- [project] [main] org.hibernate.type.BasicTypeRegistry     : Adding type registration char[] -> org.hibernate.type.BasicTypeReference@6075b369
2025-02-02T15:32:11.348+09:00 DEBUG 11124 --- [project] [main] org.hibernate.type.BasicTypeRegistry     : Adding type registration [C -> org.hibernate.type.BasicTypeReference@6075b369
2025-02-02T15:32:11.350+09:00 DEBUG 11124 --- [project] [main] org.hibernate.type.BasicTypeRegistry     : Adding type registration wrapper-characters -> org.hibernate.type.BasicTypeReference@231cdda8
2025-02-02T15:32:11.351+09:00 DEBUG 11124 --- [project] [main] org.hibernate.type.BasicTypeRegistry     : Adding type registration text -> org.hibernate.type.BasicTypeReference@6b70d1fb
2025-02-02T15:32:11.353+09:00 DEBUG 11124 --- [project] [main] org.hibernate.type.BasicTypeRegistry     : Adding type registration ntext -> org.hibernate.type.BasicTypeReference@3002e397
2025-02-02T15:32:11.354+09:00 DEBUG 11124 --- [project] [main] org.hibernate.type.BasicTypeRegistry     : Adding type registration clob -> org.hibernate.type.BasicTypeReference@7da1e005
2025-02-02T15:32:11.356+09:00 DEBUG 11124 --- [project] [main] org.hibernate.type.BasicTypeRegistry     : Adding type registration java.sql.Clob -> org.hibernate.type.BasicTypeReference@7da1e005
2025-02-02T15:32:11.357+09:00 DEBUG 11124 --- [project] [main] org.hibernate.type.BasicTypeRegistry     : Adding type registration nclob -> org.hibernate.type.BasicTypeReference@38159384
2025-02-02T15:32:11.358+09:00 DEBUG 11124 --- [project] [main] org.hibernate.type.BasicTypeRegistry     : Adding type registration java.sql.NClob -> org.hibernate.type.BasicTypeReference@38159384
2025-02-02T15:32:11.360+09:00 DEBUG 11124 --- [project] [main] org.hibernate.type.BasicTypeRegistry     : Adding type registration materialized_clob -> org.hibernate.type.BasicTypeReference@55877274
2025-02-02T15:32:11.361+09:00 DEBUG 11124 --- [project] [main] org.hibernate.type.BasicTypeRegistry     : Adding type registration materialized_clob_char_array -> org.hibernate.type.BasicTypeReference@723e2d08
2025-02-02T15:32:11.362+09:00 DEBUG 11124 --- [project] [main] org.hibernate.type.BasicTypeRegistry     : Adding type registration materialized_clob_character_array -> org.hibernate.type.BasicTypeReference@6d4a82
2025-02-02T15:32:11.365+09:00 DEBUG 11124 --- [project] [main] org.hibernate.type.BasicTypeRegistry     : Adding type registration materialized_nclob -> org.hibernate.type.BasicTypeReference@14f060b8
2025-02-02T15:32:11.366+09:00 DEBUG 11124 --- [project] [main] org.hibernate.type.BasicTypeRegistry     : Adding type registration materialized_nclob_character_array -> org.hibernate.type.BasicTypeReference@7a0ab480
2025-02-02T15:32:11.367+09:00 DEBUG 11124 --- [project] [main] org.hibernate.type.BasicTypeRegistry     : Adding type registration materialized_nclob_char_array -> org.hibernate.type.BasicTypeReference@79df80a4
2025-02-02T15:32:11.369+09:00 DEBUG 11124 --- [project] [main] org.hibernate.type.BasicTypeRegistry     : Adding type registration Duration -> org.hibernate.type.BasicTypeReference@130cfc47
2025-02-02T15:32:11.370+09:00 DEBUG 11124 --- [project] [main] org.hibernate.type.BasicTypeRegistry     : Adding type registration java.time.Duration -> org.hibernate.type.BasicTypeReference@130cfc47
2025-02-02T15:32:11.371+09:00 DEBUG 11124 --- [project] [main] org.hibernate.type.BasicTypeRegistry     : Adding type registration LocalDateTime -> org.hibernate.type.BasicTypeReference@4eeab3e
2025-02-02T15:32:11.372+09:00 DEBUG 11124 --- [project] [main] org.hibernate.type.BasicTypeRegistry     : Adding type registration java.time.LocalDateTime -> org.hibernate.type.BasicTypeReference@4eeab3e
2025-02-02T15:32:11.373+09:00 DEBUG 11124 --- [project] [main] org.hibernate.type.BasicTypeRegistry     : Adding type registration LocalDate -> org.hibernate.type.BasicTypeReference@2b6fb197
2025-02-02T15:32:11.374+09:00 DEBUG 11124 --- [project] [main] org.hibernate.type.BasicTypeRegistry     : Adding type registration java.time.LocalDate -> org.hibernate.type.BasicTypeReference@2b6fb197
2025-02-02T15:32:11.376+09:00 DEBUG 11124 --- [project] [main] org.hibernate.type.BasicTypeRegistry     : Adding type registration LocalTime -> org.hibernate.type.BasicTypeReference@2eb0cefe
2025-02-02T15:32:11.377+09:00 DEBUG 11124 --- [project] [main] org.hibernate.type.BasicTypeRegistry     : Adding type registration java.time.LocalTime -> org.hibernate.type.BasicTypeReference@2eb0cefe
2025-02-02T15:32:11.378+09:00 DEBUG 11124 --- [project] [main] org.hibernate.type.BasicTypeRegistry     : Adding type registration OffsetDateTime -> org.hibernate.type.BasicTypeReference@5a2ae1ab
2025-02-02T15:32:11.380+09:00 DEBUG 11124 --- [project] [main] org.hibernate.type.BasicTypeRegistry     : Adding type registration java.time.OffsetDateTime -> org.hibernate.type.BasicTypeReference@5a2ae1ab
2025-02-02T15:32:11.382+09:00 DEBUG 11124 --- [project] [main] org.hibernate.type.BasicTypeRegistry     : Adding type registration OffsetDateTimeWithTimezone -> org.hibernate.type.BasicTypeReference@2bec068b
2025-02-02T15:32:11.383+09:00 DEBUG 11124 --- [project] [main] org.hibernate.type.BasicTypeRegistry     : Adding type registration OffsetDateTimeWithoutTimezone -> org.hibernate.type.BasicTypeReference@7d59e968
2025-02-02T15:32:11.384+09:00 DEBUG 11124 --- [project] [main] org.hibernate.type.BasicTypeRegistry     : Adding type registration OffsetTime -> org.hibernate.type.BasicTypeReference@55361f03
2025-02-02T15:32:11.386+09:00 DEBUG 11124 --- [project] [main] org.hibernate.type.BasicTypeRegistry     : Adding type registration java.time.OffsetTime -> org.hibernate.type.BasicTypeReference@55361f03
2025-02-02T15:32:11.387+09:00 DEBUG 11124 --- [project] [main] org.hibernate.type.BasicTypeRegistry     : Adding type registration OffsetTimeUtc -> org.hibernate.type.BasicTypeReference@581c9bb7
2025-02-02T15:32:11.388+09:00 DEBUG 11124 --- [project] [main] org.hibernate.type.BasicTypeRegistry     : Adding type registration OffsetTimeWithTimezone -> org.hibernate.type.BasicTypeReference@138f0661
2025-02-02T15:32:11.390+09:00 DEBUG 11124 --- [project] [main] org.hibernate.type.BasicTypeRegistry     : Adding type registration OffsetTimeWithoutTimezone -> org.hibernate.type.BasicTypeReference@212fafd1
2025-02-02T15:32:11.391+09:00 DEBUG 11124 --- [project] [main] org.hibernate.type.BasicTypeRegistry     : Adding type registration ZonedDateTime -> org.hibernate.type.BasicTypeReference@448462f0
2025-02-02T15:32:11.393+09:00 DEBUG 11124 --- [project] [main] org.hibernate.type.BasicTypeRegistry     : Adding type registration java.time.ZonedDateTime -> org.hibernate.type.BasicTypeReference@448462f0
2025-02-02T15:32:11.396+09:00 DEBUG 11124 --- [project] [main] org.hibernate.type.BasicTypeRegistry     : Adding type registration ZonedDateTimeWithTimezone -> org.hibernate.type.BasicTypeReference@787988f4
2025-02-02T15:32:11.397+09:00 DEBUG 11124 --- [project] [main] org.hibernate.type.BasicTypeRegistry     : Adding type registration ZonedDateTimeWithoutTimezone -> org.hibernate.type.BasicTypeReference@132e3594
2025-02-02T15:32:11.399+09:00 DEBUG 11124 --- [project] [main] org.hibernate.type.BasicTypeRegistry     : Adding type registration date -> org.hibernate.type.BasicTypeReference@4f235107
2025-02-02T15:32:11.400+09:00 DEBUG 11124 --- [project] [main] org.hibernate.type.BasicTypeRegistry     : Adding type registration java.sql.Date -> org.hibernate.type.BasicTypeReference@4f235107
2025-02-02T15:32:11.402+09:00 DEBUG 11124 --- [project] [main] org.hibernate.type.BasicTypeRegistry     : Adding type registration time -> org.hibernate.type.BasicTypeReference@28d739f1
2025-02-02T15:32:11.403+09:00 DEBUG 11124 --- [project] [main] org.hibernate.type.BasicTypeRegistry     : Adding type registration java.sql.Time -> org.hibernate.type.BasicTypeReference@28d739f1
2025-02-02T15:32:11.405+09:00 DEBUG 11124 --- [project] [main] org.hibernate.type.BasicTypeRegistry     : Adding type registration timestamp -> org.hibernate.type.BasicTypeReference@1c5d3a37
2025-02-02T15:32:11.406+09:00 DEBUG 11124 --- [project] [main] org.hibernate.type.BasicTypeRegistry     : Adding type registration java.sql.Timestamp -> org.hibernate.type.BasicTypeReference@1c5d3a37
2025-02-02T15:32:11.407+09:00 DEBUG 11124 --- [project] [main] org.hibernate.type.BasicTypeRegistry     : Adding type registration java.util.Date -> org.hibernate.type.BasicTypeReference@1c5d3a37
2025-02-02T15:32:11.409+09:00 DEBUG 11124 --- [project] [main] org.hibernate.type.BasicTypeRegistry     : Adding type registration calendar -> org.hibernate.type.BasicTypeReference@7e3d2ebd
2025-02-02T15:32:11.412+09:00 DEBUG 11124 --- [project] [main] org.hibernate.type.BasicTypeRegistry     : Adding type registration java.util.Calendar -> org.hibernate.type.BasicTypeReference@7e3d2ebd
2025-02-02T15:32:11.413+09:00 DEBUG 11124 --- [project] [main] org.hibernate.type.BasicTypeRegistry     : Adding type registration java.util.GregorianCalendar -> org.hibernate.type.BasicTypeReference@7e3d2ebd
2025-02-02T15:32:11.414+09:00 DEBUG 11124 --- [project] [main] org.hibernate.type.BasicTypeRegistry     : Adding type registration calendar_date -> org.hibernate.type.BasicTypeReference@2b43f314
2025-02-02T15:32:11.416+09:00 DEBUG 11124 --- [project] [main] org.hibernate.type.BasicTypeRegistry     : Adding type registration calendar_time -> org.hibernate.type.BasicTypeReference@3a4a5f3c
2025-02-02T15:32:11.417+09:00 DEBUG 11124 --- [project] [main] org.hibernate.type.BasicTypeRegistry     : Adding type registration instant -> org.hibernate.type.BasicTypeReference@4f3356c0
2025-02-02T15:32:11.418+09:00 DEBUG 11124 --- [project] [main] org.hibernate.type.BasicTypeRegistry     : Adding type registration java.time.Instant -> org.hibernate.type.BasicTypeReference@4f3356c0
2025-02-02T15:32:11.420+09:00 DEBUG 11124 --- [project] [main] org.hibernate.type.BasicTypeRegistry     : Adding type registration uuid -> org.hibernate.type.BasicTypeReference@586cc15d
2025-02-02T15:32:11.421+09:00 DEBUG 11124 --- [project] [main] org.hibernate.type.BasicTypeRegistry     : Adding type registration java.util.UUID -> org.hibernate.type.BasicTypeReference@586cc15d
2025-02-02T15:32:11.422+09:00 DEBUG 11124 --- [project] [main] org.hibernate.type.BasicTypeRegistry     : Adding type registration pg-uuid -> org.hibernate.type.BasicTypeReference@586cc15d
2025-02-02T15:32:11.424+09:00 DEBUG 11124 --- [project] [main] org.hibernate.type.BasicTypeRegistry     : Adding type registration uuid-binary -> org.hibernate.type.BasicTypeReference@6c835217
2025-02-02T15:32:11.425+09:00 DEBUG 11124 --- [project] [main] org.hibernate.type.BasicTypeRegistry     : Adding type registration uuid-char -> org.hibernate.type.BasicTypeReference@4584304
2025-02-02T15:32:11.427+09:00 DEBUG 11124 --- [project] [main] org.hibernate.type.BasicTypeRegistry     : Adding type registration class -> org.hibernate.type.BasicTypeReference@51888019
2025-02-02T15:32:11.428+09:00 DEBUG 11124 --- [project] [main] org.hibernate.type.BasicTypeRegistry     : Adding type registration java.lang.Class -> org.hibernate.type.BasicTypeReference@51888019
2025-02-02T15:32:11.429+09:00 DEBUG 11124 --- [project] [main] org.hibernate.type.BasicTypeRegistry     : Adding type registration currency -> org.hibernate.type.BasicTypeReference@6f50d55c
2025-02-02T15:32:11.430+09:00 DEBUG 11124 --- [project] [main] org.hibernate.type.BasicTypeRegistry     : Adding type registration Currency -> org.hibernate.type.BasicTypeReference@6f50d55c
2025-02-02T15:32:11.432+09:00 DEBUG 11124 --- [project] [main] org.hibernate.type.BasicTypeRegistry     : Adding type registration java.util.Currency -> org.hibernate.type.BasicTypeReference@6f50d55c
2025-02-02T15:32:11.433+09:00 DEBUG 11124 --- [project] [main] org.hibernate.type.BasicTypeRegistry     : Adding type registration locale -> org.hibernate.type.BasicTypeReference@19b5214b
2025-02-02T15:32:11.434+09:00 DEBUG 11124 --- [project] [main] org.hibernate.type.BasicTypeRegistry     : Adding type registration java.util.Locale -> org.hibernate.type.BasicTypeReference@19b5214b
2025-02-02T15:32:11.436+09:00 DEBUG 11124 --- [project] [main] org.hibernate.type.BasicTypeRegistry     : Adding type registration serializable -> org.hibernate.type.BasicTypeReference@5fb3111a
2025-02-02T15:32:11.437+09:00 DEBUG 11124 --- [project] [main] org.hibernate.type.BasicTypeRegistry     : Adding type registration java.io.Serializable -> org.hibernate.type.BasicTypeReference@5fb3111a
2025-02-02T15:32:11.439+09:00 DEBUG 11124 --- [project] [main] org.hibernate.type.BasicTypeRegistry     : Adding type registration timezone -> org.hibernate.type.BasicTypeReference@4aaecabd
2025-02-02T15:32:11.441+09:00 DEBUG 11124 --- [project] [main] org.hibernate.type.BasicTypeRegistry     : Adding type registration java.util.TimeZone -> org.hibernate.type.BasicTypeReference@4aaecabd
2025-02-02T15:32:11.443+09:00 DEBUG 11124 --- [project] [main] org.hibernate.type.BasicTypeRegistry     : Adding type registration ZoneOffset -> org.hibernate.type.BasicTypeReference@23bd0c81
2025-02-02T15:32:11.445+09:00 DEBUG 11124 --- [project] [main] org.hibernate.type.BasicTypeRegistry     : Adding type registration java.time.ZoneOffset -> org.hibernate.type.BasicTypeReference@23bd0c81
2025-02-02T15:32:11.446+09:00 DEBUG 11124 --- [project] [main] org.hibernate.type.BasicTypeRegistry     : Adding type registration url -> org.hibernate.type.BasicTypeReference@1332dec4
2025-02-02T15:32:11.447+09:00 DEBUG 11124 --- [project] [main] org.hibernate.type.BasicTypeRegistry     : Adding type registration java.net.URL -> org.hibernate.type.BasicTypeReference@1332dec4
2025-02-02T15:32:11.449+09:00 DEBUG 11124 --- [project] [main] org.hibernate.type.BasicTypeRegistry     : Adding type registration vector -> org.hibernate.type.BasicTypeReference@544e3679
2025-02-02T15:32:11.450+09:00 DEBUG 11124 --- [project] [main] org.hibernate.type.BasicTypeRegistry     : Adding type registration float_vector -> org.hibernate.type.BasicTypeReference@6889f56f
2025-02-02T15:32:11.452+09:00 DEBUG 11124 --- [project] [main] org.hibernate.type.BasicTypeRegistry     : Adding type registration double_vector -> org.hibernate.type.BasicTypeReference@231b35fb
2025-02-02T15:32:11.453+09:00 DEBUG 11124 --- [project] [main] org.hibernate.type.BasicTypeRegistry     : Adding type registration byte_vector -> org.hibernate.type.BasicTypeReference@26da1ba2
2025-02-02T15:32:11.454+09:00 DEBUG 11124 --- [project] [main] org.hibernate.type.BasicTypeRegistry     : Adding type registration row_version -> org.hibernate.type.BasicTypeReference@3820cfe
2025-02-02T15:32:11.489+09:00 DEBUG 11124 --- [project] [main] org.hibernate.type.BasicTypeRegistry     : Adding type registration object -> org.hibernate.type.JavaObjectType@216c22ce
2025-02-02T15:32:11.491+09:00 DEBUG 11124 --- [project] [main] org.hibernate.type.BasicTypeRegistry     : Adding type registration java.lang.Object -> org.hibernate.type.JavaObjectType@216c22ce
2025-02-02T15:32:11.498+09:00 DEBUG 11124 --- [project] [main] org.hibernate.type.BasicTypeRegistry     : Adding type registration null -> org.hibernate.type.NullType@2055833f
2025-02-02T15:32:11.499+09:00 DEBUG 11124 --- [project] [main] org.hibernate.type.BasicTypeRegistry     : Adding type registration imm_date -> org.hibernate.type.BasicTypeReference@28768e25
2025-02-02T15:32:11.501+09:00 DEBUG 11124 --- [project] [main] org.hibernate.type.BasicTypeRegistry     : Adding type registration imm_time -> org.hibernate.type.BasicTypeReference@310d57b1
2025-02-02T15:32:11.502+09:00 DEBUG 11124 --- [project] [main] org.hibernate.type.BasicTypeRegistry     : Adding type registration imm_timestamp -> org.hibernate.type.BasicTypeReference@143fefaf
2025-02-02T15:32:11.504+09:00 DEBUG 11124 --- [project] [main] org.hibernate.type.BasicTypeRegistry     : Adding type registration imm_calendar -> org.hibernate.type.BasicTypeReference@18ffca6c
2025-02-02T15:32:11.505+09:00 DEBUG 11124 --- [project] [main] org.hibernate.type.BasicTypeRegistry     : Adding type registration imm_calendar_date -> org.hibernate.type.BasicTypeReference@46468f0
2025-02-02T15:32:11.506+09:00 DEBUG 11124 --- [project] [main] org.hibernate.type.BasicTypeRegistry     : Adding type registration imm_calendar_time -> org.hibernate.type.BasicTypeReference@5f8f1712
2025-02-02T15:32:11.507+09:00 DEBUG 11124 --- [project] [main] org.hibernate.type.BasicTypeRegistry     : Adding type registration imm_binary -> org.hibernate.type.BasicTypeReference@34a6d9db
2025-02-02T15:32:11.508+09:00 DEBUG 11124 --- [project] [main] org.hibernate.type.BasicTypeRegistry     : Adding type registration imm_serializable -> org.hibernate.type.BasicTypeReference@52ecc989
2025-02-02T15:32:13.433+09:00  INFO 11124 --- [project] [main] o.s.o.j.p.SpringPersistenceUnitInfo      : No LoadTimeWeaver setup: ignoring JPA class transformer
2025-02-02T15:32:13.691+09:00  INFO 11124 --- [project] [main] com.zaxxer.hikari.HikariDataSource       : HikariPool-1 - Starting...
2025-02-02T15:32:15.291+09:00  INFO 11124 --- [project] [main] com.zaxxer.hikari.pool.HikariPool        : HikariPool-1 - Added connection conn0: url=jdbc:h2:mem:test user=SA
2025-02-02T15:32:15.303+09:00  INFO 11124 --- [project] [main] com.zaxxer.hikari.HikariDataSource       : HikariPool-1 - Start completed.
2025-02-02T15:32:15.723+09:00  INFO 11124 --- [project] [main] org.hibernate.orm.connections.pooling    : HHH10001005: Database info:
	Database JDBC URL [Connecting through datasource 'HikariDataSource (HikariPool-1)']
	Database driver: undefined/unknown
	Database version: 2.3.232
	Autocommit mode: undefined/unknown
	Isolation level: undefined/unknown
	Minimum pool size: undefined/unknown
	Maximum pool size: undefined/unknown
2025-02-02T15:32:15.794+09:00 DEBUG 11124 --- [project] [main] o.h.t.d.jdbc.spi.JdbcTypeRegistry        : addDescriptor(NCharTypeDescriptor) replaced previous registration(CharTypeDescriptor)
2025-02-02T15:32:15.797+09:00 DEBUG 11124 --- [project] [main] o.h.t.d.jdbc.spi.JdbcTypeRegistry        : addDescriptor(NVarcharTypeDescriptor) replaced previous registration(VarcharTypeDescriptor)
2025-02-02T15:32:15.803+09:00 DEBUG 11124 --- [project] [main] o.h.t.d.jdbc.spi.JdbcTypeRegistry        : addDescriptor(LongNVarcharTypeDescriptor) replaced previous registration(LongVarcharTypeDescriptor)
2025-02-02T15:32:15.863+09:00 DEBUG 11124 --- [project] [main] o.h.t.d.jdbc.spi.JdbcTypeRegistry        : addDescriptor(NClobTypeDescriptor(DEFAULT)) replaced previous registration(ClobTypeDescriptor(DEFAULT))
2025-02-02T15:32:15.881+09:00 DEBUG 11124 --- [project] [main] o.h.t.d.jdbc.spi.JdbcTypeRegistry        : addDescriptor(TimestampUtcDescriptor) replaced previous registration(TimestampUtcDescriptor)
2025-02-02T15:32:15.918+09:00 DEBUG 11124 --- [project] [main] org.hibernate.type.BasicTypeRegistry     : Adding type registration org.hibernate.type.DurationType -> basicType@1(java.time.Duration,3015)
2025-02-02T15:32:15.920+09:00 DEBUG 11124 --- [project] [main] org.hibernate.type.BasicTypeRegistry     : Adding type registration Duration -> basicType@1(java.time.Duration,3015)
2025-02-02T15:32:15.923+09:00 DEBUG 11124 --- [project] [main] org.hibernate.type.BasicTypeRegistry     : Adding type registration java.time.Duration -> basicType@1(java.time.Duration,3015)
2025-02-02T15:32:16.053+09:00 DEBUG 11124 --- [project] [main] o.h.type.spi.TypeConfiguration$Scope     : Scoping TypeConfiguration [org.hibernate.type.spi.TypeConfiguration@42401b81] to MetadataBuildingContext [org.hibernate.boot.internal.MetadataBuildingContextRootImpl@f1d1463]
2025-02-02T15:32:22.450+09:00  INFO 11124 --- [project] [main] o.h.e.t.j.p.i.JtaPlatformInitiator       : HHH000489: No JTA platform available (set 'hibernate.transaction.jta.platform' to enable JTA platform integration)
2025-02-02T15:32:22.454+09:00 DEBUG 11124 --- [project] [main] o.h.type.spi.TypeConfiguration$Scope     : Scoping TypeConfiguration [org.hibernate.type.spi.TypeConfiguration@42401b81] to SessionFactoryImplementor [org.hibernate.internal.SessionFactoryImpl@7c6fc278]
2025-02-02T15:32:22.681+09:00 TRACE 11124 --- [project] [main] o.h.type.spi.TypeConfiguration$Scope     : Handling #sessionFactoryCreated from [org.hibernate.internal.SessionFactoryImpl@7c6fc278] for TypeConfiguration
2025-02-02T15:32:22.683+09:00  INFO 11124 --- [project] [main] j.LocalContainerEntityManagerFactoryBean : Initialized JPA EntityManagerFactory for persistence unit 'default'
2025-02-02T15:32:25.684+09:00  WARN 11124 --- [project] [main] .s.s.UserDetailsServiceAutoConfiguration : 

Using generated security password: 913add5a-3961-40ff-af72-be27eddbe254

This generated password is for development use only. Your security configuration must be updated before running your application in production.

2025-02-02T15:32:25.730+09:00  INFO 11124 --- [project] [main] r$InitializeUserDetailsManagerConfigurer : Global AuthenticationManager configured with UserDetailsService bean with name inMemoryUserDetailsManager
2025-02-02T15:32:29.552+09:00  INFO 11124 --- [project] [main] o.s.b.a.h2.H2ConsoleAutoConfiguration    : H2 console available at '/h2-console'. Database available at 'jdbc:h2:mem:test'
2025-02-02T15:32:30.147+09:00  INFO 11124 --- [project] [main] o.s.b.w.embedded.tomcat.TomcatWebServer  : Tomcat started on port 8080 (http) with context path '/'
2025-02-02T15:32:30.200+09:00  INFO 11124 --- [project] [main] com.example.project.ProjectApplication   : Started ProjectApplication in 40.495 seconds (process running for 44.695)
2025-02-02T15:32:36.946+09:00  INFO 11124 --- [project] [http-nio-8080-exec-1] o.a.c.c.C.[Tomcat].[localhost].[/]       : Initializing Spring DispatcherServlet 'dispatcherServlet'
2025-02-02T15:32:36.951+09:00  INFO 11124 --- [project] [http-nio-8080-exec-1] o.s.web.servlet.DispatcherServlet        : Initializing Servlet 'dispatcherServlet'
2025-02-02T15:32:36.959+09:00  INFO 11124 --- [project] [http-nio-8080-exec-1] o.s.web.servlet.DispatcherServlet        : Completed initialization in 6 ms
2025-02-02T15:32:37.151+09:00 ERROR 11124 --- [project] [http-nio-8080-exec-1] o.a.c.c.C.[.[.[/].[dispatcherServlet]    : Servlet.service() for servlet [dispatcherServlet] in context with path [] threw exception

java.lang.NullPointerException: Cannot read the array length because "array" is null
	at java.base/java.util.Arrays.stream(Arrays.java:5528) ~[na:na]
	at com.example.project.global.security.JwtAuthorizationFilter._getCookie(JwtAuthorizationFilter.java:49) ~[classes/:na]
	at com.example.project.global.security.JwtAuthorizationFilter.doFilterInternal(JwtAuthorizationFilter.java:31) ~[classes/:na]
	at org.springframework.web.filter.OncePerRequestFilter.doFilter(OncePerRequestFilter.java:116) ~[spring-web-6.2.2.jar:6.2.2]
	at org.springframework.security.web.FilterChainProxy$VirtualFilterChain.doFilter(FilterChainProxy.java:374) ~[spring-security-web-6.4.2.jar:6.4.2]
	at org.springframework.security.web.authentication.logout.LogoutFilter.doFilter(LogoutFilter.java:107) ~[spring-security-web-6.4.2.jar:6.4.2]
	at org.springframework.security.web.authentication.logout.LogoutFilter.doFilter(LogoutFilter.java:93) ~[spring-security-web-6.4.2.jar:6.4.2]
	at org.springframework.security.web.FilterChainProxy$VirtualFilterChain.doFilter(FilterChainProxy.java:374) ~[spring-security-web-6.4.2.jar:6.4.2]
	at org.springframework.security.web.header.HeaderWriterFilter.doHeadersAfter(HeaderWriterFilter.java:90) ~[spring-security-web-6.4.2.jar:6.4.2]
	at org.springframework.security.web.header.HeaderWriterFilter.doFilterInternal(HeaderWriterFilter.java:75) ~[spring-security-web-6.4.2.jar:6.4.2]
	at org.springframework.web.filter.OncePerRequestFilter.doFilter(OncePerRequestFilter.java:116) ~[spring-web-6.2.2.jar:6.2.2]
	at org.springframework.security.web.FilterChainProxy$VirtualFilterChain.doFilter(FilterChainProxy.java:374) ~[spring-security-web-6.4.2.jar:6.4.2]
	at org.springframework.security.web.context.SecurityContextHolderFilter.doFilter(SecurityContextHolderFilter.java:82) ~[spring-security-web-6.4.2.jar:6.4.2]
	at org.springframework.security.web.context.SecurityContextHolderFilter.doFilter(SecurityContextHolderFilter.java:69) ~[spring-security-web-6.4.2.jar:6.4.2]
	at org.springframework.security.web.FilterChainProxy$VirtualFilterChain.doFilter(FilterChainProxy.java:374) ~[spring-security-web-6.4.2.jar:6.4.2]
	at org.springframework.security.web.context.request.async.WebAsyncManagerIntegrationFilter.doFilterInternal(WebAsyncManagerIntegrationFilter.java:62) ~[spring-security-web-6.4.2.jar:6.4.2]
	at org.springframework.web.filter.OncePerRequestFilter.doFilter(OncePerRequestFilter.java:116) ~[spring-web-6.2.2.jar:6.2.2]
	at org.springframework.security.web.FilterChainProxy$VirtualFilterChain.doFilter(FilterChainProxy.java:374) ~[spring-security-web-6.4.2.jar:6.4.2]
	at org.springframework.security.web.session.DisableEncodeUrlFilter.doFilterInternal(DisableEncodeUrlFilter.java:42) ~[spring-security-web-6.4.2.jar:6.4.2]
	at org.springframework.web.filter.OncePerRequestFilter.doFilter(OncePerRequestFilter.java:116) ~[spring-web-6.2.2.jar:6.2.2]
	at org.springframework.security.web.FilterChainProxy$VirtualFilterChain.doFilter(FilterChainProxy.java:374) ~[spring-security-web-6.4.2.jar:6.4.2]
	at org.springframework.security.web.FilterChainProxy.doFilterInternal(FilterChainProxy.java:233) ~[spring-security-web-6.4.2.jar:6.4.2]
	at org.springframework.security.web.FilterChainProxy.doFilter(FilterChainProxy.java:191) ~[spring-security-web-6.4.2.jar:6.4.2]
	at org.springframework.web.filter.CompositeFilter$VirtualFilterChain.doFilter(CompositeFilter.java:113) ~[spring-web-6.2.2.jar:6.2.2]
	at org.springframework.web.servlet.handler.HandlerMappingIntrospector.lambda$createCacheFilter$3(HandlerMappingIntrospector.java:243) ~[spring-webmvc-6.2.2.jar:6.2.2]
	at org.springframework.web.filter.CompositeFilter$VirtualFilterChain.doFilter(CompositeFilter.java:113) ~[spring-web-6.2.2.jar:6.2.2]
	at org.springframework.web.filter.CompositeFilter.doFilter(CompositeFilter.java:74) ~[spring-web-6.2.2.jar:6.2.2]
	at org.springframework.security.config.annotation.web.configuration.WebMvcSecurityConfiguration$CompositeFilterChainProxy.doFilter(WebMvcSecurityConfiguration.java:238) ~[spring-security-config-6.4.2.jar:6.4.2]
	at org.springframework.web.filter.DelegatingFilterProxy.invokeDelegate(DelegatingFilterProxy.java:362) ~[spring-web-6.2.2.jar:6.2.2]
	at org.springframework.web.filter.DelegatingFilterProxy.doFilter(DelegatingFilterProxy.java:278) ~[spring-web-6.2.2.jar:6.2.2]
	at org.apache.catalina.core.ApplicationFilterChain.internalDoFilter(ApplicationFilterChain.java:164) ~[tomcat-embed-core-10.1.34.jar:10.1.34]
	at org.apache.catalina.core.ApplicationFilterChain.doFilter(ApplicationFilterChain.java:140) ~[tomcat-embed-core-10.1.34.jar:10.1.34]
	at org.springframework.web.filter.RequestContextFilter.doFilterInternal(RequestContextFilter.java:100) ~[spring-web-6.2.2.jar:6.2.2]
	at org.springframework.web.filter.OncePerRequestFilter.doFilter(OncePerRequestFilter.java:116) ~[spring-web-6.2.2.jar:6.2.2]
	at org.apache.catalina.core.ApplicationFilterChain.internalDoFilter(ApplicationFilterChain.java:164) ~[tomcat-embed-core-10.1.34.jar:10.1.34]
	at org.apache.catalina.core.ApplicationFilterChain.doFilter(ApplicationFilterChain.java:140) ~[tomcat-embed-core-10.1.34.jar:10.1.34]
	at org.springframework.web.filter.FormContentFilter.doFilterInternal(FormContentFilter.java:93) ~[spring-web-6.2.2.jar:6.2.2]
	at org.springframework.web.filter.OncePerRequestFilter.doFilter(OncePerRequestFilter.java:116) ~[spring-web-6.2.2.jar:6.2.2]
	at org.apache.catalina.core.ApplicationFilterChain.internalDoFilter(ApplicationFilterChain.java:164) ~[tomcat-embed-core-10.1.34.jar:10.1.34]
	at org.apache.catalina.core.ApplicationFilterChain.doFilter(ApplicationFilterChain.java:140) ~[tomcat-embed-core-10.1.34.jar:10.1.34]
	at org.springframework.web.filter.CharacterEncodingFilter.doFilterInternal(CharacterEncodingFilter.java:201) ~[spring-web-6.2.2.jar:6.2.2]
	at org.springframework.web.filter.OncePerRequestFilter.doFilter(OncePerRequestFilter.java:116) ~[spring-web-6.2.2.jar:6.2.2]
	at org.apache.catalina.core.ApplicationFilterChain.internalDoFilter(ApplicationFilterChain.java:164) ~[tomcat-embed-core-10.1.34.jar:10.1.34]
	at org.apache.catalina.core.ApplicationFilterChain.doFilter(ApplicationFilterChain.java:140) ~[tomcat-embed-core-10.1.34.jar:10.1.34]
	at org.apache.catalina.core.StandardWrapperValve.invoke(StandardWrapperValve.java:167) ~[tomcat-embed-core-10.1.34.jar:10.1.34]
	at org.apache.catalina.core.StandardContextValve.invoke(StandardContextValve.java:90) ~[tomcat-embed-core-10.1.34.jar:10.1.34]
	at org.apache.catalina.authenticator.AuthenticatorBase.invoke(AuthenticatorBase.java:483) ~[tomcat-embed-core-10.1.34.jar:10.1.34]
	at org.apache.catalina.core.StandardHostValve.invoke(StandardHostValve.java:115) ~[tomcat-embed-core-10.1.34.jar:10.1.34]
	at org.apache.catalina.valves.ErrorReportValve.invoke(ErrorReportValve.java:93) ~[tomcat-embed-core-10.1.34.jar:10.1.34]
	at org.apache.catalina.core.StandardEngineValve.invoke(StandardEngineValve.java:74) ~[tomcat-embed-core-10.1.34.jar:10.1.34]
	at org.apache.catalina.connector.CoyoteAdapter.service(CoyoteAdapter.java:344) ~[tomcat-embed-core-10.1.34.jar:10.1.34]
	at org.apache.coyote.http11.Http11Processor.service(Http11Processor.java:397) ~[tomcat-embed-core-10.1.34.jar:10.1.34]
	at org.apache.coyote.AbstractProcessorLight.process(AbstractProcessorLight.java:63) ~[tomcat-embed-core-10.1.34.jar:10.1.34]
	at org.apache.coyote.AbstractProtocol$ConnectionHandler.process(AbstractProtocol.java:905) ~[tomcat-embed-core-10.1.34.jar:10.1.34]
	at org.apache.tomcat.util.net.NioEndpoint$SocketProcessor.doRun(NioEndpoint.java:1741) ~[tomcat-embed-core-10.1.34.jar:10.1.34]
	at org.apache.tomcat.util.net.SocketProcessorBase.run(SocketProcessorBase.java:52) ~[tomcat-embed-core-10.1.34.jar:10.1.34]
	at org.apache.tomcat.util.threads.ThreadPoolExecutor.runWorker(ThreadPoolExecutor.java:1190) ~[tomcat-embed-core-10.1.34.jar:10.1.34]
	at org.apache.tomcat.util.threads.ThreadPoolExecutor$Worker.run(ThreadPoolExecutor.java:659) ~[tomcat-embed-core-10.1.34.jar:10.1.34]
	at org.apache.tomcat.util.threads.TaskThread$WrappingRunnable.run(TaskThread.java:63) ~[tomcat-embed-core-10.1.34.jar:10.1.34]
	at java.base/java.lang.Thread.run(Thread.java:1583) ~[na:na]

2025-02-02T15:40:38.737+09:00  WARN 11124 --- [project] [HikariPool-1 housekeeper] com.zaxxer.hikari.pool.HikariPool        : HikariPool-1 - Thread starvation or clock leap detected (housekeeper delta=4m23s358ms180µs500ns).
2025-02-02T15:58:34.069+09:00  WARN 11124 --- [project] [HikariPool-1 housekeeper] com.zaxxer.hikari.pool.HikariPool        : HikariPool-1 - Thread starvation or clock leap detected (housekeeper delta=16m25s244ms698µs100ns).
2025-02-02T16:16:27.630+09:00  INFO 11124 --- [project] [SpringApplicationShutdownHook] o.s.b.w.e.tomcat.GracefulShutdown        : Commencing graceful shutdown. Waiting for active requests to complete
2025-02-02T16:16:27.914+09:00  INFO 11124 --- [project] [tomcat-shutdown] o.s.b.w.e.tomcat.GracefulShutdown        : Graceful shutdown complete
2025-02-02T16:16:28.070+09:00  INFO 11124 --- [project] [SpringApplicationShutdownHook] j.LocalContainerEntityManagerFactoryBean : Closing JPA EntityManagerFactory for persistence unit 'default'
2025-02-02T16:16:28.208+09:00 TRACE 11124 --- [project] [SpringApplicationShutdownHook] o.h.type.spi.TypeConfiguration$Scope     : Handling #sessionFactoryClosed from [org.hibernate.internal.SessionFactoryImpl@7c6fc278] for TypeConfiguration
2025-02-02T16:16:28.212+09:00 DEBUG 11124 --- [project] [SpringApplicationShutdownHook] o.h.type.spi.TypeConfiguration$Scope     : Un-scoping TypeConfiguration [org.hibernate.type.spi.TypeConfiguration$Scope@2fa57c99] from SessionFactory [org.hibernate.internal.SessionFactoryImpl@7c6fc278]
2025-02-02T16:16:28.272+09:00  INFO 11124 --- [project] [SpringApplicationShutdownHook] com.zaxxer.hikari.HikariDataSource       : HikariPool-1 - Shutdown initiated...
2025-02-02T16:16:28.367+09:00  INFO 11124 --- [project] [SpringApplicationShutdownHook] com.zaxxer.hikari.HikariDataSource       : HikariPool-1 - Shutdown completed.
2025-02-02T16:16:54.804+09:00  INFO 13692 --- [project] [main] com.example.project.ProjectApplication   : Starting ProjectApplication using Java 21.0.5 with PID 13692 (C:\AI\javaProject\develope\project\out\production\classes started by nsy71 in C:\AI\javaProject\develope\project)
2025-02-02T16:16:54.820+09:00  INFO 13692 --- [project] [main] com.example.project.ProjectApplication   : The following 2 profiles are active: "secret", "dev"
2025-02-02T16:17:01.028+09:00  INFO 13692 --- [project] [main] .s.d.r.c.RepositoryConfigurationDelegate : Bootstrapping Spring Data JPA repositories in DEFAULT mode.
2025-02-02T16:17:01.573+09:00  INFO 13692 --- [project] [main] .s.d.r.c.RepositoryConfigurationDelegate : Finished Spring Data repository scanning in 483 ms. Found 1 JPA repository interface.
2025-02-02T16:17:05.693+09:00  INFO 13692 --- [project] [main] o.s.b.w.embedded.tomcat.TomcatWebServer  : Tomcat initialized with port 8080 (http)
2025-02-02T16:17:05.793+09:00  INFO 13692 --- [project] [main] o.apache.catalina.core.StandardService   : Starting service [Tomcat]
2025-02-02T16:17:05.794+09:00  INFO 13692 --- [project] [main] o.apache.catalina.core.StandardEngine    : Starting Servlet engine: [Apache Tomcat/10.1.34]
2025-02-02T16:17:06.141+09:00  INFO 13692 --- [project] [main] o.a.c.c.C.[Tomcat].[localhost].[/]       : Initializing Spring embedded WebApplicationContext
2025-02-02T16:17:06.143+09:00  INFO 13692 --- [project] [main] w.s.c.ServletWebServerApplicationContext : Root WebApplicationContext: initialization completed in 10998 ms
2025-02-02T16:17:06.917+09:00  INFO 13692 --- [project] [main] o.hibernate.jpa.internal.util.LogHelper  : HHH000204: Processing PersistenceUnitInfo [name: default]
2025-02-02T16:17:07.389+09:00  INFO 13692 --- [project] [main] org.hibernate.Version                    : HHH000412: Hibernate ORM core version 6.6.5.Final
2025-02-02T16:17:07.610+09:00  INFO 13692 --- [project] [main] o.h.c.internal.RegionFactoryInitiator    : HHH000026: Second-level cache disabled
2025-02-02T16:17:08.126+09:00 DEBUG 13692 --- [project] [main] org.hibernate.type.BasicTypeRegistry     : Adding type registration boolean -> org.hibernate.type.BasicTypeReference@70881123
2025-02-02T16:17:08.128+09:00 DEBUG 13692 --- [project] [main] org.hibernate.type.BasicTypeRegistry     : Adding type registration boolean -> org.hibernate.type.BasicTypeReference@70881123
2025-02-02T16:17:08.131+09:00 DEBUG 13692 --- [project] [main] org.hibernate.type.BasicTypeRegistry     : Adding type registration java.lang.Boolean -> org.hibernate.type.BasicTypeReference@70881123
2025-02-02T16:17:08.133+09:00 DEBUG 13692 --- [project] [main] org.hibernate.type.BasicTypeRegistry     : Adding type registration numeric_boolean -> org.hibernate.type.BasicTypeReference@703fa45
2025-02-02T16:17:08.134+09:00 DEBUG 13692 --- [project] [main] org.hibernate.type.BasicTypeRegistry     : Adding type registration org.hibernate.type.NumericBooleanConverter -> org.hibernate.type.BasicTypeReference@703fa45
2025-02-02T16:17:08.136+09:00 DEBUG 13692 --- [project] [main] org.hibernate.type.BasicTypeRegistry     : Adding type registration true_false -> org.hibernate.type.BasicTypeReference@5e905f2c
2025-02-02T16:17:08.138+09:00 DEBUG 13692 --- [project] [main] org.hibernate.type.BasicTypeRegistry     : Adding type registration org.hibernate.type.TrueFalseConverter -> org.hibernate.type.BasicTypeReference@5e905f2c
2025-02-02T16:17:08.140+09:00 DEBUG 13692 --- [project] [main] org.hibernate.type.BasicTypeRegistry     : Adding type registration yes_no -> org.hibernate.type.BasicTypeReference@fddd7ae
2025-02-02T16:17:08.142+09:00 DEBUG 13692 --- [project] [main] org.hibernate.type.BasicTypeRegistry     : Adding type registration org.hibernate.type.YesNoConverter -> org.hibernate.type.BasicTypeReference@fddd7ae
2025-02-02T16:17:08.146+09:00 DEBUG 13692 --- [project] [main] org.hibernate.type.BasicTypeRegistry     : Adding type registration byte -> org.hibernate.type.BasicTypeReference@3f6cce7f
2025-02-02T16:17:08.148+09:00 DEBUG 13692 --- [project] [main] org.hibernate.type.BasicTypeRegistry     : Adding type registration byte -> org.hibernate.type.BasicTypeReference@3f6cce7f
2025-02-02T16:17:08.149+09:00 DEBUG 13692 --- [project] [main] org.hibernate.type.BasicTypeRegistry     : Adding type registration java.lang.Byte -> org.hibernate.type.BasicTypeReference@3f6cce7f
2025-02-02T16:17:08.151+09:00 DEBUG 13692 --- [project] [main] org.hibernate.type.BasicTypeRegistry     : Adding type registration binary -> org.hibernate.type.BasicTypeReference@2725ca05
2025-02-02T16:17:08.153+09:00 DEBUG 13692 --- [project] [main] org.hibernate.type.BasicTypeRegistry     : Adding type registration byte[] -> org.hibernate.type.BasicTypeReference@2725ca05
2025-02-02T16:17:08.154+09:00 DEBUG 13692 --- [project] [main] org.hibernate.type.BasicTypeRegistry     : Adding type registration [B -> org.hibernate.type.BasicTypeReference@2725ca05
2025-02-02T16:17:08.156+09:00 DEBUG 13692 --- [project] [main] org.hibernate.type.BasicTypeRegistry     : Adding type registration binary_wrapper -> org.hibernate.type.BasicTypeReference@7b9088f2
2025-02-02T16:17:08.157+09:00 DEBUG 13692 --- [project] [main] org.hibernate.type.BasicTypeRegistry     : Adding type registration wrapper-binary -> org.hibernate.type.BasicTypeReference@7b9088f2
2025-02-02T16:17:08.159+09:00 DEBUG 13692 --- [project] [main] org.hibernate.type.BasicTypeRegistry     : Adding type registration image -> org.hibernate.type.BasicTypeReference@1a914089
2025-02-02T16:17:08.162+09:00 DEBUG 13692 --- [project] [main] org.hibernate.type.BasicTypeRegistry     : Adding type registration blob -> org.hibernate.type.BasicTypeReference@43d76a92
2025-02-02T16:17:08.164+09:00 DEBUG 13692 --- [project] [main] org.hibernate.type.BasicTypeRegistry     : Adding type registration java.sql.Blob -> org.hibernate.type.BasicTypeReference@43d76a92
2025-02-02T16:17:08.166+09:00 DEBUG 13692 --- [project] [main] org.hibernate.type.BasicTypeRegistry     : Adding type registration materialized_blob -> org.hibernate.type.BasicTypeReference@4a2bf50f
2025-02-02T16:17:08.168+09:00 DEBUG 13692 --- [project] [main] org.hibernate.type.BasicTypeRegistry     : Adding type registration materialized_blob_wrapper -> org.hibernate.type.BasicTypeReference@350323a0
2025-02-02T16:17:08.170+09:00 DEBUG 13692 --- [project] [main] org.hibernate.type.BasicTypeRegistry     : Adding type registration short -> org.hibernate.type.BasicTypeReference@2506b881
2025-02-02T16:17:08.172+09:00 DEBUG 13692 --- [project] [main] org.hibernate.type.BasicTypeRegistry     : Adding type registration short -> org.hibernate.type.BasicTypeReference@2506b881
2025-02-02T16:17:08.173+09:00 DEBUG 13692 --- [project] [main] org.hibernate.type.BasicTypeRegistry     : Adding type registration java.lang.Short -> org.hibernate.type.BasicTypeReference@2506b881
2025-02-02T16:17:08.175+09:00 DEBUG 13692 --- [project] [main] org.hibernate.type.BasicTypeRegistry     : Adding type registration integer -> org.hibernate.type.BasicTypeReference@5d7dd549
2025-02-02T16:17:08.178+09:00 DEBUG 13692 --- [project] [main] org.hibernate.type.BasicTypeRegistry     : Adding type registration int -> org.hibernate.type.BasicTypeReference@5d7dd549
2025-02-02T16:17:08.180+09:00 DEBUG 13692 --- [project] [main] org.hibernate.type.BasicTypeRegistry     : Adding type registration java.lang.Integer -> org.hibernate.type.BasicTypeReference@5d7dd549
2025-02-02T16:17:08.182+09:00 DEBUG 13692 --- [project] [main] org.hibernate.type.BasicTypeRegistry     : Adding type registration long -> org.hibernate.type.BasicTypeReference@486bd064
2025-02-02T16:17:08.184+09:00 DEBUG 13692 --- [project] [main] org.hibernate.type.BasicTypeRegistry     : Adding type registration long -> org.hibernate.type.BasicTypeReference@486bd064
2025-02-02T16:17:08.186+09:00 DEBUG 13692 --- [project] [main] org.hibernate.type.BasicTypeRegistry     : Adding type registration java.lang.Long -> org.hibernate.type.BasicTypeReference@486bd064
2025-02-02T16:17:08.188+09:00 DEBUG 13692 --- [project] [main] org.hibernate.type.BasicTypeRegistry     : Adding type registration float -> org.hibernate.type.BasicTypeReference@6459f4ea
2025-02-02T16:17:08.190+09:00 DEBUG 13692 --- [project] [main] org.hibernate.type.BasicTypeRegistry     : Adding type registration float -> org.hibernate.type.BasicTypeReference@6459f4ea
2025-02-02T16:17:08.191+09:00 DEBUG 13692 --- [project] [main] org.hibernate.type.BasicTypeRegistry     : Adding type registration java.lang.Float -> org.hibernate.type.BasicTypeReference@6459f4ea
2025-02-02T16:17:08.194+09:00 DEBUG 13692 --- [project] [main] org.hibernate.type.BasicTypeRegistry     : Adding type registration double -> org.hibernate.type.BasicTypeReference@740b9a50
2025-02-02T16:17:08.196+09:00 DEBUG 13692 --- [project] [main] org.hibernate.type.BasicTypeRegistry     : Adding type registration double -> org.hibernate.type.BasicTypeReference@740b9a50
2025-02-02T16:17:08.198+09:00 DEBUG 13692 --- [project] [main] org.hibernate.type.BasicTypeRegistry     : Adding type registration java.lang.Double -> org.hibernate.type.BasicTypeReference@740b9a50
2025-02-02T16:17:08.200+09:00 DEBUG 13692 --- [project] [main] org.hibernate.type.BasicTypeRegistry     : Adding type registration big_integer -> org.hibernate.type.BasicTypeReference@476fde05
2025-02-02T16:17:08.201+09:00 DEBUG 13692 --- [project] [main] org.hibernate.type.BasicTypeRegistry     : Adding type registration java.math.BigInteger -> org.hibernate.type.BasicTypeReference@476fde05
2025-02-02T16:17:08.203+09:00 DEBUG 13692 --- [project] [main] org.hibernate.type.BasicTypeRegistry     : Adding type registration big_decimal -> org.hibernate.type.BasicTypeReference@5111de7c
2025-02-02T16:17:08.204+09:00 DEBUG 13692 --- [project] [main] org.hibernate.type.BasicTypeRegistry     : Adding type registration java.math.BigDecimal -> org.hibernate.type.BasicTypeReference@5111de7c
2025-02-02T16:17:08.205+09:00 DEBUG 13692 --- [project] [main] org.hibernate.type.BasicTypeRegistry     : Adding type registration character -> org.hibernate.type.BasicTypeReference@7ac48e10
2025-02-02T16:17:08.206+09:00 DEBUG 13692 --- [project] [main] org.hibernate.type.BasicTypeRegistry     : Adding type registration char -> org.hibernate.type.BasicTypeReference@7ac48e10
2025-02-02T16:17:08.207+09:00 DEBUG 13692 --- [project] [main] org.hibernate.type.BasicTypeRegistry     : Adding type registration java.lang.Character -> org.hibernate.type.BasicTypeReference@7ac48e10
2025-02-02T16:17:08.208+09:00 DEBUG 13692 --- [project] [main] org.hibernate.type.BasicTypeRegistry     : Adding type registration character_nchar -> org.hibernate.type.BasicTypeReference@52354202
2025-02-02T16:17:08.213+09:00 DEBUG 13692 --- [project] [main] org.hibernate.type.BasicTypeRegistry     : Adding type registration string -> org.hibernate.type.BasicTypeReference@6b1321b7
2025-02-02T16:17:08.216+09:00 DEBUG 13692 --- [project] [main] org.hibernate.type.BasicTypeRegistry     : Adding type registration java.lang.String -> org.hibernate.type.BasicTypeReference@6b1321b7
2025-02-02T16:17:08.218+09:00 DEBUG 13692 --- [project] [main] org.hibernate.type.BasicTypeRegistry     : Adding type registration nstring -> org.hibernate.type.BasicTypeReference@342ee097
2025-02-02T16:17:08.220+09:00 DEBUG 13692 --- [project] [main] org.hibernate.type.BasicTypeRegistry     : Adding type registration characters -> org.hibernate.type.BasicTypeReference@6ac45c0c
2025-02-02T16:17:08.222+09:00 DEBUG 13692 --- [project] [main] org.hibernate.type.BasicTypeRegistry     : Adding type registration char[] -> org.hibernate.type.BasicTypeReference@6ac45c0c
2025-02-02T16:17:08.223+09:00 DEBUG 13692 --- [project] [main] org.hibernate.type.BasicTypeRegistry     : Adding type registration [C -> org.hibernate.type.BasicTypeReference@6ac45c0c
2025-02-02T16:17:08.226+09:00 DEBUG 13692 --- [project] [main] org.hibernate.type.BasicTypeRegistry     : Adding type registration wrapper-characters -> org.hibernate.type.BasicTypeReference@12192604
2025-02-02T16:17:08.228+09:00 DEBUG 13692 --- [project] [main] org.hibernate.type.BasicTypeRegistry     : Adding type registration text -> org.hibernate.type.BasicTypeReference@6075b369
2025-02-02T16:17:08.230+09:00 DEBUG 13692 --- [project] [main] org.hibernate.type.BasicTypeRegistry     : Adding type registration ntext -> org.hibernate.type.BasicTypeReference@231cdda8
2025-02-02T16:17:08.232+09:00 DEBUG 13692 --- [project] [main] org.hibernate.type.BasicTypeRegistry     : Adding type registration clob -> org.hibernate.type.BasicTypeReference@6b70d1fb
2025-02-02T16:17:08.234+09:00 DEBUG 13692 --- [project] [main] org.hibernate.type.BasicTypeRegistry     : Adding type registration java.sql.Clob -> org.hibernate.type.BasicTypeReference@6b70d1fb
2025-02-02T16:17:08.236+09:00 DEBUG 13692 --- [project] [main] org.hibernate.type.BasicTypeRegistry     : Adding type registration nclob -> org.hibernate.type.BasicTypeReference@3002e397
2025-02-02T16:17:08.237+09:00 DEBUG 13692 --- [project] [main] org.hibernate.type.BasicTypeRegistry     : Adding type registration java.sql.NClob -> org.hibernate.type.BasicTypeReference@3002e397
2025-02-02T16:17:08.238+09:00 DEBUG 13692 --- [project] [main] org.hibernate.type.BasicTypeRegistry     : Adding type registration materialized_clob -> org.hibernate.type.BasicTypeReference@7da1e005
2025-02-02T16:17:08.240+09:00 DEBUG 13692 --- [project] [main] org.hibernate.type.BasicTypeRegistry     : Adding type registration materialized_clob_char_array -> org.hibernate.type.BasicTypeReference@38159384
2025-02-02T16:17:08.243+09:00 DEBUG 13692 --- [project] [main] org.hibernate.type.BasicTypeRegistry     : Adding type registration materialized_clob_character_array -> org.hibernate.type.BasicTypeReference@55877274
2025-02-02T16:17:08.244+09:00 DEBUG 13692 --- [project] [main] org.hibernate.type.BasicTypeRegistry     : Adding type registration materialized_nclob -> org.hibernate.type.BasicTypeReference@723e2d08
2025-02-02T16:17:08.246+09:00 DEBUG 13692 --- [project] [main] org.hibernate.type.BasicTypeRegistry     : Adding type registration materialized_nclob_character_array -> org.hibernate.type.BasicTypeReference@6d4a82
2025-02-02T16:17:08.249+09:00 DEBUG 13692 --- [project] [main] org.hibernate.type.BasicTypeRegistry     : Adding type registration materialized_nclob_char_array -> org.hibernate.type.BasicTypeReference@14f060b8
2025-02-02T16:17:08.250+09:00 DEBUG 13692 --- [project] [main] org.hibernate.type.BasicTypeRegistry     : Adding type registration Duration -> org.hibernate.type.BasicTypeReference@7a0ab480
2025-02-02T16:17:08.251+09:00 DEBUG 13692 --- [project] [main] org.hibernate.type.BasicTypeRegistry     : Adding type registration java.time.Duration -> org.hibernate.type.BasicTypeReference@7a0ab480
2025-02-02T16:17:08.252+09:00 DEBUG 13692 --- [project] [main] org.hibernate.type.BasicTypeRegistry     : Adding type registration LocalDateTime -> org.hibernate.type.BasicTypeReference@79df80a4
2025-02-02T16:17:08.253+09:00 DEBUG 13692 --- [project] [main] org.hibernate.type.BasicTypeRegistry     : Adding type registration java.time.LocalDateTime -> org.hibernate.type.BasicTypeReference@79df80a4
2025-02-02T16:17:08.254+09:00 DEBUG 13692 --- [project] [main] org.hibernate.type.BasicTypeRegistry     : Adding type registration LocalDate -> org.hibernate.type.BasicTypeReference@130cfc47
2025-02-02T16:17:08.256+09:00 DEBUG 13692 --- [project] [main] org.hibernate.type.BasicTypeRegistry     : Adding type registration java.time.LocalDate -> org.hibernate.type.BasicTypeReference@130cfc47
2025-02-02T16:17:08.259+09:00 DEBUG 13692 --- [project] [main] org.hibernate.type.BasicTypeRegistry     : Adding type registration LocalTime -> org.hibernate.type.BasicTypeReference@4eeab3e
2025-02-02T16:17:08.260+09:00 DEBUG 13692 --- [project] [main] org.hibernate.type.BasicTypeRegistry     : Adding type registration java.time.LocalTime -> org.hibernate.type.BasicTypeReference@4eeab3e
2025-02-02T16:17:08.261+09:00 DEBUG 13692 --- [project] [main] org.hibernate.type.BasicTypeRegistry     : Adding type registration OffsetDateTime -> org.hibernate.type.BasicTypeReference@2b6fb197
2025-02-02T16:17:08.262+09:00 DEBUG 13692 --- [project] [main] org.hibernate.type.BasicTypeRegistry     : Adding type registration java.time.OffsetDateTime -> org.hibernate.type.BasicTypeReference@2b6fb197
2025-02-02T16:17:08.266+09:00 DEBUG 13692 --- [project] [main] org.hibernate.type.BasicTypeRegistry     : Adding type registration OffsetDateTimeWithTimezone -> org.hibernate.type.BasicTypeReference@2eb0cefe
2025-02-02T16:17:08.267+09:00 DEBUG 13692 --- [project] [main] org.hibernate.type.BasicTypeRegistry     : Adding type registration OffsetDateTimeWithoutTimezone -> org.hibernate.type.BasicTypeReference@5a2ae1ab
2025-02-02T16:17:08.268+09:00 DEBUG 13692 --- [project] [main] org.hibernate.type.BasicTypeRegistry     : Adding type registration OffsetTime -> org.hibernate.type.BasicTypeReference@2bec068b
2025-02-02T16:17:08.269+09:00 DEBUG 13692 --- [project] [main] org.hibernate.type.BasicTypeRegistry     : Adding type registration java.time.OffsetTime -> org.hibernate.type.BasicTypeReference@2bec068b
2025-02-02T16:17:08.270+09:00 DEBUG 13692 --- [project] [main] org.hibernate.type.BasicTypeRegistry     : Adding type registration OffsetTimeUtc -> org.hibernate.type.BasicTypeReference@7d59e968
2025-02-02T16:17:08.272+09:00 DEBUG 13692 --- [project] [main] org.hibernate.type.BasicTypeRegistry     : Adding type registration OffsetTimeWithTimezone -> org.hibernate.type.BasicTypeReference@55361f03
2025-02-02T16:17:08.273+09:00 DEBUG 13692 --- [project] [main] org.hibernate.type.BasicTypeRegistry     : Adding type registration OffsetTimeWithoutTimezone -> org.hibernate.type.BasicTypeReference@581c9bb7
2025-02-02T16:17:08.275+09:00 DEBUG 13692 --- [project] [main] org.hibernate.type.BasicTypeRegistry     : Adding type registration ZonedDateTime -> org.hibernate.type.BasicTypeReference@138f0661
2025-02-02T16:17:08.276+09:00 DEBUG 13692 --- [project] [main] org.hibernate.type.BasicTypeRegistry     : Adding type registration java.time.ZonedDateTime -> org.hibernate.type.BasicTypeReference@138f0661
2025-02-02T16:17:08.277+09:00 DEBUG 13692 --- [project] [main] org.hibernate.type.BasicTypeRegistry     : Adding type registration ZonedDateTimeWithTimezone -> org.hibernate.type.BasicTypeReference@212fafd1
2025-02-02T16:17:08.278+09:00 DEBUG 13692 --- [project] [main] org.hibernate.type.BasicTypeRegistry     : Adding type registration ZonedDateTimeWithoutTimezone -> org.hibernate.type.BasicTypeReference@448462f0
2025-02-02T16:17:08.280+09:00 DEBUG 13692 --- [project] [main] org.hibernate.type.BasicTypeRegistry     : Adding type registration date -> org.hibernate.type.BasicTypeReference@787988f4
2025-02-02T16:17:08.282+09:00 DEBUG 13692 --- [project] [main] org.hibernate.type.BasicTypeRegistry     : Adding type registration java.sql.Date -> org.hibernate.type.BasicTypeReference@787988f4
2025-02-02T16:17:08.283+09:00 DEBUG 13692 --- [project] [main] org.hibernate.type.BasicTypeRegistry     : Adding type registration time -> org.hibernate.type.BasicTypeReference@132e3594
2025-02-02T16:17:08.284+09:00 DEBUG 13692 --- [project] [main] org.hibernate.type.BasicTypeRegistry     : Adding type registration java.sql.Time -> org.hibernate.type.BasicTypeReference@132e3594
2025-02-02T16:17:08.285+09:00 DEBUG 13692 --- [project] [main] org.hibernate.type.BasicTypeRegistry     : Adding type registration timestamp -> org.hibernate.type.BasicTypeReference@4f235107
2025-02-02T16:17:08.286+09:00 DEBUG 13692 --- [project] [main] org.hibernate.type.BasicTypeRegistry     : Adding type registration java.sql.Timestamp -> org.hibernate.type.BasicTypeReference@4f235107
2025-02-02T16:17:08.288+09:00 DEBUG 13692 --- [project] [main] org.hibernate.type.BasicTypeRegistry     : Adding type registration java.util.Date -> org.hibernate.type.BasicTypeReference@4f235107
2025-02-02T16:17:08.291+09:00 DEBUG 13692 --- [project] [main] org.hibernate.type.BasicTypeRegistry     : Adding type registration calendar -> org.hibernate.type.BasicTypeReference@28d739f1
2025-02-02T16:17:08.292+09:00 DEBUG 13692 --- [project] [main] org.hibernate.type.BasicTypeRegistry     : Adding type registration java.util.Calendar -> org.hibernate.type.BasicTypeReference@28d739f1
2025-02-02T16:17:08.293+09:00 DEBUG 13692 --- [project] [main] org.hibernate.type.BasicTypeRegistry     : Adding type registration java.util.GregorianCalendar -> org.hibernate.type.BasicTypeReference@28d739f1
2025-02-02T16:17:08.294+09:00 DEBUG 13692 --- [project] [main] org.hibernate.type.BasicTypeRegistry     : Adding type registration calendar_date -> org.hibernate.type.BasicTypeReference@1c5d3a37
2025-02-02T16:17:08.295+09:00 DEBUG 13692 --- [project] [main] org.hibernate.type.BasicTypeRegistry     : Adding type registration calendar_time -> org.hibernate.type.BasicTypeReference@7e3d2ebd
2025-02-02T16:17:08.296+09:00 DEBUG 13692 --- [project] [main] org.hibernate.type.BasicTypeRegistry     : Adding type registration instant -> org.hibernate.type.BasicTypeReference@2b43f314
2025-02-02T16:17:08.297+09:00 DEBUG 13692 --- [project] [main] org.hibernate.type.BasicTypeRegistry     : Adding type registration java.time.Instant -> org.hibernate.type.BasicTypeReference@2b43f314
2025-02-02T16:17:08.298+09:00 DEBUG 13692 --- [project] [main] org.hibernate.type.BasicTypeRegistry     : Adding type registration uuid -> org.hibernate.type.BasicTypeReference@3a4a5f3c
2025-02-02T16:17:08.299+09:00 DEBUG 13692 --- [project] [main] org.hibernate.type.BasicTypeRegistry     : Adding type registration java.util.UUID -> org.hibernate.type.BasicTypeReference@3a4a5f3c
2025-02-02T16:17:08.300+09:00 DEBUG 13692 --- [project] [main] org.hibernate.type.BasicTypeRegistry     : Adding type registration pg-uuid -> org.hibernate.type.BasicTypeReference@3a4a5f3c
2025-02-02T16:17:08.302+09:00 DEBUG 13692 --- [project] [main] org.hibernate.type.BasicTypeRegistry     : Adding type registration uuid-binary -> org.hibernate.type.BasicTypeReference@4f3356c0
2025-02-02T16:17:08.304+09:00 DEBUG 13692 --- [project] [main] org.hibernate.type.BasicTypeRegistry     : Adding type registration uuid-char -> org.hibernate.type.BasicTypeReference@586cc15d
2025-02-02T16:17:08.305+09:00 DEBUG 13692 --- [project] [main] org.hibernate.type.BasicTypeRegistry     : Adding type registration class -> org.hibernate.type.BasicTypeReference@6c835217
2025-02-02T16:17:08.306+09:00 DEBUG 13692 --- [project] [main] org.hibernate.type.BasicTypeRegistry     : Adding type registration java.lang.Class -> org.hibernate.type.BasicTypeReference@6c835217
2025-02-02T16:17:08.307+09:00 DEBUG 13692 --- [project] [main] org.hibernate.type.BasicTypeRegistry     : Adding type registration currency -> org.hibernate.type.BasicTypeReference@4584304
2025-02-02T16:17:08.308+09:00 DEBUG 13692 --- [project] [main] org.hibernate.type.BasicTypeRegistry     : Adding type registration Currency -> org.hibernate.type.BasicTypeReference@4584304
2025-02-02T16:17:08.309+09:00 DEBUG 13692 --- [project] [main] org.hibernate.type.BasicTypeRegistry     : Adding type registration java.util.Currency -> org.hibernate.type.BasicTypeReference@4584304
2025-02-02T16:17:08.310+09:00 DEBUG 13692 --- [project] [main] org.hibernate.type.BasicTypeRegistry     : Adding type registration locale -> org.hibernate.type.BasicTypeReference@51888019
2025-02-02T16:17:08.311+09:00 DEBUG 13692 --- [project] [main] org.hibernate.type.BasicTypeRegistry     : Adding type registration java.util.Locale -> org.hibernate.type.BasicTypeReference@51888019
2025-02-02T16:17:08.312+09:00 DEBUG 13692 --- [project] [main] org.hibernate.type.BasicTypeRegistry     : Adding type registration serializable -> org.hibernate.type.BasicTypeReference@6f50d55c
2025-02-02T16:17:08.313+09:00 DEBUG 13692 --- [project] [main] org.hibernate.type.BasicTypeRegistry     : Adding type registration java.io.Serializable -> org.hibernate.type.BasicTypeReference@6f50d55c
2025-02-02T16:17:08.315+09:00 DEBUG 13692 --- [project] [main] org.hibernate.type.BasicTypeRegistry     : Adding type registration timezone -> org.hibernate.type.BasicTypeReference@19b5214b
2025-02-02T16:17:08.316+09:00 DEBUG 13692 --- [project] [main] org.hibernate.type.BasicTypeRegistry     : Adding type registration java.util.TimeZone -> org.hibernate.type.BasicTypeReference@19b5214b
2025-02-02T16:17:08.317+09:00 DEBUG 13692 --- [project] [main] org.hibernate.type.BasicTypeRegistry     : Adding type registration ZoneOffset -> org.hibernate.type.BasicTypeReference@5fb3111a
2025-02-02T16:17:08.319+09:00 DEBUG 13692 --- [project] [main] org.hibernate.type.BasicTypeRegistry     : Adding type registration java.time.ZoneOffset -> org.hibernate.type.BasicTypeReference@5fb3111a
2025-02-02T16:17:08.320+09:00 DEBUG 13692 --- [project] [main] org.hibernate.type.BasicTypeRegistry     : Adding type registration url -> org.hibernate.type.BasicTypeReference@4aaecabd
2025-02-02T16:17:08.322+09:00 DEBUG 13692 --- [project] [main] org.hibernate.type.BasicTypeRegistry     : Adding type registration java.net.URL -> org.hibernate.type.BasicTypeReference@4aaecabd
2025-02-02T16:17:08.323+09:00 DEBUG 13692 --- [project] [main] org.hibernate.type.BasicTypeRegistry     : Adding type registration vector -> org.hibernate.type.BasicTypeReference@23bd0c81
2025-02-02T16:17:08.324+09:00 DEBUG 13692 --- [project] [main] org.hibernate.type.BasicTypeRegistry     : Adding type registration float_vector -> org.hibernate.type.BasicTypeReference@1332dec4
2025-02-02T16:17:08.325+09:00 DEBUG 13692 --- [project] [main] org.hibernate.type.BasicTypeRegistry     : Adding type registration double_vector -> org.hibernate.type.BasicTypeReference@544e3679
2025-02-02T16:17:08.326+09:00 DEBUG 13692 --- [project] [main] org.hibernate.type.BasicTypeRegistry     : Adding type registration byte_vector -> org.hibernate.type.BasicTypeReference@6889f56f
2025-02-02T16:17:08.326+09:00 DEBUG 13692 --- [project] [main] org.hibernate.type.BasicTypeRegistry     : Adding type registration row_version -> org.hibernate.type.BasicTypeReference@231b35fb
2025-02-02T16:17:08.357+09:00 DEBUG 13692 --- [project] [main] org.hibernate.type.BasicTypeRegistry     : Adding type registration object -> org.hibernate.type.JavaObjectType@3bbf1c0d
2025-02-02T16:17:08.359+09:00 DEBUG 13692 --- [project] [main] org.hibernate.type.BasicTypeRegistry     : Adding type registration java.lang.Object -> org.hibernate.type.JavaObjectType@3bbf1c0d
2025-02-02T16:17:08.366+09:00 DEBUG 13692 --- [project] [main] org.hibernate.type.BasicTypeRegistry     : Adding type registration null -> org.hibernate.type.NullType@5939e24
2025-02-02T16:17:08.368+09:00 DEBUG 13692 --- [project] [main] org.hibernate.type.BasicTypeRegistry     : Adding type registration imm_date -> org.hibernate.type.BasicTypeReference@595f9916
2025-02-02T16:17:08.370+09:00 DEBUG 13692 --- [project] [main] org.hibernate.type.BasicTypeRegistry     : Adding type registration imm_time -> org.hibernate.type.BasicTypeReference@2055833f
2025-02-02T16:17:08.371+09:00 DEBUG 13692 --- [project] [main] org.hibernate.type.BasicTypeRegistry     : Adding type registration imm_timestamp -> org.hibernate.type.BasicTypeReference@28768e25
2025-02-02T16:17:08.372+09:00 DEBUG 13692 --- [project] [main] org.hibernate.type.BasicTypeRegistry     : Adding type registration imm_calendar -> org.hibernate.type.BasicTypeReference@310d57b1
2025-02-02T16:17:08.374+09:00 DEBUG 13692 --- [project] [main] org.hibernate.type.BasicTypeRegistry     : Adding type registration imm_calendar_date -> org.hibernate.type.BasicTypeReference@143fefaf
2025-02-02T16:17:08.377+09:00 DEBUG 13692 --- [project] [main] org.hibernate.type.BasicTypeRegistry     : Adding type registration imm_calendar_time -> org.hibernate.type.BasicTypeReference@18ffca6c
2025-02-02T16:17:08.405+09:00 DEBUG 13692 --- [project] [main] org.hibernate.type.BasicTypeRegistry     : Adding type registration imm_binary -> org.hibernate.type.BasicTypeReference@46468f0
2025-02-02T16:17:08.406+09:00 DEBUG 13692 --- [project] [main] org.hibernate.type.BasicTypeRegistry     : Adding type registration imm_serializable -> org.hibernate.type.BasicTypeReference@5f8f1712
2025-02-02T16:17:09.788+09:00  INFO 13692 --- [project] [main] o.s.o.j.p.SpringPersistenceUnitInfo      : No LoadTimeWeaver setup: ignoring JPA class transformer
2025-02-02T16:17:09.988+09:00  INFO 13692 --- [project] [main] com.zaxxer.hikari.HikariDataSource       : HikariPool-1 - Starting...
2025-02-02T16:17:11.099+09:00  INFO 13692 --- [project] [main] com.zaxxer.hikari.pool.HikariPool        : HikariPool-1 - Added connection conn0: url=jdbc:h2:mem:test user=SA
2025-02-02T16:17:11.109+09:00  INFO 13692 --- [project] [main] com.zaxxer.hikari.HikariDataSource       : HikariPool-1 - Start completed.
2025-02-02T16:17:11.483+09:00  INFO 13692 --- [project] [main] org.hibernate.orm.connections.pooling    : HHH10001005: Database info:
	Database JDBC URL [Connecting through datasource 'HikariDataSource (HikariPool-1)']
	Database driver: undefined/unknown
	Database version: 2.3.232
	Autocommit mode: undefined/unknown
	Isolation level: undefined/unknown
	Minimum pool size: undefined/unknown
	Maximum pool size: undefined/unknown
2025-02-02T16:17:11.533+09:00 DEBUG 13692 --- [project] [main] o.h.t.d.jdbc.spi.JdbcTypeRegistry        : addDescriptor(NCharTypeDescriptor) replaced previous registration(CharTypeDescriptor)
2025-02-02T16:17:11.534+09:00 DEBUG 13692 --- [project] [main] o.h.t.d.jdbc.spi.JdbcTypeRegistry        : addDescriptor(NVarcharTypeDescriptor) replaced previous registration(VarcharTypeDescriptor)
2025-02-02T16:17:11.536+09:00 DEBUG 13692 --- [project] [main] o.h.t.d.jdbc.spi.JdbcTypeRegistry        : addDescriptor(LongNVarcharTypeDescriptor) replaced previous registration(LongVarcharTypeDescriptor)
2025-02-02T16:17:11.554+09:00 DEBUG 13692 --- [project] [main] o.h.t.d.jdbc.spi.JdbcTypeRegistry        : addDescriptor(NClobTypeDescriptor(DEFAULT)) replaced previous registration(ClobTypeDescriptor(DEFAULT))
2025-02-02T16:17:11.563+09:00 DEBUG 13692 --- [project] [main] o.h.t.d.jdbc.spi.JdbcTypeRegistry        : addDescriptor(TimestampUtcDescriptor) replaced previous registration(TimestampUtcDescriptor)
2025-02-02T16:17:11.590+09:00 DEBUG 13692 --- [project] [main] org.hibernate.type.BasicTypeRegistry     : Adding type registration org.hibernate.type.DurationType -> basicType@1(java.time.Duration,3015)
2025-02-02T16:17:11.591+09:00 DEBUG 13692 --- [project] [main] org.hibernate.type.BasicTypeRegistry     : Adding type registration Duration -> basicType@1(java.time.Duration,3015)
2025-02-02T16:17:11.592+09:00 DEBUG 13692 --- [project] [main] org.hibernate.type.BasicTypeRegistry     : Adding type registration java.time.Duration -> basicType@1(java.time.Duration,3015)
2025-02-02T16:17:11.610+09:00 DEBUG 13692 --- [project] [main] o.h.type.spi.TypeConfiguration$Scope     : Scoping TypeConfiguration [org.hibernate.type.spi.TypeConfiguration@92e2c93] to MetadataBuildingContext [org.hibernate.boot.internal.MetadataBuildingContextRootImpl@6697f3d]
2025-02-02T16:17:17.005+09:00  INFO 13692 --- [project] [main] o.h.e.t.j.p.i.JtaPlatformInitiator       : HHH000489: No JTA platform available (set 'hibernate.transaction.jta.platform' to enable JTA platform integration)
2025-02-02T16:17:17.010+09:00 DEBUG 13692 --- [project] [main] o.h.type.spi.TypeConfiguration$Scope     : Scoping TypeConfiguration [org.hibernate.type.spi.TypeConfiguration@92e2c93] to SessionFactoryImplementor [org.hibernate.internal.SessionFactoryImpl@4113d9ab]
2025-02-02T16:17:17.230+09:00 TRACE 13692 --- [project] [main] o.h.type.spi.TypeConfiguration$Scope     : Handling #sessionFactoryCreated from [org.hibernate.internal.SessionFactoryImpl@4113d9ab] for TypeConfiguration
2025-02-02T16:17:17.233+09:00  INFO 13692 --- [project] [main] j.LocalContainerEntityManagerFactoryBean : Initialized JPA EntityManagerFactory for persistence unit 'default'
2025-02-02T16:17:19.663+09:00  WARN 13692 --- [project] [main] .s.s.UserDetailsServiceAutoConfiguration : 

Using generated security password: c8db36c8-d5f7-4dd7-8864-9bf349b7dc1a

This generated password is for development use only. Your security configuration must be updated before running your application in production.

2025-02-02T16:17:19.706+09:00  INFO 13692 --- [project] [main] r$InitializeUserDetailsManagerConfigurer : Global AuthenticationManager configured with UserDetailsService bean with name inMemoryUserDetailsManager
2025-02-02T16:17:22.324+09:00  INFO 13692 --- [project] [main] o.s.b.a.h2.H2ConsoleAutoConfiguration    : H2 console available at '/h2-console'. Database available at 'jdbc:h2:mem:test'
2025-02-02T16:17:22.776+09:00  INFO 13692 --- [project] [main] o.s.b.w.embedded.tomcat.TomcatWebServer  : Tomcat started on port 8080 (http) with context path '/'
2025-02-02T16:17:22.815+09:00  INFO 13692 --- [project] [main] com.example.project.ProjectApplication   : Started ProjectApplication in 31.89 seconds (process running for 34.751)
2025-02-02T16:17:30.060+09:00  INFO 13692 --- [project] [http-nio-8080-exec-1] o.a.c.c.C.[Tomcat].[localhost].[/]       : Initializing Spring DispatcherServlet 'dispatcherServlet'
2025-02-02T16:17:30.065+09:00  INFO 13692 --- [project] [http-nio-8080-exec-1] o.s.web.servlet.DispatcherServlet        : Initializing Servlet 'dispatcherServlet'
2025-02-02T16:17:30.098+09:00  INFO 13692 --- [project] [http-nio-8080-exec-1] o.s.web.servlet.DispatcherServlet        : Completed initialization in 31 ms
2025-02-02T16:17:30.235+09:00 ERROR 13692 --- [project] [http-nio-8080-exec-1] o.a.c.c.C.[.[.[/].[dispatcherServlet]    : Servlet.service() for servlet [dispatcherServlet] in context with path [] threw exception

java.lang.NullPointerException: Cannot read the array length because "array" is null
	at java.base/java.util.Arrays.stream(Arrays.java:5528) ~[na:na]
	at com.example.project.global.security.JwtAuthorizationFilter._getCookie(JwtAuthorizationFilter.java:50) ~[classes/:na]
	at com.example.project.global.security.JwtAuthorizationFilter.doFilterInternal(JwtAuthorizationFilter.java:32) ~[classes/:na]
	at org.springframework.web.filter.OncePerRequestFilter.doFilter(OncePerRequestFilter.java:116) ~[spring-web-6.2.2.jar:6.2.2]
	at org.springframework.security.web.FilterChainProxy$VirtualFilterChain.doFilter(FilterChainProxy.java:374) ~[spring-security-web-6.4.2.jar:6.4.2]
	at org.springframework.security.web.authentication.logout.LogoutFilter.doFilter(LogoutFilter.java:107) ~[spring-security-web-6.4.2.jar:6.4.2]
	at org.springframework.security.web.authentication.logout.LogoutFilter.doFilter(LogoutFilter.java:93) ~[spring-security-web-6.4.2.jar:6.4.2]
	at org.springframework.security.web.FilterChainProxy$VirtualFilterChain.doFilter(FilterChainProxy.java:374) ~[spring-security-web-6.4.2.jar:6.4.2]
	at org.springframework.security.web.header.HeaderWriterFilter.doHeadersAfter(HeaderWriterFilter.java:90) ~[spring-security-web-6.4.2.jar:6.4.2]
	at org.springframework.security.web.header.HeaderWriterFilter.doFilterInternal(HeaderWriterFilter.java:75) ~[spring-security-web-6.4.2.jar:6.4.2]
	at org.springframework.web.filter.OncePerRequestFilter.doFilter(OncePerRequestFilter.java:116) ~[spring-web-6.2.2.jar:6.2.2]
	at org.springframework.security.web.FilterChainProxy$VirtualFilterChain.doFilter(FilterChainProxy.java:374) ~[spring-security-web-6.4.2.jar:6.4.2]
	at org.springframework.security.web.context.SecurityContextHolderFilter.doFilter(SecurityContextHolderFilter.java:82) ~[spring-security-web-6.4.2.jar:6.4.2]
	at org.springframework.security.web.context.SecurityContextHolderFilter.doFilter(SecurityContextHolderFilter.java:69) ~[spring-security-web-6.4.2.jar:6.4.2]
	at org.springframework.security.web.FilterChainProxy$VirtualFilterChain.doFilter(FilterChainProxy.java:374) ~[spring-security-web-6.4.2.jar:6.4.2]
	at org.springframework.security.web.context.request.async.WebAsyncManagerIntegrationFilter.doFilterInternal(WebAsyncManagerIntegrationFilter.java:62) ~[spring-security-web-6.4.2.jar:6.4.2]
	at org.springframework.web.filter.OncePerRequestFilter.doFilter(OncePerRequestFilter.java:116) ~[spring-web-6.2.2.jar:6.2.2]
	at org.springframework.security.web.FilterChainProxy$VirtualFilterChain.doFilter(FilterChainProxy.java:374) ~[spring-security-web-6.4.2.jar:6.4.2]
	at org.springframework.security.web.session.DisableEncodeUrlFilter.doFilterInternal(DisableEncodeUrlFilter.java:42) ~[spring-security-web-6.4.2.jar:6.4.2]
	at org.springframework.web.filter.OncePerRequestFilter.doFilter(OncePerRequestFilter.java:116) ~[spring-web-6.2.2.jar:6.2.2]
	at org.springframework.security.web.FilterChainProxy$VirtualFilterChain.doFilter(FilterChainProxy.java:374) ~[spring-security-web-6.4.2.jar:6.4.2]
	at org.springframework.security.web.FilterChainProxy.doFilterInternal(FilterChainProxy.java:233) ~[spring-security-web-6.4.2.jar:6.4.2]
	at org.springframework.security.web.FilterChainProxy.doFilter(FilterChainProxy.java:191) ~[spring-security-web-6.4.2.jar:6.4.2]
	at org.springframework.web.filter.CompositeFilter$VirtualFilterChain.doFilter(CompositeFilter.java:113) ~[spring-web-6.2.2.jar:6.2.2]
	at org.springframework.web.servlet.handler.HandlerMappingIntrospector.lambda$createCacheFilter$3(HandlerMappingIntrospector.java:243) ~[spring-webmvc-6.2.2.jar:6.2.2]
	at org.springframework.web.filter.CompositeFilter$VirtualFilterChain.doFilter(CompositeFilter.java:113) ~[spring-web-6.2.2.jar:6.2.2]
	at org.springframework.web.filter.CompositeFilter.doFilter(CompositeFilter.java:74) ~[spring-web-6.2.2.jar:6.2.2]
	at org.springframework.security.config.annotation.web.configuration.WebMvcSecurityConfiguration$CompositeFilterChainProxy.doFilter(WebMvcSecurityConfiguration.java:238) ~[spring-security-config-6.4.2.jar:6.4.2]
	at org.springframework.web.filter.DelegatingFilterProxy.invokeDelegate(DelegatingFilterProxy.java:362) ~[spring-web-6.2.2.jar:6.2.2]
	at org.springframework.web.filter.DelegatingFilterProxy.doFilter(DelegatingFilterProxy.java:278) ~[spring-web-6.2.2.jar:6.2.2]
	at org.apache.catalina.core.ApplicationFilterChain.internalDoFilter(ApplicationFilterChain.java:164) ~[tomcat-embed-core-10.1.34.jar:10.1.34]
	at org.apache.catalina.core.ApplicationFilterChain.doFilter(ApplicationFilterChain.java:140) ~[tomcat-embed-core-10.1.34.jar:10.1.34]
	at org.springframework.web.filter.RequestContextFilter.doFilterInternal(RequestContextFilter.java:100) ~[spring-web-6.2.2.jar:6.2.2]
	at org.springframework.web.filter.OncePerRequestFilter.doFilter(OncePerRequestFilter.java:116) ~[spring-web-6.2.2.jar:6.2.2]
	at org.apache.catalina.core.ApplicationFilterChain.internalDoFilter(ApplicationFilterChain.java:164) ~[tomcat-embed-core-10.1.34.jar:10.1.34]
	at org.apache.catalina.core.ApplicationFilterChain.doFilter(ApplicationFilterChain.java:140) ~[tomcat-embed-core-10.1.34.jar:10.1.34]
	at org.springframework.web.filter.FormContentFilter.doFilterInternal(FormContentFilter.java:93) ~[spring-web-6.2.2.jar:6.2.2]
	at org.springframework.web.filter.OncePerRequestFilter.doFilter(OncePerRequestFilter.java:116) ~[spring-web-6.2.2.jar:6.2.2]
	at org.apache.catalina.core.ApplicationFilterChain.internalDoFilter(ApplicationFilterChain.java:164) ~[tomcat-embed-core-10.1.34.jar:10.1.34]
	at org.apache.catalina.core.ApplicationFilterChain.doFilter(ApplicationFilterChain.java:140) ~[tomcat-embed-core-10.1.34.jar:10.1.34]
	at org.springframework.web.filter.CharacterEncodingFilter.doFilterInternal(CharacterEncodingFilter.java:201) ~[spring-web-6.2.2.jar:6.2.2]
	at org.springframework.web.filter.OncePerRequestFilter.doFilter(OncePerRequestFilter.java:116) ~[spring-web-6.2.2.jar:6.2.2]
	at org.apache.catalina.core.ApplicationFilterChain.internalDoFilter(ApplicationFilterChain.java:164) ~[tomcat-embed-core-10.1.34.jar:10.1.34]
	at org.apache.catalina.core.ApplicationFilterChain.doFilter(ApplicationFilterChain.java:140) ~[tomcat-embed-core-10.1.34.jar:10.1.34]
	at org.apache.catalina.core.StandardWrapperValve.invoke(StandardWrapperValve.java:167) ~[tomcat-embed-core-10.1.34.jar:10.1.34]
	at org.apache.catalina.core.StandardContextValve.invoke(StandardContextValve.java:90) ~[tomcat-embed-core-10.1.34.jar:10.1.34]
	at org.apache.catalina.authenticator.AuthenticatorBase.invoke(AuthenticatorBase.java:483) ~[tomcat-embed-core-10.1.34.jar:10.1.34]
	at org.apache.catalina.core.StandardHostValve.invoke(StandardHostValve.java:115) ~[tomcat-embed-core-10.1.34.jar:10.1.34]
	at org.apache.catalina.valves.ErrorReportValve.invoke(ErrorReportValve.java:93) ~[tomcat-embed-core-10.1.34.jar:10.1.34]
	at org.apache.catalina.core.StandardEngineValve.invoke(StandardEngineValve.java:74) ~[tomcat-embed-core-10.1.34.jar:10.1.34]
	at org.apache.catalina.connector.CoyoteAdapter.service(CoyoteAdapter.java:344) ~[tomcat-embed-core-10.1.34.jar:10.1.34]
	at org.apache.coyote.http11.Http11Processor.service(Http11Processor.java:397) ~[tomcat-embed-core-10.1.34.jar:10.1.34]
	at org.apache.coyote.AbstractProcessorLight.process(AbstractProcessorLight.java:63) ~[tomcat-embed-core-10.1.34.jar:10.1.34]
	at org.apache.coyote.AbstractProtocol$ConnectionHandler.process(AbstractProtocol.java:905) ~[tomcat-embed-core-10.1.34.jar:10.1.34]
	at org.apache.tomcat.util.net.NioEndpoint$SocketProcessor.doRun(NioEndpoint.java:1741) ~[tomcat-embed-core-10.1.34.jar:10.1.34]
	at org.apache.tomcat.util.net.SocketProcessorBase.run(SocketProcessorBase.java:52) ~[tomcat-embed-core-10.1.34.jar:10.1.34]
	at org.apache.tomcat.util.threads.ThreadPoolExecutor.runWorker(ThreadPoolExecutor.java:1190) ~[tomcat-embed-core-10.1.34.jar:10.1.34]
	at org.apache.tomcat.util.threads.ThreadPoolExecutor$Worker.run(ThreadPoolExecutor.java:659) ~[tomcat-embed-core-10.1.34.jar:10.1.34]
	at org.apache.tomcat.util.threads.TaskThread$WrappingRunnable.run(TaskThread.java:63) ~[tomcat-embed-core-10.1.34.jar:10.1.34]
	at java.base/java.lang.Thread.run(Thread.java:1583) ~[na:na]

2025-02-02T16:21:23.909+09:00  INFO 13692 --- [project] [SpringApplicationShutdownHook] o.s.b.w.e.tomcat.GracefulShutdown        : Commencing graceful shutdown. Waiting for active requests to complete
2025-02-02T16:21:23.933+09:00  INFO 13692 --- [project] [tomcat-shutdown] o.s.b.w.e.tomcat.GracefulShutdown        : Graceful shutdown complete
2025-02-02T16:21:23.948+09:00  INFO 13692 --- [project] [SpringApplicationShutdownHook] j.LocalContainerEntityManagerFactoryBean : Closing JPA EntityManagerFactory for persistence unit 'default'
2025-02-02T16:21:23.951+09:00 TRACE 13692 --- [project] [SpringApplicationShutdownHook] o.h.type.spi.TypeConfiguration$Scope     : Handling #sessionFactoryClosed from [org.hibernate.internal.SessionFactoryImpl@4113d9ab] for TypeConfiguration
2025-02-02T16:21:23.952+09:00 DEBUG 13692 --- [project] [SpringApplicationShutdownHook] o.h.type.spi.TypeConfiguration$Scope     : Un-scoping TypeConfiguration [org.hibernate.type.spi.TypeConfiguration$Scope@6a14903] from SessionFactory [org.hibernate.internal.SessionFactoryImpl@4113d9ab]
2025-02-02T16:21:23.957+09:00  INFO 13692 --- [project] [SpringApplicationShutdownHook] com.zaxxer.hikari.HikariDataSource       : HikariPool-1 - Shutdown initiated...
2025-02-02T16:21:23.971+09:00  INFO 13692 --- [project] [SpringApplicationShutdownHook] com.zaxxer.hikari.HikariDataSource       : HikariPool-1 - Shutdown completed.
2025-02-02T16:22:09.688+09:00  INFO 1688 --- [project] [main] com.example.project.ProjectApplication   : Starting ProjectApplication using Java 21.0.5 with PID 1688 (C:\AI\javaProject\develope\project\build\classes\java\main started by nsy71 in C:\AI\javaProject\develope\project)
2025-02-02T16:22:09.700+09:00  INFO 1688 --- [project] [main] com.example.project.ProjectApplication   : The following 2 profiles are active: "secret", "dev"
2025-02-02T16:22:13.580+09:00  INFO 1688 --- [project] [main] .s.d.r.c.RepositoryConfigurationDelegate : Bootstrapping Spring Data JPA repositories in DEFAULT mode.
2025-02-02T16:22:13.958+09:00  INFO 1688 --- [project] [main] .s.d.r.c.RepositoryConfigurationDelegate : Finished Spring Data repository scanning in 337 ms. Found 1 JPA repository interface.
2025-02-02T16:22:17.463+09:00  INFO 1688 --- [project] [main] o.s.b.w.embedded.tomcat.TomcatWebServer  : Tomcat initialized with port 8080 (http)
2025-02-02T16:22:17.545+09:00  INFO 1688 --- [project] [main] o.apache.catalina.core.StandardService   : Starting service [Tomcat]
2025-02-02T16:22:17.547+09:00  INFO 1688 --- [project] [main] o.apache.catalina.core.StandardEngine    : Starting Servlet engine: [Apache Tomcat/10.1.34]
2025-02-02T16:22:17.905+09:00  INFO 1688 --- [project] [main] o.a.c.c.C.[Tomcat].[localhost].[/]       : Initializing Spring embedded WebApplicationContext
2025-02-02T16:22:17.906+09:00  INFO 1688 --- [project] [main] w.s.c.ServletWebServerApplicationContext : Root WebApplicationContext: initialization completed in 7923 ms
2025-02-02T16:22:18.591+09:00  INFO 1688 --- [project] [main] o.hibernate.jpa.internal.util.LogHelper  : HHH000204: Processing PersistenceUnitInfo [name: default]
2025-02-02T16:22:18.997+09:00  INFO 1688 --- [project] [main] org.hibernate.Version                    : HHH000412: Hibernate ORM core version 6.6.5.Final
2025-02-02T16:22:19.226+09:00  INFO 1688 --- [project] [main] o.h.c.internal.RegionFactoryInitiator    : HHH000026: Second-level cache disabled
2025-02-02T16:22:19.806+09:00 DEBUG 1688 --- [project] [main] org.hibernate.type.BasicTypeRegistry     : Adding type registration boolean -> org.hibernate.type.BasicTypeReference@675b18ff
2025-02-02T16:22:19.807+09:00 DEBUG 1688 --- [project] [main] org.hibernate.type.BasicTypeRegistry     : Adding type registration boolean -> org.hibernate.type.BasicTypeReference@675b18ff
2025-02-02T16:22:19.809+09:00 DEBUG 1688 --- [project] [main] org.hibernate.type.BasicTypeRegistry     : Adding type registration java.lang.Boolean -> org.hibernate.type.BasicTypeReference@675b18ff
2025-02-02T16:22:19.810+09:00 DEBUG 1688 --- [project] [main] org.hibernate.type.BasicTypeRegistry     : Adding type registration numeric_boolean -> org.hibernate.type.BasicTypeReference@34279b8a
2025-02-02T16:22:19.812+09:00 DEBUG 1688 --- [project] [main] org.hibernate.type.BasicTypeRegistry     : Adding type registration org.hibernate.type.NumericBooleanConverter -> org.hibernate.type.BasicTypeReference@34279b8a
2025-02-02T16:22:19.813+09:00 DEBUG 1688 --- [project] [main] org.hibernate.type.BasicTypeRegistry     : Adding type registration true_false -> org.hibernate.type.BasicTypeReference@687389a6
2025-02-02T16:22:19.815+09:00 DEBUG 1688 --- [project] [main] org.hibernate.type.BasicTypeRegistry     : Adding type registration org.hibernate.type.TrueFalseConverter -> org.hibernate.type.BasicTypeReference@687389a6
2025-02-02T16:22:19.817+09:00 DEBUG 1688 --- [project] [main] org.hibernate.type.BasicTypeRegistry     : Adding type registration yes_no -> org.hibernate.type.BasicTypeReference@8641b7d
2025-02-02T16:22:19.821+09:00 DEBUG 1688 --- [project] [main] org.hibernate.type.BasicTypeRegistry     : Adding type registration org.hibernate.type.YesNoConverter -> org.hibernate.type.BasicTypeReference@8641b7d
2025-02-02T16:22:19.823+09:00 DEBUG 1688 --- [project] [main] org.hibernate.type.BasicTypeRegistry     : Adding type registration byte -> org.hibernate.type.BasicTypeReference@37c7766e
2025-02-02T16:22:19.824+09:00 DEBUG 1688 --- [project] [main] org.hibernate.type.BasicTypeRegistry     : Adding type registration byte -> org.hibernate.type.BasicTypeReference@37c7766e
2025-02-02T16:22:19.825+09:00 DEBUG 1688 --- [project] [main] org.hibernate.type.BasicTypeRegistry     : Adding type registration java.lang.Byte -> org.hibernate.type.BasicTypeReference@37c7766e
2025-02-02T16:22:19.826+09:00 DEBUG 1688 --- [project] [main] org.hibernate.type.BasicTypeRegistry     : Adding type registration binary -> org.hibernate.type.BasicTypeReference@3fb450d7
2025-02-02T16:22:19.827+09:00 DEBUG 1688 --- [project] [main] org.hibernate.type.BasicTypeRegistry     : Adding type registration byte[] -> org.hibernate.type.BasicTypeReference@3fb450d7
2025-02-02T16:22:19.829+09:00 DEBUG 1688 --- [project] [main] org.hibernate.type.BasicTypeRegistry     : Adding type registration [B -> org.hibernate.type.BasicTypeReference@3fb450d7
2025-02-02T16:22:19.831+09:00 DEBUG 1688 --- [project] [main] org.hibernate.type.BasicTypeRegistry     : Adding type registration binary_wrapper -> org.hibernate.type.BasicTypeReference@4b7ed03e
2025-02-02T16:22:19.832+09:00 DEBUG 1688 --- [project] [main] org.hibernate.type.BasicTypeRegistry     : Adding type registration wrapper-binary -> org.hibernate.type.BasicTypeReference@4b7ed03e
2025-02-02T16:22:19.834+09:00 DEBUG 1688 --- [project] [main] org.hibernate.type.BasicTypeRegistry     : Adding type registration image -> org.hibernate.type.BasicTypeReference@636985df
2025-02-02T16:22:19.835+09:00 DEBUG 1688 --- [project] [main] org.hibernate.type.BasicTypeRegistry     : Adding type registration blob -> org.hibernate.type.BasicTypeReference@6f91fbda
2025-02-02T16:22:19.837+09:00 DEBUG 1688 --- [project] [main] org.hibernate.type.BasicTypeRegistry     : Adding type registration java.sql.Blob -> org.hibernate.type.BasicTypeReference@6f91fbda
2025-02-02T16:22:19.839+09:00 DEBUG 1688 --- [project] [main] org.hibernate.type.BasicTypeRegistry     : Adding type registration materialized_blob -> org.hibernate.type.BasicTypeReference@723e3c17
2025-02-02T16:22:19.840+09:00 DEBUG 1688 --- [project] [main] org.hibernate.type.BasicTypeRegistry     : Adding type registration materialized_blob_wrapper -> org.hibernate.type.BasicTypeReference@4ffced4e
2025-02-02T16:22:19.842+09:00 DEBUG 1688 --- [project] [main] org.hibernate.type.BasicTypeRegistry     : Adding type registration short -> org.hibernate.type.BasicTypeReference@6094de13
2025-02-02T16:22:19.844+09:00 DEBUG 1688 --- [project] [main] org.hibernate.type.BasicTypeRegistry     : Adding type registration short -> org.hibernate.type.BasicTypeReference@6094de13
2025-02-02T16:22:19.845+09:00 DEBUG 1688 --- [project] [main] org.hibernate.type.BasicTypeRegistry     : Adding type registration java.lang.Short -> org.hibernate.type.BasicTypeReference@6094de13
2025-02-02T16:22:19.847+09:00 DEBUG 1688 --- [project] [main] org.hibernate.type.BasicTypeRegistry     : Adding type registration integer -> org.hibernate.type.BasicTypeReference@bbb6f0
2025-02-02T16:22:19.850+09:00 DEBUG 1688 --- [project] [main] org.hibernate.type.BasicTypeRegistry     : Adding type registration int -> org.hibernate.type.BasicTypeReference@bbb6f0
2025-02-02T16:22:19.852+09:00 DEBUG 1688 --- [project] [main] org.hibernate.type.BasicTypeRegistry     : Adding type registration java.lang.Integer -> org.hibernate.type.BasicTypeReference@bbb6f0
2025-02-02T16:22:19.853+09:00 DEBUG 1688 --- [project] [main] org.hibernate.type.BasicTypeRegistry     : Adding type registration long -> org.hibernate.type.BasicTypeReference@3e6ec74
2025-02-02T16:22:19.854+09:00 DEBUG 1688 --- [project] [main] org.hibernate.type.BasicTypeRegistry     : Adding type registration long -> org.hibernate.type.BasicTypeReference@3e6ec74
2025-02-02T16:22:19.856+09:00 DEBUG 1688 --- [project] [main] org.hibernate.type.BasicTypeRegistry     : Adding type registration java.lang.Long -> org.hibernate.type.BasicTypeReference@3e6ec74
2025-02-02T16:22:19.861+09:00 DEBUG 1688 --- [project] [main] org.hibernate.type.BasicTypeRegistry     : Adding type registration float -> org.hibernate.type.BasicTypeReference@2bd8f7db
2025-02-02T16:22:19.863+09:00 DEBUG 1688 --- [project] [main] org.hibernate.type.BasicTypeRegistry     : Adding type registration float -> org.hibernate.type.BasicTypeReference@2bd8f7db
2025-02-02T16:22:19.864+09:00 DEBUG 1688 --- [project] [main] org.hibernate.type.BasicTypeRegistry     : Adding type registration java.lang.Float -> org.hibernate.type.BasicTypeReference@2bd8f7db
2025-02-02T16:22:19.865+09:00 DEBUG 1688 --- [project] [main] org.hibernate.type.BasicTypeRegistry     : Adding type registration double -> org.hibernate.type.BasicTypeReference@6d7ad0f5
2025-02-02T16:22:19.866+09:00 DEBUG 1688 --- [project] [main] org.hibernate.type.BasicTypeRegistry     : Adding type registration double -> org.hibernate.type.BasicTypeReference@6d7ad0f5
2025-02-02T16:22:19.868+09:00 DEBUG 1688 --- [project] [main] org.hibernate.type.BasicTypeRegistry     : Adding type registration java.lang.Double -> org.hibernate.type.BasicTypeReference@6d7ad0f5
2025-02-02T16:22:19.869+09:00 DEBUG 1688 --- [project] [main] org.hibernate.type.BasicTypeRegistry     : Adding type registration big_integer -> org.hibernate.type.BasicTypeReference@30abf79c
2025-02-02T16:22:19.870+09:00 DEBUG 1688 --- [project] [main] org.hibernate.type.BasicTypeRegistry     : Adding type registration java.math.BigInteger -> org.hibernate.type.BasicTypeReference@30abf79c
2025-02-02T16:22:19.873+09:00 DEBUG 1688 --- [project] [main] org.hibernate.type.BasicTypeRegistry     : Adding type registration big_decimal -> org.hibernate.type.BasicTypeReference@49a38b1
2025-02-02T16:22:19.874+09:00 DEBUG 1688 --- [project] [main] org.hibernate.type.BasicTypeRegistry     : Adding type registration java.math.BigDecimal -> org.hibernate.type.BasicTypeReference@49a38b1
2025-02-02T16:22:19.875+09:00 DEBUG 1688 --- [project] [main] org.hibernate.type.BasicTypeRegistry     : Adding type registration character -> org.hibernate.type.BasicTypeReference@681061d6
2025-02-02T16:22:19.876+09:00 DEBUG 1688 --- [project] [main] org.hibernate.type.BasicTypeRegistry     : Adding type registration char -> org.hibernate.type.BasicTypeReference@681061d6
2025-02-02T16:22:19.877+09:00 DEBUG 1688 --- [project] [main] org.hibernate.type.BasicTypeRegistry     : Adding type registration java.lang.Character -> org.hibernate.type.BasicTypeReference@681061d6
2025-02-02T16:22:19.879+09:00 DEBUG 1688 --- [project] [main] org.hibernate.type.BasicTypeRegistry     : Adding type registration character_nchar -> org.hibernate.type.BasicTypeReference@53d6e959
2025-02-02T16:22:19.881+09:00 DEBUG 1688 --- [project] [main] org.hibernate.type.BasicTypeRegistry     : Adding type registration string -> org.hibernate.type.BasicTypeReference@3caee3a8
2025-02-02T16:22:19.883+09:00 DEBUG 1688 --- [project] [main] org.hibernate.type.BasicTypeRegistry     : Adding type registration java.lang.String -> org.hibernate.type.BasicTypeReference@3caee3a8
2025-02-02T16:22:19.884+09:00 DEBUG 1688 --- [project] [main] org.hibernate.type.BasicTypeRegistry     : Adding type registration nstring -> org.hibernate.type.BasicTypeReference@69a40b3c
2025-02-02T16:22:19.885+09:00 DEBUG 1688 --- [project] [main] org.hibernate.type.BasicTypeRegistry     : Adding type registration characters -> org.hibernate.type.BasicTypeReference@251c90f
2025-02-02T16:22:19.887+09:00 DEBUG 1688 --- [project] [main] org.hibernate.type.BasicTypeRegistry     : Adding type registration char[] -> org.hibernate.type.BasicTypeReference@251c90f
2025-02-02T16:22:19.889+09:00 DEBUG 1688 --- [project] [main] org.hibernate.type.BasicTypeRegistry     : Adding type registration [C -> org.hibernate.type.BasicTypeReference@251c90f
2025-02-02T16:22:19.891+09:00 DEBUG 1688 --- [project] [main] org.hibernate.type.BasicTypeRegistry     : Adding type registration wrapper-characters -> org.hibernate.type.BasicTypeReference@6629643d
2025-02-02T16:22:19.896+09:00 DEBUG 1688 --- [project] [main] org.hibernate.type.BasicTypeRegistry     : Adding type registration text -> org.hibernate.type.BasicTypeReference@2dd178f3
2025-02-02T16:22:19.898+09:00 DEBUG 1688 --- [project] [main] org.hibernate.type.BasicTypeRegistry     : Adding type registration ntext -> org.hibernate.type.BasicTypeReference@64656b9e
2025-02-02T16:22:19.899+09:00 DEBUG 1688 --- [project] [main] org.hibernate.type.BasicTypeRegistry     : Adding type registration clob -> org.hibernate.type.BasicTypeReference@6870cfac
2025-02-02T16:22:19.900+09:00 DEBUG 1688 --- [project] [main] org.hibernate.type.BasicTypeRegistry     : Adding type registration java.sql.Clob -> org.hibernate.type.BasicTypeReference@6870cfac
2025-02-02T16:22:19.901+09:00 DEBUG 1688 --- [project] [main] org.hibernate.type.BasicTypeRegistry     : Adding type registration nclob -> org.hibernate.type.BasicTypeReference@45554613
2025-02-02T16:22:19.902+09:00 DEBUG 1688 --- [project] [main] org.hibernate.type.BasicTypeRegistry     : Adding type registration java.sql.NClob -> org.hibernate.type.BasicTypeReference@45554613
2025-02-02T16:22:19.903+09:00 DEBUG 1688 --- [project] [main] org.hibernate.type.BasicTypeRegistry     : Adding type registration materialized_clob -> org.hibernate.type.BasicTypeReference@63e5b8aa
2025-02-02T16:22:19.905+09:00 DEBUG 1688 --- [project] [main] org.hibernate.type.BasicTypeRegistry     : Adding type registration materialized_clob_char_array -> org.hibernate.type.BasicTypeReference@2c9306d3
2025-02-02T16:22:19.907+09:00 DEBUG 1688 --- [project] [main] org.hibernate.type.BasicTypeRegistry     : Adding type registration materialized_clob_character_array -> org.hibernate.type.BasicTypeReference@4270b142
2025-02-02T16:22:19.909+09:00 DEBUG 1688 --- [project] [main] org.hibernate.type.BasicTypeRegistry     : Adding type registration materialized_nclob -> org.hibernate.type.BasicTypeReference@2dfa02c1
2025-02-02T16:22:19.913+09:00 DEBUG 1688 --- [project] [main] org.hibernate.type.BasicTypeRegistry     : Adding type registration materialized_nclob_character_array -> org.hibernate.type.BasicTypeReference@6314df3c
2025-02-02T16:22:19.915+09:00 DEBUG 1688 --- [project] [main] org.hibernate.type.BasicTypeRegistry     : Adding type registration materialized_nclob_char_array -> org.hibernate.type.BasicTypeReference@5785e813
2025-02-02T16:22:19.919+09:00 DEBUG 1688 --- [project] [main] org.hibernate.type.BasicTypeRegistry     : Adding type registration Duration -> org.hibernate.type.BasicTypeReference@10b8b900
2025-02-02T16:22:19.921+09:00 DEBUG 1688 --- [project] [main] org.hibernate.type.BasicTypeRegistry     : Adding type registration java.time.Duration -> org.hibernate.type.BasicTypeReference@10b8b900
2025-02-02T16:22:19.923+09:00 DEBUG 1688 --- [project] [main] org.hibernate.type.BasicTypeRegistry     : Adding type registration LocalDateTime -> org.hibernate.type.BasicTypeReference@6d294ddc
2025-02-02T16:22:19.927+09:00 DEBUG 1688 --- [project] [main] org.hibernate.type.BasicTypeRegistry     : Adding type registration java.time.LocalDateTime -> org.hibernate.type.BasicTypeReference@6d294ddc
2025-02-02T16:22:19.929+09:00 DEBUG 1688 --- [project] [main] org.hibernate.type.BasicTypeRegistry     : Adding type registration LocalDate -> org.hibernate.type.BasicTypeReference@2801827a
2025-02-02T16:22:19.938+09:00 DEBUG 1688 --- [project] [main] org.hibernate.type.BasicTypeRegistry     : Adding type registration java.time.LocalDate -> org.hibernate.type.BasicTypeReference@2801827a
2025-02-02T16:22:19.940+09:00 DEBUG 1688 --- [project] [main] org.hibernate.type.BasicTypeRegistry     : Adding type registration LocalTime -> org.hibernate.type.BasicTypeReference@50bc3219
2025-02-02T16:22:19.943+09:00 DEBUG 1688 --- [project] [main] org.hibernate.type.BasicTypeRegistry     : Adding type registration java.time.LocalTime -> org.hibernate.type.BasicTypeReference@50bc3219
2025-02-02T16:22:19.944+09:00 DEBUG 1688 --- [project] [main] org.hibernate.type.BasicTypeRegistry     : Adding type registration OffsetDateTime -> org.hibernate.type.BasicTypeReference@599f1b7
2025-02-02T16:22:19.945+09:00 DEBUG 1688 --- [project] [main] org.hibernate.type.BasicTypeRegistry     : Adding type registration java.time.OffsetDateTime -> org.hibernate.type.BasicTypeReference@599f1b7
2025-02-02T16:22:19.948+09:00 DEBUG 1688 --- [project] [main] org.hibernate.type.BasicTypeRegistry     : Adding type registration OffsetDateTimeWithTimezone -> org.hibernate.type.BasicTypeReference@22791b75
2025-02-02T16:22:19.949+09:00 DEBUG 1688 --- [project] [main] org.hibernate.type.BasicTypeRegistry     : Adding type registration OffsetDateTimeWithoutTimezone -> org.hibernate.type.BasicTypeReference@64f4f12
2025-02-02T16:22:19.950+09:00 DEBUG 1688 --- [project] [main] org.hibernate.type.BasicTypeRegistry     : Adding type registration OffsetTime -> org.hibernate.type.BasicTypeReference@37d28938
2025-02-02T16:22:19.951+09:00 DEBUG 1688 --- [project] [main] org.hibernate.type.BasicTypeRegistry     : Adding type registration java.time.OffsetTime -> org.hibernate.type.BasicTypeReference@37d28938
2025-02-02T16:22:19.952+09:00 DEBUG 1688 --- [project] [main] org.hibernate.type.BasicTypeRegistry     : Adding type registration OffsetTimeUtc -> org.hibernate.type.BasicTypeReference@7d0cd23c
2025-02-02T16:22:19.953+09:00 DEBUG 1688 --- [project] [main] org.hibernate.type.BasicTypeRegistry     : Adding type registration OffsetTimeWithTimezone -> org.hibernate.type.BasicTypeReference@17c4dc5b
2025-02-02T16:22:19.954+09:00 DEBUG 1688 --- [project] [main] org.hibernate.type.BasicTypeRegistry     : Adding type registration OffsetTimeWithoutTimezone -> org.hibernate.type.BasicTypeReference@6b0f266e
2025-02-02T16:22:19.955+09:00 DEBUG 1688 --- [project] [main] org.hibernate.type.BasicTypeRegistry     : Adding type registration ZonedDateTime -> org.hibernate.type.BasicTypeReference@4837f97e
2025-02-02T16:22:19.959+09:00 DEBUG 1688 --- [project] [main] org.hibernate.type.BasicTypeRegistry     : Adding type registration java.time.ZonedDateTime -> org.hibernate.type.BasicTypeReference@4837f97e
2025-02-02T16:22:19.961+09:00 DEBUG 1688 --- [project] [main] org.hibernate.type.BasicTypeRegistry     : Adding type registration ZonedDateTimeWithTimezone -> org.hibernate.type.BasicTypeReference@53314f76
2025-02-02T16:22:19.962+09:00 DEBUG 1688 --- [project] [main] org.hibernate.type.BasicTypeRegistry     : Adding type registration ZonedDateTimeWithoutTimezone -> org.hibernate.type.BasicTypeReference@62a6674f
2025-02-02T16:22:19.963+09:00 DEBUG 1688 --- [project] [main] org.hibernate.type.BasicTypeRegistry     : Adding type registration date -> org.hibernate.type.BasicTypeReference@70881123
2025-02-02T16:22:19.964+09:00 DEBUG 1688 --- [project] [main] org.hibernate.type.BasicTypeRegistry     : Adding type registration java.sql.Date -> org.hibernate.type.BasicTypeReference@70881123
2025-02-02T16:22:19.965+09:00 DEBUG 1688 --- [project] [main] org.hibernate.type.BasicTypeRegistry     : Adding type registration time -> org.hibernate.type.BasicTypeReference@703fa45
2025-02-02T16:22:19.968+09:00 DEBUG 1688 --- [project] [main] org.hibernate.type.BasicTypeRegistry     : Adding type registration java.sql.Time -> org.hibernate.type.BasicTypeReference@703fa45
2025-02-02T16:22:19.969+09:00 DEBUG 1688 --- [project] [main] org.hibernate.type.BasicTypeRegistry     : Adding type registration timestamp -> org.hibernate.type.BasicTypeReference@5e905f2c
2025-02-02T16:22:19.970+09:00 DEBUG 1688 --- [project] [main] org.hibernate.type.BasicTypeRegistry     : Adding type registration java.sql.Timestamp -> org.hibernate.type.BasicTypeReference@5e905f2c
2025-02-02T16:22:19.971+09:00 DEBUG 1688 --- [project] [main] org.hibernate.type.BasicTypeRegistry     : Adding type registration java.util.Date -> org.hibernate.type.BasicTypeReference@5e905f2c
2025-02-02T16:22:19.972+09:00 DEBUG 1688 --- [project] [main] org.hibernate.type.BasicTypeRegistry     : Adding type registration calendar -> org.hibernate.type.BasicTypeReference@fddd7ae
2025-02-02T16:22:19.975+09:00 DEBUG 1688 --- [project] [main] org.hibernate.type.BasicTypeRegistry     : Adding type registration java.util.Calendar -> org.hibernate.type.BasicTypeReference@fddd7ae
2025-02-02T16:22:19.976+09:00 DEBUG 1688 --- [project] [main] org.hibernate.type.BasicTypeRegistry     : Adding type registration java.util.GregorianCalendar -> org.hibernate.type.BasicTypeReference@fddd7ae
2025-02-02T16:22:19.976+09:00 DEBUG 1688 --- [project] [main] org.hibernate.type.BasicTypeRegistry     : Adding type registration calendar_date -> org.hibernate.type.BasicTypeReference@3f6cce7f
2025-02-02T16:22:19.977+09:00 DEBUG 1688 --- [project] [main] org.hibernate.type.BasicTypeRegistry     : Adding type registration calendar_time -> org.hibernate.type.BasicTypeReference@2725ca05
2025-02-02T16:22:19.979+09:00 DEBUG 1688 --- [project] [main] org.hibernate.type.BasicTypeRegistry     : Adding type registration instant -> org.hibernate.type.BasicTypeReference@7b9088f2
2025-02-02T16:22:19.980+09:00 DEBUG 1688 --- [project] [main] org.hibernate.type.BasicTypeRegistry     : Adding type registration java.time.Instant -> org.hibernate.type.BasicTypeReference@7b9088f2
2025-02-02T16:22:19.981+09:00 DEBUG 1688 --- [project] [main] org.hibernate.type.BasicTypeRegistry     : Adding type registration uuid -> org.hibernate.type.BasicTypeReference@1a914089
2025-02-02T16:22:19.982+09:00 DEBUG 1688 --- [project] [main] org.hibernate.type.BasicTypeRegistry     : Adding type registration java.util.UUID -> org.hibernate.type.BasicTypeReference@1a914089
2025-02-02T16:22:19.984+09:00 DEBUG 1688 --- [project] [main] org.hibernate.type.BasicTypeRegistry     : Adding type registration pg-uuid -> org.hibernate.type.BasicTypeReference@1a914089
2025-02-02T16:22:19.985+09:00 DEBUG 1688 --- [project] [main] org.hibernate.type.BasicTypeRegistry     : Adding type registration uuid-binary -> org.hibernate.type.BasicTypeReference@43d76a92
2025-02-02T16:22:19.986+09:00 DEBUG 1688 --- [project] [main] org.hibernate.type.BasicTypeRegistry     : Adding type registration uuid-char -> org.hibernate.type.BasicTypeReference@4a2bf50f
2025-02-02T16:22:19.987+09:00 DEBUG 1688 --- [project] [main] org.hibernate.type.BasicTypeRegistry     : Adding type registration class -> org.hibernate.type.BasicTypeReference@350323a0
2025-02-02T16:22:19.988+09:00 DEBUG 1688 --- [project] [main] org.hibernate.type.BasicTypeRegistry     : Adding type registration java.lang.Class -> org.hibernate.type.BasicTypeReference@350323a0
2025-02-02T16:22:19.990+09:00 DEBUG 1688 --- [project] [main] org.hibernate.type.BasicTypeRegistry     : Adding type registration currency -> org.hibernate.type.BasicTypeReference@2506b881
2025-02-02T16:22:19.992+09:00 DEBUG 1688 --- [project] [main] org.hibernate.type.BasicTypeRegistry     : Adding type registration Currency -> org.hibernate.type.BasicTypeReference@2506b881
2025-02-02T16:22:19.993+09:00 DEBUG 1688 --- [project] [main] org.hibernate.type.BasicTypeRegistry     : Adding type registration java.util.Currency -> org.hibernate.type.BasicTypeReference@2506b881
2025-02-02T16:22:19.996+09:00 DEBUG 1688 --- [project] [main] org.hibernate.type.BasicTypeRegistry     : Adding type registration locale -> org.hibernate.type.BasicTypeReference@5d7dd549
2025-02-02T16:22:19.998+09:00 DEBUG 1688 --- [project] [main] org.hibernate.type.BasicTypeRegistry     : Adding type registration java.util.Locale -> org.hibernate.type.BasicTypeReference@5d7dd549
2025-02-02T16:22:20.018+09:00 DEBUG 1688 --- [project] [main] org.hibernate.type.BasicTypeRegistry     : Adding type registration serializable -> org.hibernate.type.BasicTypeReference@486bd064
2025-02-02T16:22:20.023+09:00 DEBUG 1688 --- [project] [main] org.hibernate.type.BasicTypeRegistry     : Adding type registration java.io.Serializable -> org.hibernate.type.BasicTypeReference@486bd064
2025-02-02T16:22:20.024+09:00 DEBUG 1688 --- [project] [main] org.hibernate.type.BasicTypeRegistry     : Adding type registration timezone -> org.hibernate.type.BasicTypeReference@6459f4ea
2025-02-02T16:22:20.026+09:00 DEBUG 1688 --- [project] [main] org.hibernate.type.BasicTypeRegistry     : Adding type registration java.util.TimeZone -> org.hibernate.type.BasicTypeReference@6459f4ea
2025-02-02T16:22:20.028+09:00 DEBUG 1688 --- [project] [main] org.hibernate.type.BasicTypeRegistry     : Adding type registration ZoneOffset -> org.hibernate.type.BasicTypeReference@740b9a50
2025-02-02T16:22:20.030+09:00 DEBUG 1688 --- [project] [main] org.hibernate.type.BasicTypeRegistry     : Adding type registration java.time.ZoneOffset -> org.hibernate.type.BasicTypeReference@740b9a50
2025-02-02T16:22:20.035+09:00 DEBUG 1688 --- [project] [main] org.hibernate.type.BasicTypeRegistry     : Adding type registration url -> org.hibernate.type.BasicTypeReference@476fde05
2025-02-02T16:22:20.037+09:00 DEBUG 1688 --- [project] [main] org.hibernate.type.BasicTypeRegistry     : Adding type registration java.net.URL -> org.hibernate.type.BasicTypeReference@476fde05
2025-02-02T16:22:20.040+09:00 DEBUG 1688 --- [project] [main] org.hibernate.type.BasicTypeRegistry     : Adding type registration vector -> org.hibernate.type.BasicTypeReference@5111de7c
2025-02-02T16:22:20.041+09:00 DEBUG 1688 --- [project] [main] org.hibernate.type.BasicTypeRegistry     : Adding type registration float_vector -> org.hibernate.type.BasicTypeReference@7ac48e10
2025-02-02T16:22:20.043+09:00 DEBUG 1688 --- [project] [main] org.hibernate.type.BasicTypeRegistry     : Adding type registration double_vector -> org.hibernate.type.BasicTypeReference@52354202
2025-02-02T16:22:20.045+09:00 DEBUG 1688 --- [project] [main] org.hibernate.type.BasicTypeRegistry     : Adding type registration byte_vector -> org.hibernate.type.BasicTypeReference@6b1321b7
2025-02-02T16:22:20.046+09:00 DEBUG 1688 --- [project] [main] org.hibernate.type.BasicTypeRegistry     : Adding type registration row_version -> org.hibernate.type.BasicTypeReference@342ee097
2025-02-02T16:22:20.112+09:00 DEBUG 1688 --- [project] [main] org.hibernate.type.BasicTypeRegistry     : Adding type registration object -> org.hibernate.type.JavaObjectType@353c6da1
2025-02-02T16:22:20.113+09:00 DEBUG 1688 --- [project] [main] org.hibernate.type.BasicTypeRegistry     : Adding type registration java.lang.Object -> org.hibernate.type.JavaObjectType@353c6da1
2025-02-02T16:22:20.122+09:00 DEBUG 1688 --- [project] [main] org.hibernate.type.BasicTypeRegistry     : Adding type registration null -> org.hibernate.type.NullType@3a3f96ab
2025-02-02T16:22:20.123+09:00 DEBUG 1688 --- [project] [main] org.hibernate.type.BasicTypeRegistry     : Adding type registration imm_date -> org.hibernate.type.BasicTypeReference@4def7d36
2025-02-02T16:22:20.123+09:00 DEBUG 1688 --- [project] [main] org.hibernate.type.BasicTypeRegistry     : Adding type registration imm_time -> org.hibernate.type.BasicTypeReference@43c7fe8a
2025-02-02T16:22:20.124+09:00 DEBUG 1688 --- [project] [main] org.hibernate.type.BasicTypeRegistry     : Adding type registration imm_timestamp -> org.hibernate.type.BasicTypeReference@67f946c3
2025-02-02T16:22:20.124+09:00 DEBUG 1688 --- [project] [main] org.hibernate.type.BasicTypeRegistry     : Adding type registration imm_calendar -> org.hibernate.type.BasicTypeReference@21b51e59
2025-02-02T16:22:20.125+09:00 DEBUG 1688 --- [project] [main] org.hibernate.type.BasicTypeRegistry     : Adding type registration imm_calendar_date -> org.hibernate.type.BasicTypeReference@1785d194
2025-02-02T16:22:20.125+09:00 DEBUG 1688 --- [project] [main] org.hibernate.type.BasicTypeRegistry     : Adding type registration imm_calendar_time -> org.hibernate.type.BasicTypeReference@6b4a4e40
2025-02-02T16:22:20.126+09:00 DEBUG 1688 --- [project] [main] org.hibernate.type.BasicTypeRegistry     : Adding type registration imm_binary -> org.hibernate.type.BasicTypeReference@46a8c2b4
2025-02-02T16:22:20.126+09:00 DEBUG 1688 --- [project] [main] org.hibernate.type.BasicTypeRegistry     : Adding type registration imm_serializable -> org.hibernate.type.BasicTypeReference@4f664bee
2025-02-02T16:22:22.314+09:00  INFO 1688 --- [project] [main] o.s.o.j.p.SpringPersistenceUnitInfo      : No LoadTimeWeaver setup: ignoring JPA class transformer
2025-02-02T16:22:22.521+09:00  INFO 1688 --- [project] [main] com.zaxxer.hikari.HikariDataSource       : HikariPool-1 - Starting...
2025-02-02T16:22:23.568+09:00  INFO 1688 --- [project] [main] com.zaxxer.hikari.pool.HikariPool        : HikariPool-1 - Added connection conn0: url=jdbc:h2:mem:test user=SA
2025-02-02T16:22:23.579+09:00  INFO 1688 --- [project] [main] com.zaxxer.hikari.HikariDataSource       : HikariPool-1 - Start completed.
2025-02-02T16:22:23.915+09:00  INFO 1688 --- [project] [main] org.hibernate.orm.connections.pooling    : HHH10001005: Database info:
	Database JDBC URL [Connecting through datasource 'HikariDataSource (HikariPool-1)']
	Database driver: undefined/unknown
	Database version: 2.3.232
	Autocommit mode: undefined/unknown
	Isolation level: undefined/unknown
	Minimum pool size: undefined/unknown
	Maximum pool size: undefined/unknown
2025-02-02T16:22:23.963+09:00 DEBUG 1688 --- [project] [main] o.h.t.d.jdbc.spi.JdbcTypeRegistry        : addDescriptor(NCharTypeDescriptor) replaced previous registration(CharTypeDescriptor)
2025-02-02T16:22:23.964+09:00 DEBUG 1688 --- [project] [main] o.h.t.d.jdbc.spi.JdbcTypeRegistry        : addDescriptor(NVarcharTypeDescriptor) replaced previous registration(VarcharTypeDescriptor)
2025-02-02T16:22:23.966+09:00 DEBUG 1688 --- [project] [main] o.h.t.d.jdbc.spi.JdbcTypeRegistry        : addDescriptor(LongNVarcharTypeDescriptor) replaced previous registration(LongVarcharTypeDescriptor)
2025-02-02T16:22:23.983+09:00 DEBUG 1688 --- [project] [main] o.h.t.d.jdbc.spi.JdbcTypeRegistry        : addDescriptor(NClobTypeDescriptor(DEFAULT)) replaced previous registration(ClobTypeDescriptor(DEFAULT))
2025-02-02T16:22:23.993+09:00 DEBUG 1688 --- [project] [main] o.h.t.d.jdbc.spi.JdbcTypeRegistry        : addDescriptor(TimestampUtcDescriptor) replaced previous registration(TimestampUtcDescriptor)
2025-02-02T16:22:24.025+09:00 DEBUG 1688 --- [project] [main] org.hibernate.type.BasicTypeRegistry     : Adding type registration org.hibernate.type.DurationType -> basicType@1(java.time.Duration,3015)
2025-02-02T16:22:24.025+09:00 DEBUG 1688 --- [project] [main] org.hibernate.type.BasicTypeRegistry     : Adding type registration Duration -> basicType@1(java.time.Duration,3015)
2025-02-02T16:22:24.025+09:00 DEBUG 1688 --- [project] [main] org.hibernate.type.BasicTypeRegistry     : Adding type registration java.time.Duration -> basicType@1(java.time.Duration,3015)
2025-02-02T16:22:24.045+09:00 DEBUG 1688 --- [project] [main] o.h.type.spi.TypeConfiguration$Scope     : Scoping TypeConfiguration [org.hibernate.type.spi.TypeConfiguration@7b3c2ae0] to MetadataBuildingContext [org.hibernate.boot.internal.MetadataBuildingContextRootImpl@5d3b6585]
2025-02-02T16:22:29.681+09:00  INFO 1688 --- [project] [main] o.h.e.t.j.p.i.JtaPlatformInitiator       : HHH000489: No JTA platform available (set 'hibernate.transaction.jta.platform' to enable JTA platform integration)
2025-02-02T16:22:29.684+09:00 DEBUG 1688 --- [project] [main] o.h.type.spi.TypeConfiguration$Scope     : Scoping TypeConfiguration [org.hibernate.type.spi.TypeConfiguration@7b3c2ae0] to SessionFactoryImplementor [org.hibernate.internal.SessionFactoryImpl@5b643d6e]
2025-02-02T16:22:29.902+09:00 TRACE 1688 --- [project] [main] o.h.type.spi.TypeConfiguration$Scope     : Handling #sessionFactoryCreated from [org.hibernate.internal.SessionFactoryImpl@5b643d6e] for TypeConfiguration
2025-02-02T16:22:29.903+09:00  INFO 1688 --- [project] [main] j.LocalContainerEntityManagerFactoryBean : Initialized JPA EntityManagerFactory for persistence unit 'default'
2025-02-02T16:22:32.494+09:00  WARN 1688 --- [project] [main] .s.s.UserDetailsServiceAutoConfiguration : 

Using generated security password: d9b9377a-e92b-46aa-af06-1adab042a041

This generated password is for development use only. Your security configuration must be updated before running your application in production.

2025-02-02T16:22:32.531+09:00  INFO 1688 --- [project] [main] r$InitializeUserDetailsManagerConfigurer : Global AuthenticationManager configured with UserDetailsService bean with name inMemoryUserDetailsManager
2025-02-02T16:22:34.419+09:00  INFO 1688 --- [project] [main] o.s.b.a.h2.H2ConsoleAutoConfiguration    : H2 console available at '/h2-console'. Database available at 'jdbc:h2:mem:test'
2025-02-02T16:22:34.814+09:00  INFO 1688 --- [project] [main] o.s.b.w.embedded.tomcat.TomcatWebServer  : Tomcat started on port 8080 (http) with context path '/'
2025-02-02T16:22:34.838+09:00  INFO 1688 --- [project] [main] com.example.project.ProjectApplication   : Started ProjectApplication in 27.846 seconds (process running for 29.677)
2025-02-02T16:22:47.203+09:00  INFO 1688 --- [project] [http-nio-8080-exec-1] o.a.c.c.C.[Tomcat].[localhost].[/]       : Initializing Spring DispatcherServlet 'dispatcherServlet'
2025-02-02T16:22:47.204+09:00  INFO 1688 --- [project] [http-nio-8080-exec-1] o.s.web.servlet.DispatcherServlet        : Initializing Servlet 'dispatcherServlet'
2025-02-02T16:22:47.209+09:00  INFO 1688 --- [project] [http-nio-8080-exec-1] o.s.web.servlet.DispatcherServlet        : Completed initialization in 3 ms
2025-02-02T16:22:47.315+09:00 ERROR 1688 --- [project] [http-nio-8080-exec-1] o.a.c.c.C.[.[.[/].[dispatcherServlet]    : Servlet.service() for servlet [dispatcherServlet] in context with path [] threw exception

java.lang.NullPointerException: Cannot read the array length because "array" is null
	at java.base/java.util.Arrays.stream(Arrays.java:5528) ~[na:na]
	at com.example.project.global.security.JwtAuthorizationFilter._getCookie(JwtAuthorizationFilter.java:50) ~[main/:na]
	at com.example.project.global.security.JwtAuthorizationFilter.doFilterInternal(JwtAuthorizationFilter.java:32) ~[main/:na]
	at org.springframework.web.filter.OncePerRequestFilter.doFilter(OncePerRequestFilter.java:116) ~[spring-web-6.2.2.jar:6.2.2]
	at org.springframework.security.web.FilterChainProxy$VirtualFilterChain.doFilter(FilterChainProxy.java:374) ~[spring-security-web-6.4.2.jar:6.4.2]
	at org.springframework.security.web.authentication.logout.LogoutFilter.doFilter(LogoutFilter.java:107) ~[spring-security-web-6.4.2.jar:6.4.2]
	at org.springframework.security.web.authentication.logout.LogoutFilter.doFilter(LogoutFilter.java:93) ~[spring-security-web-6.4.2.jar:6.4.2]
	at org.springframework.security.web.FilterChainProxy$VirtualFilterChain.doFilter(FilterChainProxy.java:374) ~[spring-security-web-6.4.2.jar:6.4.2]
	at org.springframework.security.web.header.HeaderWriterFilter.doHeadersAfter(HeaderWriterFilter.java:90) ~[spring-security-web-6.4.2.jar:6.4.2]
	at org.springframework.security.web.header.HeaderWriterFilter.doFilterInternal(HeaderWriterFilter.java:75) ~[spring-security-web-6.4.2.jar:6.4.2]
	at org.springframework.web.filter.OncePerRequestFilter.doFilter(OncePerRequestFilter.java:116) ~[spring-web-6.2.2.jar:6.2.2]
	at org.springframework.security.web.FilterChainProxy$VirtualFilterChain.doFilter(FilterChainProxy.java:374) ~[spring-security-web-6.4.2.jar:6.4.2]
	at org.springframework.security.web.context.SecurityContextHolderFilter.doFilter(SecurityContextHolderFilter.java:82) ~[spring-security-web-6.4.2.jar:6.4.2]
	at org.springframework.security.web.context.SecurityContextHolderFilter.doFilter(SecurityContextHolderFilter.java:69) ~[spring-security-web-6.4.2.jar:6.4.2]
	at org.springframework.security.web.FilterChainProxy$VirtualFilterChain.doFilter(FilterChainProxy.java:374) ~[spring-security-web-6.4.2.jar:6.4.2]
	at org.springframework.security.web.context.request.async.WebAsyncManagerIntegrationFilter.doFilterInternal(WebAsyncManagerIntegrationFilter.java:62) ~[spring-security-web-6.4.2.jar:6.4.2]
	at org.springframework.web.filter.OncePerRequestFilter.doFilter(OncePerRequestFilter.java:116) ~[spring-web-6.2.2.jar:6.2.2]
	at org.springframework.security.web.FilterChainProxy$VirtualFilterChain.doFilter(FilterChainProxy.java:374) ~[spring-security-web-6.4.2.jar:6.4.2]
	at org.springframework.security.web.session.DisableEncodeUrlFilter.doFilterInternal(DisableEncodeUrlFilter.java:42) ~[spring-security-web-6.4.2.jar:6.4.2]
	at org.springframework.web.filter.OncePerRequestFilter.doFilter(OncePerRequestFilter.java:116) ~[spring-web-6.2.2.jar:6.2.2]
	at org.springframework.security.web.FilterChainProxy$VirtualFilterChain.doFilter(FilterChainProxy.java:374) ~[spring-security-web-6.4.2.jar:6.4.2]
	at org.springframework.security.web.FilterChainProxy.doFilterInternal(FilterChainProxy.java:233) ~[spring-security-web-6.4.2.jar:6.4.2]
	at org.springframework.security.web.FilterChainProxy.doFilter(FilterChainProxy.java:191) ~[spring-security-web-6.4.2.jar:6.4.2]
	at org.springframework.web.filter.CompositeFilter$VirtualFilterChain.doFilter(CompositeFilter.java:113) ~[spring-web-6.2.2.jar:6.2.2]
	at org.springframework.web.servlet.handler.HandlerMappingIntrospector.lambda$createCacheFilter$3(HandlerMappingIntrospector.java:243) ~[spring-webmvc-6.2.2.jar:6.2.2]
	at org.springframework.web.filter.CompositeFilter$VirtualFilterChain.doFilter(CompositeFilter.java:113) ~[spring-web-6.2.2.jar:6.2.2]
	at org.springframework.web.filter.CompositeFilter.doFilter(CompositeFilter.java:74) ~[spring-web-6.2.2.jar:6.2.2]
	at org.springframework.security.config.annotation.web.configuration.WebMvcSecurityConfiguration$CompositeFilterChainProxy.doFilter(WebMvcSecurityConfiguration.java:238) ~[spring-security-config-6.4.2.jar:6.4.2]
	at org.springframework.web.filter.DelegatingFilterProxy.invokeDelegate(DelegatingFilterProxy.java:362) ~[spring-web-6.2.2.jar:6.2.2]
	at org.springframework.web.filter.DelegatingFilterProxy.doFilter(DelegatingFilterProxy.java:278) ~[spring-web-6.2.2.jar:6.2.2]
	at org.apache.catalina.core.ApplicationFilterChain.internalDoFilter(ApplicationFilterChain.java:164) ~[tomcat-embed-core-10.1.34.jar:10.1.34]
	at org.apache.catalina.core.ApplicationFilterChain.doFilter(ApplicationFilterChain.java:140) ~[tomcat-embed-core-10.1.34.jar:10.1.34]
	at org.springframework.web.filter.RequestContextFilter.doFilterInternal(RequestContextFilter.java:100) ~[spring-web-6.2.2.jar:6.2.2]
	at org.springframework.web.filter.OncePerRequestFilter.doFilter(OncePerRequestFilter.java:116) ~[spring-web-6.2.2.jar:6.2.2]
	at org.apache.catalina.core.ApplicationFilterChain.internalDoFilter(ApplicationFilterChain.java:164) ~[tomcat-embed-core-10.1.34.jar:10.1.34]
	at org.apache.catalina.core.ApplicationFilterChain.doFilter(ApplicationFilterChain.java:140) ~[tomcat-embed-core-10.1.34.jar:10.1.34]
	at org.springframework.web.filter.FormContentFilter.doFilterInternal(FormContentFilter.java:93) ~[spring-web-6.2.2.jar:6.2.2]
	at org.springframework.web.filter.OncePerRequestFilter.doFilter(OncePerRequestFilter.java:116) ~[spring-web-6.2.2.jar:6.2.2]
	at org.apache.catalina.core.ApplicationFilterChain.internalDoFilter(ApplicationFilterChain.java:164) ~[tomcat-embed-core-10.1.34.jar:10.1.34]
	at org.apache.catalina.core.ApplicationFilterChain.doFilter(ApplicationFilterChain.java:140) ~[tomcat-embed-core-10.1.34.jar:10.1.34]
	at org.springframework.web.filter.CharacterEncodingFilter.doFilterInternal(CharacterEncodingFilter.java:201) ~[spring-web-6.2.2.jar:6.2.2]
	at org.springframework.web.filter.OncePerRequestFilter.doFilter(OncePerRequestFilter.java:116) ~[spring-web-6.2.2.jar:6.2.2]
	at org.apache.catalina.core.ApplicationFilterChain.internalDoFilter(ApplicationFilterChain.java:164) ~[tomcat-embed-core-10.1.34.jar:10.1.34]
	at org.apache.catalina.core.ApplicationFilterChain.doFilter(ApplicationFilterChain.java:140) ~[tomcat-embed-core-10.1.34.jar:10.1.34]
	at org.apache.catalina.core.StandardWrapperValve.invoke(StandardWrapperValve.java:167) ~[tomcat-embed-core-10.1.34.jar:10.1.34]
	at org.apache.catalina.core.StandardContextValve.invoke(StandardContextValve.java:90) ~[tomcat-embed-core-10.1.34.jar:10.1.34]
	at org.apache.catalina.authenticator.AuthenticatorBase.invoke(AuthenticatorBase.java:483) ~[tomcat-embed-core-10.1.34.jar:10.1.34]
	at org.apache.catalina.core.StandardHostValve.invoke(StandardHostValve.java:115) ~[tomcat-embed-core-10.1.34.jar:10.1.34]
	at org.apache.catalina.valves.ErrorReportValve.invoke(ErrorReportValve.java:93) ~[tomcat-embed-core-10.1.34.jar:10.1.34]
	at org.apache.catalina.core.StandardEngineValve.invoke(StandardEngineValve.java:74) ~[tomcat-embed-core-10.1.34.jar:10.1.34]
	at org.apache.catalina.connector.CoyoteAdapter.service(CoyoteAdapter.java:344) ~[tomcat-embed-core-10.1.34.jar:10.1.34]
	at org.apache.coyote.http11.Http11Processor.service(Http11Processor.java:397) ~[tomcat-embed-core-10.1.34.jar:10.1.34]
	at org.apache.coyote.AbstractProcessorLight.process(AbstractProcessorLight.java:63) ~[tomcat-embed-core-10.1.34.jar:10.1.34]
	at org.apache.coyote.AbstractProtocol$ConnectionHandler.process(AbstractProtocol.java:905) ~[tomcat-embed-core-10.1.34.jar:10.1.34]
	at org.apache.tomcat.util.net.NioEndpoint$SocketProcessor.doRun(NioEndpoint.java:1741) ~[tomcat-embed-core-10.1.34.jar:10.1.34]
	at org.apache.tomcat.util.net.SocketProcessorBase.run(SocketProcessorBase.java:52) ~[tomcat-embed-core-10.1.34.jar:10.1.34]
	at org.apache.tomcat.util.threads.ThreadPoolExecutor.runWorker(ThreadPoolExecutor.java:1190) ~[tomcat-embed-core-10.1.34.jar:10.1.34]
	at org.apache.tomcat.util.threads.ThreadPoolExecutor$Worker.run(ThreadPoolExecutor.java:659) ~[tomcat-embed-core-10.1.34.jar:10.1.34]
	at org.apache.tomcat.util.threads.TaskThread$WrappingRunnable.run(TaskThread.java:63) ~[tomcat-embed-core-10.1.34.jar:10.1.34]
	at java.base/java.lang.Thread.run(Thread.java:1583) ~[na:na]

2025-02-02T16:27:52.003+09:00 ERROR 1688 --- [project] [http-nio-8080-exec-2] o.a.c.c.C.[.[localhost].[/].[h2Console]  : Servlet.service() for servlet [h2Console] in context with path [] threw exception

java.lang.NullPointerException: Cannot read the array length because "array" is null
	at java.base/java.util.Arrays.stream(Arrays.java:5528) ~[na:na]
	at com.example.project.global.security.JwtAuthorizationFilter._getCookie(JwtAuthorizationFilter.java:50) ~[main/:na]
	at com.example.project.global.security.JwtAuthorizationFilter.doFilterInternal(JwtAuthorizationFilter.java:32) ~[main/:na]
	at org.springframework.web.filter.OncePerRequestFilter.doFilter(OncePerRequestFilter.java:116) ~[spring-web-6.2.2.jar:6.2.2]
	at org.apache.catalina.core.ApplicationFilterChain.internalDoFilter(ApplicationFilterChain.java:164) ~[tomcat-embed-core-10.1.34.jar:10.1.34]
	at org.apache.catalina.core.ApplicationFilterChain.doFilter(ApplicationFilterChain.java:140) ~[tomcat-embed-core-10.1.34.jar:10.1.34]
	at org.springframework.web.filter.CompositeFilter$VirtualFilterChain.doFilter(CompositeFilter.java:108) ~[spring-web-6.2.2.jar:6.2.2]
	at org.springframework.security.web.FilterChainProxy.lambda$doFilterInternal$3(FilterChainProxy.java:231) ~[spring-security-web-6.4.2.jar:6.4.2]
	at org.springframework.security.web.FilterChainProxy$VirtualFilterChain.doFilter(FilterChainProxy.java:365) ~[spring-security-web-6.4.2.jar:6.4.2]
	at org.springframework.security.web.access.intercept.AuthorizationFilter.doFilter(AuthorizationFilter.java:101) ~[spring-security-web-6.4.2.jar:6.4.2]
	at org.springframework.security.web.FilterChainProxy$VirtualFilterChain.doFilter(FilterChainProxy.java:374) ~[spring-security-web-6.4.2.jar:6.4.2]
	at org.springframework.security.web.access.ExceptionTranslationFilter.doFilter(ExceptionTranslationFilter.java:126) ~[spring-security-web-6.4.2.jar:6.4.2]
	at org.springframework.security.web.access.ExceptionTranslationFilter.doFilter(ExceptionTranslationFilter.java:120) ~[spring-security-web-6.4.2.jar:6.4.2]
	at org.springframework.security.web.FilterChainProxy$VirtualFilterChain.doFilter(FilterChainProxy.java:374) ~[spring-security-web-6.4.2.jar:6.4.2]
	at org.springframework.security.web.authentication.AnonymousAuthenticationFilter.doFilter(AnonymousAuthenticationFilter.java:100) ~[spring-security-web-6.4.2.jar:6.4.2]
	at org.springframework.security.web.FilterChainProxy$VirtualFilterChain.doFilter(FilterChainProxy.java:374) ~[spring-security-web-6.4.2.jar:6.4.2]
	at org.springframework.security.web.servletapi.SecurityContextHolderAwareRequestFilter.doFilter(SecurityContextHolderAwareRequestFilter.java:179) ~[spring-security-web-6.4.2.jar:6.4.2]
	at org.springframework.security.web.FilterChainProxy$VirtualFilterChain.doFilter(FilterChainProxy.java:374) ~[spring-security-web-6.4.2.jar:6.4.2]
	at org.springframework.security.web.savedrequest.RequestCacheAwareFilter.doFilter(RequestCacheAwareFilter.java:63) ~[spring-security-web-6.4.2.jar:6.4.2]
	at org.springframework.security.web.FilterChainProxy$VirtualFilterChain.doFilter(FilterChainProxy.java:374) ~[spring-security-web-6.4.2.jar:6.4.2]
	at org.springframework.security.web.authentication.logout.LogoutFilter.doFilter(LogoutFilter.java:107) ~[spring-security-web-6.4.2.jar:6.4.2]
	at org.springframework.security.web.authentication.logout.LogoutFilter.doFilter(LogoutFilter.java:93) ~[spring-security-web-6.4.2.jar:6.4.2]
	at org.springframework.security.web.FilterChainProxy$VirtualFilterChain.doFilter(FilterChainProxy.java:374) ~[spring-security-web-6.4.2.jar:6.4.2]
	at org.springframework.security.web.csrf.CsrfFilter.doFilterInternal(CsrfFilter.java:117) ~[spring-security-web-6.4.2.jar:6.4.2]
	at org.springframework.web.filter.OncePerRequestFilter.doFilter(OncePerRequestFilter.java:116) ~[spring-web-6.2.2.jar:6.2.2]
	at org.springframework.security.web.FilterChainProxy$VirtualFilterChain.doFilter(FilterChainProxy.java:374) ~[spring-security-web-6.4.2.jar:6.4.2]
	at org.springframework.security.web.header.HeaderWriterFilter.doHeadersAfter(HeaderWriterFilter.java:90) ~[spring-security-web-6.4.2.jar:6.4.2]
	at org.springframework.security.web.header.HeaderWriterFilter.doFilterInternal(HeaderWriterFilter.java:75) ~[spring-security-web-6.4.2.jar:6.4.2]
	at org.springframework.web.filter.OncePerRequestFilter.doFilter(OncePerRequestFilter.java:116) ~[spring-web-6.2.2.jar:6.2.2]
	at org.springframework.security.web.FilterChainProxy$VirtualFilterChain.doFilter(FilterChainProxy.java:374) ~[spring-security-web-6.4.2.jar:6.4.2]
	at org.springframework.security.web.context.SecurityContextHolderFilter.doFilter(SecurityContextHolderFilter.java:82) ~[spring-security-web-6.4.2.jar:6.4.2]
	at org.springframework.security.web.context.SecurityContextHolderFilter.doFilter(SecurityContextHolderFilter.java:69) ~[spring-security-web-6.4.2.jar:6.4.2]
	at org.springframework.security.web.FilterChainProxy$VirtualFilterChain.doFilter(FilterChainProxy.java:374) ~[spring-security-web-6.4.2.jar:6.4.2]
	at org.springframework.security.web.context.request.async.WebAsyncManagerIntegrationFilter.doFilterInternal(WebAsyncManagerIntegrationFilter.java:62) ~[spring-security-web-6.4.2.jar:6.4.2]
	at org.springframework.web.filter.OncePerRequestFilter.doFilter(OncePerRequestFilter.java:116) ~[spring-web-6.2.2.jar:6.2.2]
	at org.springframework.security.web.FilterChainProxy$VirtualFilterChain.doFilter(FilterChainProxy.java:374) ~[spring-security-web-6.4.2.jar:6.4.2]
	at org.springframework.security.web.session.DisableEncodeUrlFilter.doFilterInternal(DisableEncodeUrlFilter.java:42) ~[spring-security-web-6.4.2.jar:6.4.2]
	at org.springframework.web.filter.OncePerRequestFilter.doFilter(OncePerRequestFilter.java:116) ~[spring-web-6.2.2.jar:6.2.2]
	at org.springframework.security.web.FilterChainProxy$VirtualFilterChain.doFilter(FilterChainProxy.java:374) ~[spring-security-web-6.4.2.jar:6.4.2]
	at org.springframework.security.web.FilterChainProxy.doFilterInternal(FilterChainProxy.java:233) ~[spring-security-web-6.4.2.jar:6.4.2]
	at org.springframework.security.web.FilterChainProxy.doFilter(FilterChainProxy.java:191) ~[spring-security-web-6.4.2.jar:6.4.2]
	at org.springframework.web.filter.CompositeFilter$VirtualFilterChain.doFilter(CompositeFilter.java:113) ~[spring-web-6.2.2.jar:6.2.2]
	at org.springframework.web.servlet.handler.HandlerMappingIntrospector.lambda$createCacheFilter$3(HandlerMappingIntrospector.java:243) ~[spring-webmvc-6.2.2.jar:6.2.2]
	at org.springframework.web.filter.CompositeFilter$VirtualFilterChain.doFilter(CompositeFilter.java:113) ~[spring-web-6.2.2.jar:6.2.2]
	at org.springframework.web.filter.CompositeFilter.doFilter(CompositeFilter.java:74) ~[spring-web-6.2.2.jar:6.2.2]
	at org.springframework.security.config.annotation.web.configuration.WebMvcSecurityConfiguration$CompositeFilterChainProxy.doFilter(WebMvcSecurityConfiguration.java:238) ~[spring-security-config-6.4.2.jar:6.4.2]
	at org.springframework.web.filter.DelegatingFilterProxy.invokeDelegate(DelegatingFilterProxy.java:362) ~[spring-web-6.2.2.jar:6.2.2]
	at org.springframework.web.filter.DelegatingFilterProxy.doFilter(DelegatingFilterProxy.java:278) ~[spring-web-6.2.2.jar:6.2.2]
	at org.apache.catalina.core.ApplicationFilterChain.internalDoFilter(ApplicationFilterChain.java:164) ~[tomcat-embed-core-10.1.34.jar:10.1.34]
	at org.apache.catalina.core.ApplicationFilterChain.doFilter(ApplicationFilterChain.java:140) ~[tomcat-embed-core-10.1.34.jar:10.1.34]
	at org.springframework.web.filter.RequestContextFilter.doFilterInternal(RequestContextFilter.java:100) ~[spring-web-6.2.2.jar:6.2.2]
	at org.springframework.web.filter.OncePerRequestFilter.doFilter(OncePerRequestFilter.java:116) ~[spring-web-6.2.2.jar:6.2.2]
	at org.apache.catalina.core.ApplicationFilterChain.internalDoFilter(ApplicationFilterChain.java:164) ~[tomcat-embed-core-10.1.34.jar:10.1.34]
	at org.apache.catalina.core.ApplicationFilterChain.doFilter(ApplicationFilterChain.java:140) ~[tomcat-embed-core-10.1.34.jar:10.1.34]
	at org.springframework.web.filter.FormContentFilter.doFilterInternal(FormContentFilter.java:93) ~[spring-web-6.2.2.jar:6.2.2]
	at org.springframework.web.filter.OncePerRequestFilter.doFilter(OncePerRequestFilter.java:116) ~[spring-web-6.2.2.jar:6.2.2]
	at org.apache.catalina.core.ApplicationFilterChain.internalDoFilter(ApplicationFilterChain.java:164) ~[tomcat-embed-core-10.1.34.jar:10.1.34]
	at org.apache.catalina.core.ApplicationFilterChain.doFilter(ApplicationFilterChain.java:140) ~[tomcat-embed-core-10.1.34.jar:10.1.34]
	at org.springframework.web.filter.CharacterEncodingFilter.doFilterInternal(CharacterEncodingFilter.java:201) ~[spring-web-6.2.2.jar:6.2.2]
	at org.springframework.web.filter.OncePerRequestFilter.doFilter(OncePerRequestFilter.java:116) ~[spring-web-6.2.2.jar:6.2.2]
	at org.apache.catalina.core.ApplicationFilterChain.internalDoFilter(ApplicationFilterChain.java:164) ~[tomcat-embed-core-10.1.34.jar:10.1.34]
	at org.apache.catalina.core.ApplicationFilterChain.doFilter(ApplicationFilterChain.java:140) ~[tomcat-embed-core-10.1.34.jar:10.1.34]
	at org.apache.catalina.core.StandardWrapperValve.invoke(StandardWrapperValve.java:167) ~[tomcat-embed-core-10.1.34.jar:10.1.34]
	at org.apache.catalina.core.StandardContextValve.invoke(StandardContextValve.java:90) ~[tomcat-embed-core-10.1.34.jar:10.1.34]
	at org.apache.catalina.authenticator.AuthenticatorBase.invoke(AuthenticatorBase.java:483) ~[tomcat-embed-core-10.1.34.jar:10.1.34]
	at org.apache.catalina.core.StandardHostValve.invoke(StandardHostValve.java:115) ~[tomcat-embed-core-10.1.34.jar:10.1.34]
	at org.apache.catalina.valves.ErrorReportValve.invoke(ErrorReportValve.java:93) ~[tomcat-embed-core-10.1.34.jar:10.1.34]
	at org.apache.catalina.core.StandardEngineValve.invoke(StandardEngineValve.java:74) ~[tomcat-embed-core-10.1.34.jar:10.1.34]
	at org.apache.catalina.connector.CoyoteAdapter.service(CoyoteAdapter.java:344) ~[tomcat-embed-core-10.1.34.jar:10.1.34]
	at org.apache.coyote.http11.Http11Processor.service(Http11Processor.java:397) ~[tomcat-embed-core-10.1.34.jar:10.1.34]
	at org.apache.coyote.AbstractProcessorLight.process(AbstractProcessorLight.java:63) ~[tomcat-embed-core-10.1.34.jar:10.1.34]
	at org.apache.coyote.AbstractProtocol$ConnectionHandler.process(AbstractProtocol.java:905) ~[tomcat-embed-core-10.1.34.jar:10.1.34]
	at org.apache.tomcat.util.net.NioEndpoint$SocketProcessor.doRun(NioEndpoint.java:1741) ~[tomcat-embed-core-10.1.34.jar:10.1.34]
	at org.apache.tomcat.util.net.SocketProcessorBase.run(SocketProcessorBase.java:52) ~[tomcat-embed-core-10.1.34.jar:10.1.34]
	at org.apache.tomcat.util.threads.ThreadPoolExecutor.runWorker(ThreadPoolExecutor.java:1190) ~[tomcat-embed-core-10.1.34.jar:10.1.34]
	at org.apache.tomcat.util.threads.ThreadPoolExecutor$Worker.run(ThreadPoolExecutor.java:659) ~[tomcat-embed-core-10.1.34.jar:10.1.34]
	at org.apache.tomcat.util.threads.TaskThread$WrappingRunnable.run(TaskThread.java:63) ~[tomcat-embed-core-10.1.34.jar:10.1.34]
	at java.base/java.lang.Thread.run(Thread.java:1583) ~[na:na]

2025-02-02T16:27:53.654+09:00 ERROR 1688 --- [project] [http-nio-8080-exec-3] o.a.c.c.C.[.[localhost].[/].[h2Console]  : Servlet.service() for servlet [h2Console] in context with path [] threw exception

java.lang.NullPointerException: Cannot read the array length because "array" is null
	at java.base/java.util.Arrays.stream(Arrays.java:5528) ~[na:na]
	at com.example.project.global.security.JwtAuthorizationFilter._getCookie(JwtAuthorizationFilter.java:50) ~[main/:na]
	at com.example.project.global.security.JwtAuthorizationFilter.doFilterInternal(JwtAuthorizationFilter.java:32) ~[main/:na]
	at org.springframework.web.filter.OncePerRequestFilter.doFilter(OncePerRequestFilter.java:116) ~[spring-web-6.2.2.jar:6.2.2]
	at org.apache.catalina.core.ApplicationFilterChain.internalDoFilter(ApplicationFilterChain.java:164) ~[tomcat-embed-core-10.1.34.jar:10.1.34]
	at org.apache.catalina.core.ApplicationFilterChain.doFilter(ApplicationFilterChain.java:140) ~[tomcat-embed-core-10.1.34.jar:10.1.34]
	at org.springframework.web.filter.CompositeFilter$VirtualFilterChain.doFilter(CompositeFilter.java:108) ~[spring-web-6.2.2.jar:6.2.2]
	at org.springframework.security.web.FilterChainProxy.lambda$doFilterInternal$3(FilterChainProxy.java:231) ~[spring-security-web-6.4.2.jar:6.4.2]
	at org.springframework.security.web.FilterChainProxy$VirtualFilterChain.doFilter(FilterChainProxy.java:365) ~[spring-security-web-6.4.2.jar:6.4.2]
	at org.springframework.security.web.access.intercept.AuthorizationFilter.doFilter(AuthorizationFilter.java:101) ~[spring-security-web-6.4.2.jar:6.4.2]
	at org.springframework.security.web.FilterChainProxy$VirtualFilterChain.doFilter(FilterChainProxy.java:374) ~[spring-security-web-6.4.2.jar:6.4.2]
	at org.springframework.security.web.access.ExceptionTranslationFilter.doFilter(ExceptionTranslationFilter.java:126) ~[spring-security-web-6.4.2.jar:6.4.2]
	at org.springframework.security.web.access.ExceptionTranslationFilter.doFilter(ExceptionTranslationFilter.java:120) ~[spring-security-web-6.4.2.jar:6.4.2]
	at org.springframework.security.web.FilterChainProxy$VirtualFilterChain.doFilter(FilterChainProxy.java:374) ~[spring-security-web-6.4.2.jar:6.4.2]
	at org.springframework.security.web.authentication.AnonymousAuthenticationFilter.doFilter(AnonymousAuthenticationFilter.java:100) ~[spring-security-web-6.4.2.jar:6.4.2]
	at org.springframework.security.web.FilterChainProxy$VirtualFilterChain.doFilter(FilterChainProxy.java:374) ~[spring-security-web-6.4.2.jar:6.4.2]
	at org.springframework.security.web.servletapi.SecurityContextHolderAwareRequestFilter.doFilter(SecurityContextHolderAwareRequestFilter.java:179) ~[spring-security-web-6.4.2.jar:6.4.2]
	at org.springframework.security.web.FilterChainProxy$VirtualFilterChain.doFilter(FilterChainProxy.java:374) ~[spring-security-web-6.4.2.jar:6.4.2]
	at org.springframework.security.web.savedrequest.RequestCacheAwareFilter.doFilter(RequestCacheAwareFilter.java:63) ~[spring-security-web-6.4.2.jar:6.4.2]
	at org.springframework.security.web.FilterChainProxy$VirtualFilterChain.doFilter(FilterChainProxy.java:374) ~[spring-security-web-6.4.2.jar:6.4.2]
	at org.springframework.security.web.authentication.logout.LogoutFilter.doFilter(LogoutFilter.java:107) ~[spring-security-web-6.4.2.jar:6.4.2]
	at org.springframework.security.web.authentication.logout.LogoutFilter.doFilter(LogoutFilter.java:93) ~[spring-security-web-6.4.2.jar:6.4.2]
	at org.springframework.security.web.FilterChainProxy$VirtualFilterChain.doFilter(FilterChainProxy.java:374) ~[spring-security-web-6.4.2.jar:6.4.2]
	at org.springframework.security.web.csrf.CsrfFilter.doFilterInternal(CsrfFilter.java:117) ~[spring-security-web-6.4.2.jar:6.4.2]
	at org.springframework.web.filter.OncePerRequestFilter.doFilter(OncePerRequestFilter.java:116) ~[spring-web-6.2.2.jar:6.2.2]
	at org.springframework.security.web.FilterChainProxy$VirtualFilterChain.doFilter(FilterChainProxy.java:374) ~[spring-security-web-6.4.2.jar:6.4.2]
	at org.springframework.security.web.header.HeaderWriterFilter.doHeadersAfter(HeaderWriterFilter.java:90) ~[spring-security-web-6.4.2.jar:6.4.2]
	at org.springframework.security.web.header.HeaderWriterFilter.doFilterInternal(HeaderWriterFilter.java:75) ~[spring-security-web-6.4.2.jar:6.4.2]
	at org.springframework.web.filter.OncePerRequestFilter.doFilter(OncePerRequestFilter.java:116) ~[spring-web-6.2.2.jar:6.2.2]
	at org.springframework.security.web.FilterChainProxy$VirtualFilterChain.doFilter(FilterChainProxy.java:374) ~[spring-security-web-6.4.2.jar:6.4.2]
	at org.springframework.security.web.context.SecurityContextHolderFilter.doFilter(SecurityContextHolderFilter.java:82) ~[spring-security-web-6.4.2.jar:6.4.2]
	at org.springframework.security.web.context.SecurityContextHolderFilter.doFilter(SecurityContextHolderFilter.java:69) ~[spring-security-web-6.4.2.jar:6.4.2]
	at org.springframework.security.web.FilterChainProxy$VirtualFilterChain.doFilter(FilterChainProxy.java:374) ~[spring-security-web-6.4.2.jar:6.4.2]
	at org.springframework.security.web.context.request.async.WebAsyncManagerIntegrationFilter.doFilterInternal(WebAsyncManagerIntegrationFilter.java:62) ~[spring-security-web-6.4.2.jar:6.4.2]
	at org.springframework.web.filter.OncePerRequestFilter.doFilter(OncePerRequestFilter.java:116) ~[spring-web-6.2.2.jar:6.2.2]
	at org.springframework.security.web.FilterChainProxy$VirtualFilterChain.doFilter(FilterChainProxy.java:374) ~[spring-security-web-6.4.2.jar:6.4.2]
	at org.springframework.security.web.session.DisableEncodeUrlFilter.doFilterInternal(DisableEncodeUrlFilter.java:42) ~[spring-security-web-6.4.2.jar:6.4.2]
	at org.springframework.web.filter.OncePerRequestFilter.doFilter(OncePerRequestFilter.java:116) ~[spring-web-6.2.2.jar:6.2.2]
	at org.springframework.security.web.FilterChainProxy$VirtualFilterChain.doFilter(FilterChainProxy.java:374) ~[spring-security-web-6.4.2.jar:6.4.2]
	at org.springframework.security.web.FilterChainProxy.doFilterInternal(FilterChainProxy.java:233) ~[spring-security-web-6.4.2.jar:6.4.2]
	at org.springframework.security.web.FilterChainProxy.doFilter(FilterChainProxy.java:191) ~[spring-security-web-6.4.2.jar:6.4.2]
	at org.springframework.web.filter.CompositeFilter$VirtualFilterChain.doFilter(CompositeFilter.java:113) ~[spring-web-6.2.2.jar:6.2.2]
	at org.springframework.web.servlet.handler.HandlerMappingIntrospector.lambda$createCacheFilter$3(HandlerMappingIntrospector.java:243) ~[spring-webmvc-6.2.2.jar:6.2.2]
	at org.springframework.web.filter.CompositeFilter$VirtualFilterChain.doFilter(CompositeFilter.java:113) ~[spring-web-6.2.2.jar:6.2.2]
	at org.springframework.web.filter.CompositeFilter.doFilter(CompositeFilter.java:74) ~[spring-web-6.2.2.jar:6.2.2]
	at org.springframework.security.config.annotation.web.configuration.WebMvcSecurityConfiguration$CompositeFilterChainProxy.doFilter(WebMvcSecurityConfiguration.java:238) ~[spring-security-config-6.4.2.jar:6.4.2]
	at org.springframework.web.filter.DelegatingFilterProxy.invokeDelegate(DelegatingFilterProxy.java:362) ~[spring-web-6.2.2.jar:6.2.2]
	at org.springframework.web.filter.DelegatingFilterProxy.doFilter(DelegatingFilterProxy.java:278) ~[spring-web-6.2.2.jar:6.2.2]
	at org.apache.catalina.core.ApplicationFilterChain.internalDoFilter(ApplicationFilterChain.java:164) ~[tomcat-embed-core-10.1.34.jar:10.1.34]
	at org.apache.catalina.core.ApplicationFilterChain.doFilter(ApplicationFilterChain.java:140) ~[tomcat-embed-core-10.1.34.jar:10.1.34]
	at org.springframework.web.filter.RequestContextFilter.doFilterInternal(RequestContextFilter.java:100) ~[spring-web-6.2.2.jar:6.2.2]
	at org.springframework.web.filter.OncePerRequestFilter.doFilter(OncePerRequestFilter.java:116) ~[spring-web-6.2.2.jar:6.2.2]
	at org.apache.catalina.core.ApplicationFilterChain.internalDoFilter(ApplicationFilterChain.java:164) ~[tomcat-embed-core-10.1.34.jar:10.1.34]
	at org.apache.catalina.core.ApplicationFilterChain.doFilter(ApplicationFilterChain.java:140) ~[tomcat-embed-core-10.1.34.jar:10.1.34]
	at org.springframework.web.filter.FormContentFilter.doFilterInternal(FormContentFilter.java:93) ~[spring-web-6.2.2.jar:6.2.2]
	at org.springframework.web.filter.OncePerRequestFilter.doFilter(OncePerRequestFilter.java:116) ~[spring-web-6.2.2.jar:6.2.2]
	at org.apache.catalina.core.ApplicationFilterChain.internalDoFilter(ApplicationFilterChain.java:164) ~[tomcat-embed-core-10.1.34.jar:10.1.34]
	at org.apache.catalina.core.ApplicationFilterChain.doFilter(ApplicationFilterChain.java:140) ~[tomcat-embed-core-10.1.34.jar:10.1.34]
	at org.springframework.web.filter.CharacterEncodingFilter.doFilterInternal(CharacterEncodingFilter.java:201) ~[spring-web-6.2.2.jar:6.2.2]
	at org.springframework.web.filter.OncePerRequestFilter.doFilter(OncePerRequestFilter.java:116) ~[spring-web-6.2.2.jar:6.2.2]
	at org.apache.catalina.core.ApplicationFilterChain.internalDoFilter(ApplicationFilterChain.java:164) ~[tomcat-embed-core-10.1.34.jar:10.1.34]
	at org.apache.catalina.core.ApplicationFilterChain.doFilter(ApplicationFilterChain.java:140) ~[tomcat-embed-core-10.1.34.jar:10.1.34]
	at org.apache.catalina.core.StandardWrapperValve.invoke(StandardWrapperValve.java:167) ~[tomcat-embed-core-10.1.34.jar:10.1.34]
	at org.apache.catalina.core.StandardContextValve.invoke(StandardContextValve.java:90) ~[tomcat-embed-core-10.1.34.jar:10.1.34]
	at org.apache.catalina.authenticator.AuthenticatorBase.invoke(AuthenticatorBase.java:483) ~[tomcat-embed-core-10.1.34.jar:10.1.34]
	at org.apache.catalina.core.StandardHostValve.invoke(StandardHostValve.java:115) ~[tomcat-embed-core-10.1.34.jar:10.1.34]
	at org.apache.catalina.valves.ErrorReportValve.invoke(ErrorReportValve.java:93) ~[tomcat-embed-core-10.1.34.jar:10.1.34]
	at org.apache.catalina.core.StandardEngineValve.invoke(StandardEngineValve.java:74) ~[tomcat-embed-core-10.1.34.jar:10.1.34]
	at org.apache.catalina.connector.CoyoteAdapter.service(CoyoteAdapter.java:344) ~[tomcat-embed-core-10.1.34.jar:10.1.34]
	at org.apache.coyote.http11.Http11Processor.service(Http11Processor.java:397) ~[tomcat-embed-core-10.1.34.jar:10.1.34]
	at org.apache.coyote.AbstractProcessorLight.process(AbstractProcessorLight.java:63) ~[tomcat-embed-core-10.1.34.jar:10.1.34]
	at org.apache.coyote.AbstractProtocol$ConnectionHandler.process(AbstractProtocol.java:905) ~[tomcat-embed-core-10.1.34.jar:10.1.34]
	at org.apache.tomcat.util.net.NioEndpoint$SocketProcessor.doRun(NioEndpoint.java:1741) ~[tomcat-embed-core-10.1.34.jar:10.1.34]
	at org.apache.tomcat.util.net.SocketProcessorBase.run(SocketProcessorBase.java:52) ~[tomcat-embed-core-10.1.34.jar:10.1.34]
	at org.apache.tomcat.util.threads.ThreadPoolExecutor.runWorker(ThreadPoolExecutor.java:1190) ~[tomcat-embed-core-10.1.34.jar:10.1.34]
	at org.apache.tomcat.util.threads.ThreadPoolExecutor$Worker.run(ThreadPoolExecutor.java:659) ~[tomcat-embed-core-10.1.34.jar:10.1.34]
	at org.apache.tomcat.util.threads.TaskThread$WrappingRunnable.run(TaskThread.java:63) ~[tomcat-embed-core-10.1.34.jar:10.1.34]
	at java.base/java.lang.Thread.run(Thread.java:1583) ~[na:na]

2025-02-02T16:27:56.308+09:00 ERROR 1688 --- [project] [http-nio-8080-exec-4] o.a.c.c.C.[.[localhost].[/].[h2Console]  : Servlet.service() for servlet [h2Console] in context with path [] threw exception

java.lang.NullPointerException: Cannot read the array length because "array" is null
	at java.base/java.util.Arrays.stream(Arrays.java:5528) ~[na:na]
	at com.example.project.global.security.JwtAuthorizationFilter._getCookie(JwtAuthorizationFilter.java:50) ~[main/:na]
	at com.example.project.global.security.JwtAuthorizationFilter.doFilterInternal(JwtAuthorizationFilter.java:32) ~[main/:na]
	at org.springframework.web.filter.OncePerRequestFilter.doFilter(OncePerRequestFilter.java:116) ~[spring-web-6.2.2.jar:6.2.2]
	at org.apache.catalina.core.ApplicationFilterChain.internalDoFilter(ApplicationFilterChain.java:164) ~[tomcat-embed-core-10.1.34.jar:10.1.34]
	at org.apache.catalina.core.ApplicationFilterChain.doFilter(ApplicationFilterChain.java:140) ~[tomcat-embed-core-10.1.34.jar:10.1.34]
	at org.springframework.web.filter.CompositeFilter$VirtualFilterChain.doFilter(CompositeFilter.java:108) ~[spring-web-6.2.2.jar:6.2.2]
	at org.springframework.security.web.FilterChainProxy.lambda$doFilterInternal$3(FilterChainProxy.java:231) ~[spring-security-web-6.4.2.jar:6.4.2]
	at org.springframework.security.web.FilterChainProxy$VirtualFilterChain.doFilter(FilterChainProxy.java:365) ~[spring-security-web-6.4.2.jar:6.4.2]
	at org.springframework.security.web.access.intercept.AuthorizationFilter.doFilter(AuthorizationFilter.java:101) ~[spring-security-web-6.4.2.jar:6.4.2]
	at org.springframework.security.web.FilterChainProxy$VirtualFilterChain.doFilter(FilterChainProxy.java:374) ~[spring-security-web-6.4.2.jar:6.4.2]
	at org.springframework.security.web.access.ExceptionTranslationFilter.doFilter(ExceptionTranslationFilter.java:126) ~[spring-security-web-6.4.2.jar:6.4.2]
	at org.springframework.security.web.access.ExceptionTranslationFilter.doFilter(ExceptionTranslationFilter.java:120) ~[spring-security-web-6.4.2.jar:6.4.2]
	at org.springframework.security.web.FilterChainProxy$VirtualFilterChain.doFilter(FilterChainProxy.java:374) ~[spring-security-web-6.4.2.jar:6.4.2]
	at org.springframework.security.web.authentication.AnonymousAuthenticationFilter.doFilter(AnonymousAuthenticationFilter.java:100) ~[spring-security-web-6.4.2.jar:6.4.2]
	at org.springframework.security.web.FilterChainProxy$VirtualFilterChain.doFilter(FilterChainProxy.java:374) ~[spring-security-web-6.4.2.jar:6.4.2]
	at org.springframework.security.web.servletapi.SecurityContextHolderAwareRequestFilter.doFilter(SecurityContextHolderAwareRequestFilter.java:179) ~[spring-security-web-6.4.2.jar:6.4.2]
	at org.springframework.security.web.FilterChainProxy$VirtualFilterChain.doFilter(FilterChainProxy.java:374) ~[spring-security-web-6.4.2.jar:6.4.2]
	at org.springframework.security.web.savedrequest.RequestCacheAwareFilter.doFilter(RequestCacheAwareFilter.java:63) ~[spring-security-web-6.4.2.jar:6.4.2]
	at org.springframework.security.web.FilterChainProxy$VirtualFilterChain.doFilter(FilterChainProxy.java:374) ~[spring-security-web-6.4.2.jar:6.4.2]
	at org.springframework.security.web.authentication.logout.LogoutFilter.doFilter(LogoutFilter.java:107) ~[spring-security-web-6.4.2.jar:6.4.2]
	at org.springframework.security.web.authentication.logout.LogoutFilter.doFilter(LogoutFilter.java:93) ~[spring-security-web-6.4.2.jar:6.4.2]
	at org.springframework.security.web.FilterChainProxy$VirtualFilterChain.doFilter(FilterChainProxy.java:374) ~[spring-security-web-6.4.2.jar:6.4.2]
	at org.springframework.security.web.csrf.CsrfFilter.doFilterInternal(CsrfFilter.java:117) ~[spring-security-web-6.4.2.jar:6.4.2]
	at org.springframework.web.filter.OncePerRequestFilter.doFilter(OncePerRequestFilter.java:116) ~[spring-web-6.2.2.jar:6.2.2]
	at org.springframework.security.web.FilterChainProxy$VirtualFilterChain.doFilter(FilterChainProxy.java:374) ~[spring-security-web-6.4.2.jar:6.4.2]
	at org.springframework.security.web.header.HeaderWriterFilter.doHeadersAfter(HeaderWriterFilter.java:90) ~[spring-security-web-6.4.2.jar:6.4.2]
	at org.springframework.security.web.header.HeaderWriterFilter.doFilterInternal(HeaderWriterFilter.java:75) ~[spring-security-web-6.4.2.jar:6.4.2]
	at org.springframework.web.filter.OncePerRequestFilter.doFilter(OncePerRequestFilter.java:116) ~[spring-web-6.2.2.jar:6.2.2]
	at org.springframework.security.web.FilterChainProxy$VirtualFilterChain.doFilter(FilterChainProxy.java:374) ~[spring-security-web-6.4.2.jar:6.4.2]
	at org.springframework.security.web.context.SecurityContextHolderFilter.doFilter(SecurityContextHolderFilter.java:82) ~[spring-security-web-6.4.2.jar:6.4.2]
	at org.springframework.security.web.context.SecurityContextHolderFilter.doFilter(SecurityContextHolderFilter.java:69) ~[spring-security-web-6.4.2.jar:6.4.2]
	at org.springframework.security.web.FilterChainProxy$VirtualFilterChain.doFilter(FilterChainProxy.java:374) ~[spring-security-web-6.4.2.jar:6.4.2]
	at org.springframework.security.web.context.request.async.WebAsyncManagerIntegrationFilter.doFilterInternal(WebAsyncManagerIntegrationFilter.java:62) ~[spring-security-web-6.4.2.jar:6.4.2]
	at org.springframework.web.filter.OncePerRequestFilter.doFilter(OncePerRequestFilter.java:116) ~[spring-web-6.2.2.jar:6.2.2]
	at org.springframework.security.web.FilterChainProxy$VirtualFilterChain.doFilter(FilterChainProxy.java:374) ~[spring-security-web-6.4.2.jar:6.4.2]
	at org.springframework.security.web.session.DisableEncodeUrlFilter.doFilterInternal(DisableEncodeUrlFilter.java:42) ~[spring-security-web-6.4.2.jar:6.4.2]
	at org.springframework.web.filter.OncePerRequestFilter.doFilter(OncePerRequestFilter.java:116) ~[spring-web-6.2.2.jar:6.2.2]
	at org.springframework.security.web.FilterChainProxy$VirtualFilterChain.doFilter(FilterChainProxy.java:374) ~[spring-security-web-6.4.2.jar:6.4.2]
	at org.springframework.security.web.FilterChainProxy.doFilterInternal(FilterChainProxy.java:233) ~[spring-security-web-6.4.2.jar:6.4.2]
	at org.springframework.security.web.FilterChainProxy.doFilter(FilterChainProxy.java:191) ~[spring-security-web-6.4.2.jar:6.4.2]
	at org.springframework.web.filter.CompositeFilter$VirtualFilterChain.doFilter(CompositeFilter.java:113) ~[spring-web-6.2.2.jar:6.2.2]
	at org.springframework.web.servlet.handler.HandlerMappingIntrospector.lambda$createCacheFilter$3(HandlerMappingIntrospector.java:243) ~[spring-webmvc-6.2.2.jar:6.2.2]
	at org.springframework.web.filter.CompositeFilter$VirtualFilterChain.doFilter(CompositeFilter.java:113) ~[spring-web-6.2.2.jar:6.2.2]
	at org.springframework.web.filter.CompositeFilter.doFilter(CompositeFilter.java:74) ~[spring-web-6.2.2.jar:6.2.2]
	at org.springframework.security.config.annotation.web.configuration.WebMvcSecurityConfiguration$CompositeFilterChainProxy.doFilter(WebMvcSecurityConfiguration.java:238) ~[spring-security-config-6.4.2.jar:6.4.2]
	at org.springframework.web.filter.DelegatingFilterProxy.invokeDelegate(DelegatingFilterProxy.java:362) ~[spring-web-6.2.2.jar:6.2.2]
	at org.springframework.web.filter.DelegatingFilterProxy.doFilter(DelegatingFilterProxy.java:278) ~[spring-web-6.2.2.jar:6.2.2]
	at org.apache.catalina.core.ApplicationFilterChain.internalDoFilter(ApplicationFilterChain.java:164) ~[tomcat-embed-core-10.1.34.jar:10.1.34]
	at org.apache.catalina.core.ApplicationFilterChain.doFilter(ApplicationFilterChain.java:140) ~[tomcat-embed-core-10.1.34.jar:10.1.34]
	at org.springframework.web.filter.RequestContextFilter.doFilterInternal(RequestContextFilter.java:100) ~[spring-web-6.2.2.jar:6.2.2]
	at org.springframework.web.filter.OncePerRequestFilter.doFilter(OncePerRequestFilter.java:116) ~[spring-web-6.2.2.jar:6.2.2]
	at org.apache.catalina.core.ApplicationFilterChain.internalDoFilter(ApplicationFilterChain.java:164) ~[tomcat-embed-core-10.1.34.jar:10.1.34]
	at org.apache.catalina.core.ApplicationFilterChain.doFilter(ApplicationFilterChain.java:140) ~[tomcat-embed-core-10.1.34.jar:10.1.34]
	at org.springframework.web.filter.FormContentFilter.doFilterInternal(FormContentFilter.java:93) ~[spring-web-6.2.2.jar:6.2.2]
	at org.springframework.web.filter.OncePerRequestFilter.doFilter(OncePerRequestFilter.java:116) ~[spring-web-6.2.2.jar:6.2.2]
	at org.apache.catalina.core.ApplicationFilterChain.internalDoFilter(ApplicationFilterChain.java:164) ~[tomcat-embed-core-10.1.34.jar:10.1.34]
	at org.apache.catalina.core.ApplicationFilterChain.doFilter(ApplicationFilterChain.java:140) ~[tomcat-embed-core-10.1.34.jar:10.1.34]
	at org.springframework.web.filter.CharacterEncodingFilter.doFilterInternal(CharacterEncodingFilter.java:201) ~[spring-web-6.2.2.jar:6.2.2]
	at org.springframework.web.filter.OncePerRequestFilter.doFilter(OncePerRequestFilter.java:116) ~[spring-web-6.2.2.jar:6.2.2]
	at org.apache.catalina.core.ApplicationFilterChain.internalDoFilter(ApplicationFilterChain.java:164) ~[tomcat-embed-core-10.1.34.jar:10.1.34]
	at org.apache.catalina.core.ApplicationFilterChain.doFilter(ApplicationFilterChain.java:140) ~[tomcat-embed-core-10.1.34.jar:10.1.34]
	at org.apache.catalina.core.StandardWrapperValve.invoke(StandardWrapperValve.java:167) ~[tomcat-embed-core-10.1.34.jar:10.1.34]
	at org.apache.catalina.core.StandardContextValve.invoke(StandardContextValve.java:90) ~[tomcat-embed-core-10.1.34.jar:10.1.34]
	at org.apache.catalina.authenticator.AuthenticatorBase.invoke(AuthenticatorBase.java:483) ~[tomcat-embed-core-10.1.34.jar:10.1.34]
	at org.apache.catalina.core.StandardHostValve.invoke(StandardHostValve.java:115) ~[tomcat-embed-core-10.1.34.jar:10.1.34]
	at org.apache.catalina.valves.ErrorReportValve.invoke(ErrorReportValve.java:93) ~[tomcat-embed-core-10.1.34.jar:10.1.34]
	at org.apache.catalina.core.StandardEngineValve.invoke(StandardEngineValve.java:74) ~[tomcat-embed-core-10.1.34.jar:10.1.34]
	at org.apache.catalina.connector.CoyoteAdapter.service(CoyoteAdapter.java:344) ~[tomcat-embed-core-10.1.34.jar:10.1.34]
	at org.apache.coyote.http11.Http11Processor.service(Http11Processor.java:397) ~[tomcat-embed-core-10.1.34.jar:10.1.34]
	at org.apache.coyote.AbstractProcessorLight.process(AbstractProcessorLight.java:63) ~[tomcat-embed-core-10.1.34.jar:10.1.34]
	at org.apache.coyote.AbstractProtocol$ConnectionHandler.process(AbstractProtocol.java:905) ~[tomcat-embed-core-10.1.34.jar:10.1.34]
	at org.apache.tomcat.util.net.NioEndpoint$SocketProcessor.doRun(NioEndpoint.java:1741) ~[tomcat-embed-core-10.1.34.jar:10.1.34]
	at org.apache.tomcat.util.net.SocketProcessorBase.run(SocketProcessorBase.java:52) ~[tomcat-embed-core-10.1.34.jar:10.1.34]
	at org.apache.tomcat.util.threads.ThreadPoolExecutor.runWorker(ThreadPoolExecutor.java:1190) ~[tomcat-embed-core-10.1.34.jar:10.1.34]
	at org.apache.tomcat.util.threads.ThreadPoolExecutor$Worker.run(ThreadPoolExecutor.java:659) ~[tomcat-embed-core-10.1.34.jar:10.1.34]
	at org.apache.tomcat.util.threads.TaskThread$WrappingRunnable.run(TaskThread.java:63) ~[tomcat-embed-core-10.1.34.jar:10.1.34]
	at java.base/java.lang.Thread.run(Thread.java:1583) ~[na:na]

2025-02-02T16:28:36.844+09:00  INFO 11268 --- [project] [main] com.example.project.ProjectApplication   : Starting ProjectApplication using Java 21.0.5 with PID 11268 (C:\AI\javaProject\develope\project\build\classes\java\main started by nsy71 in C:\AI\javaProject\develope\project)
2025-02-02T16:28:36.856+09:00  INFO 11268 --- [project] [main] com.example.project.ProjectApplication   : The following 2 profiles are active: "secret", "dev"
2025-02-02T16:28:41.495+09:00  INFO 11268 --- [project] [main] .s.d.r.c.RepositoryConfigurationDelegate : Bootstrapping Spring Data JPA repositories in DEFAULT mode.
2025-02-02T16:28:41.956+09:00  INFO 11268 --- [project] [main] .s.d.r.c.RepositoryConfigurationDelegate : Finished Spring Data repository scanning in 413 ms. Found 1 JPA repository interface.
2025-02-02T16:28:46.086+09:00  INFO 11268 --- [project] [main] o.s.b.w.embedded.tomcat.TomcatWebServer  : Tomcat initialized with port 8080 (http)
2025-02-02T16:28:46.223+09:00  INFO 11268 --- [project] [main] o.apache.catalina.core.StandardService   : Starting service [Tomcat]
2025-02-02T16:28:46.225+09:00  INFO 11268 --- [project] [main] o.apache.catalina.core.StandardEngine    : Starting Servlet engine: [Apache Tomcat/10.1.34]
2025-02-02T16:28:48.309+09:00  INFO 11268 --- [project] [main] o.a.c.c.C.[Tomcat].[localhost].[/]       : Initializing Spring embedded WebApplicationContext
2025-02-02T16:28:48.310+09:00  INFO 11268 --- [project] [main] w.s.c.ServletWebServerApplicationContext : Root WebApplicationContext: initialization completed in 11187 ms
2025-02-02T16:28:48.946+09:00  INFO 11268 --- [project] [main] o.hibernate.jpa.internal.util.LogHelper  : HHH000204: Processing PersistenceUnitInfo [name: default]
2025-02-02T16:28:49.318+09:00  INFO 11268 --- [project] [main] org.hibernate.Version                    : HHH000412: Hibernate ORM core version 6.6.5.Final
2025-02-02T16:28:49.499+09:00  INFO 11268 --- [project] [main] o.h.c.internal.RegionFactoryInitiator    : HHH000026: Second-level cache disabled
2025-02-02T16:28:49.935+09:00 DEBUG 11268 --- [project] [main] org.hibernate.type.BasicTypeRegistry     : Adding type registration boolean -> org.hibernate.type.BasicTypeReference@675b18ff
2025-02-02T16:28:49.936+09:00 DEBUG 11268 --- [project] [main] org.hibernate.type.BasicTypeRegistry     : Adding type registration boolean -> org.hibernate.type.BasicTypeReference@675b18ff
2025-02-02T16:28:49.937+09:00 DEBUG 11268 --- [project] [main] org.hibernate.type.BasicTypeRegistry     : Adding type registration java.lang.Boolean -> org.hibernate.type.BasicTypeReference@675b18ff
2025-02-02T16:28:49.938+09:00 DEBUG 11268 --- [project] [main] org.hibernate.type.BasicTypeRegistry     : Adding type registration numeric_boolean -> org.hibernate.type.BasicTypeReference@34279b8a
2025-02-02T16:28:49.939+09:00 DEBUG 11268 --- [project] [main] org.hibernate.type.BasicTypeRegistry     : Adding type registration org.hibernate.type.NumericBooleanConverter -> org.hibernate.type.BasicTypeReference@34279b8a
2025-02-02T16:28:49.941+09:00 DEBUG 11268 --- [project] [main] org.hibernate.type.BasicTypeRegistry     : Adding type registration true_false -> org.hibernate.type.BasicTypeReference@687389a6
2025-02-02T16:28:49.942+09:00 DEBUG 11268 --- [project] [main] org.hibernate.type.BasicTypeRegistry     : Adding type registration org.hibernate.type.TrueFalseConverter -> org.hibernate.type.BasicTypeReference@687389a6
2025-02-02T16:28:49.943+09:00 DEBUG 11268 --- [project] [main] org.hibernate.type.BasicTypeRegistry     : Adding type registration yes_no -> org.hibernate.type.BasicTypeReference@8641b7d
2025-02-02T16:28:49.944+09:00 DEBUG 11268 --- [project] [main] org.hibernate.type.BasicTypeRegistry     : Adding type registration org.hibernate.type.YesNoConverter -> org.hibernate.type.BasicTypeReference@8641b7d
2025-02-02T16:28:49.945+09:00 DEBUG 11268 --- [project] [main] org.hibernate.type.BasicTypeRegistry     : Adding type registration byte -> org.hibernate.type.BasicTypeReference@37c7766e
2025-02-02T16:28:49.946+09:00 DEBUG 11268 --- [project] [main] org.hibernate.type.BasicTypeRegistry     : Adding type registration byte -> org.hibernate.type.BasicTypeReference@37c7766e
2025-02-02T16:28:49.947+09:00 DEBUG 11268 --- [project] [main] org.hibernate.type.BasicTypeRegistry     : Adding type registration java.lang.Byte -> org.hibernate.type.BasicTypeReference@37c7766e
2025-02-02T16:28:49.949+09:00 DEBUG 11268 --- [project] [main] org.hibernate.type.BasicTypeRegistry     : Adding type registration binary -> org.hibernate.type.BasicTypeReference@3fb450d7
2025-02-02T16:28:49.951+09:00 DEBUG 11268 --- [project] [main] org.hibernate.type.BasicTypeRegistry     : Adding type registration byte[] -> org.hibernate.type.BasicTypeReference@3fb450d7
2025-02-02T16:28:49.952+09:00 DEBUG 11268 --- [project] [main] org.hibernate.type.BasicTypeRegistry     : Adding type registration [B -> org.hibernate.type.BasicTypeReference@3fb450d7
2025-02-02T16:28:49.953+09:00 DEBUG 11268 --- [project] [main] org.hibernate.type.BasicTypeRegistry     : Adding type registration binary_wrapper -> org.hibernate.type.BasicTypeReference@4b7ed03e
2025-02-02T16:28:49.954+09:00 DEBUG 11268 --- [project] [main] org.hibernate.type.BasicTypeRegistry     : Adding type registration wrapper-binary -> org.hibernate.type.BasicTypeReference@4b7ed03e
2025-02-02T16:28:49.956+09:00 DEBUG 11268 --- [project] [main] org.hibernate.type.BasicTypeRegistry     : Adding type registration image -> org.hibernate.type.BasicTypeReference@636985df
2025-02-02T16:28:49.957+09:00 DEBUG 11268 --- [project] [main] org.hibernate.type.BasicTypeRegistry     : Adding type registration blob -> org.hibernate.type.BasicTypeReference@6f91fbda
2025-02-02T16:28:49.958+09:00 DEBUG 11268 --- [project] [main] org.hibernate.type.BasicTypeRegistry     : Adding type registration java.sql.Blob -> org.hibernate.type.BasicTypeReference@6f91fbda
2025-02-02T16:28:49.960+09:00 DEBUG 11268 --- [project] [main] org.hibernate.type.BasicTypeRegistry     : Adding type registration materialized_blob -> org.hibernate.type.BasicTypeReference@723e3c17
2025-02-02T16:28:49.962+09:00 DEBUG 11268 --- [project] [main] org.hibernate.type.BasicTypeRegistry     : Adding type registration materialized_blob_wrapper -> org.hibernate.type.BasicTypeReference@4ffced4e
2025-02-02T16:28:49.964+09:00 DEBUG 11268 --- [project] [main] org.hibernate.type.BasicTypeRegistry     : Adding type registration short -> org.hibernate.type.BasicTypeReference@6094de13
2025-02-02T16:28:49.966+09:00 DEBUG 11268 --- [project] [main] org.hibernate.type.BasicTypeRegistry     : Adding type registration short -> org.hibernate.type.BasicTypeReference@6094de13
2025-02-02T16:28:49.967+09:00 DEBUG 11268 --- [project] [main] org.hibernate.type.BasicTypeRegistry     : Adding type registration java.lang.Short -> org.hibernate.type.BasicTypeReference@6094de13
2025-02-02T16:28:49.969+09:00 DEBUG 11268 --- [project] [main] org.hibernate.type.BasicTypeRegistry     : Adding type registration integer -> org.hibernate.type.BasicTypeReference@bbb6f0
2025-02-02T16:28:49.970+09:00 DEBUG 11268 --- [project] [main] org.hibernate.type.BasicTypeRegistry     : Adding type registration int -> org.hibernate.type.BasicTypeReference@bbb6f0
2025-02-02T16:28:49.972+09:00 DEBUG 11268 --- [project] [main] org.hibernate.type.BasicTypeRegistry     : Adding type registration java.lang.Integer -> org.hibernate.type.BasicTypeReference@bbb6f0
2025-02-02T16:28:49.974+09:00 DEBUG 11268 --- [project] [main] org.hibernate.type.BasicTypeRegistry     : Adding type registration long -> org.hibernate.type.BasicTypeReference@3e6ec74
2025-02-02T16:28:49.976+09:00 DEBUG 11268 --- [project] [main] org.hibernate.type.BasicTypeRegistry     : Adding type registration long -> org.hibernate.type.BasicTypeReference@3e6ec74
2025-02-02T16:28:49.978+09:00 DEBUG 11268 --- [project] [main] org.hibernate.type.BasicTypeRegistry     : Adding type registration java.lang.Long -> org.hibernate.type.BasicTypeReference@3e6ec74
2025-02-02T16:28:49.985+09:00 DEBUG 11268 --- [project] [main] org.hibernate.type.BasicTypeRegistry     : Adding type registration float -> org.hibernate.type.BasicTypeReference@2bd8f7db
2025-02-02T16:28:49.987+09:00 DEBUG 11268 --- [project] [main] org.hibernate.type.BasicTypeRegistry     : Adding type registration float -> org.hibernate.type.BasicTypeReference@2bd8f7db
2025-02-02T16:28:49.987+09:00 DEBUG 11268 --- [project] [main] org.hibernate.type.BasicTypeRegistry     : Adding type registration java.lang.Float -> org.hibernate.type.BasicTypeReference@2bd8f7db
2025-02-02T16:28:49.989+09:00 DEBUG 11268 --- [project] [main] org.hibernate.type.BasicTypeRegistry     : Adding type registration double -> org.hibernate.type.BasicTypeReference@6d7ad0f5
2025-02-02T16:28:49.991+09:00 DEBUG 11268 --- [project] [main] org.hibernate.type.BasicTypeRegistry     : Adding type registration double -> org.hibernate.type.BasicTypeReference@6d7ad0f5
2025-02-02T16:28:49.993+09:00 DEBUG 11268 --- [project] [main] org.hibernate.type.BasicTypeRegistry     : Adding type registration java.lang.Double -> org.hibernate.type.BasicTypeReference@6d7ad0f5
2025-02-02T16:28:49.997+09:00 DEBUG 11268 --- [project] [main] org.hibernate.type.BasicTypeRegistry     : Adding type registration big_integer -> org.hibernate.type.BasicTypeReference@30abf79c
2025-02-02T16:28:50.000+09:00 DEBUG 11268 --- [project] [main] org.hibernate.type.BasicTypeRegistry     : Adding type registration java.math.BigInteger -> org.hibernate.type.BasicTypeReference@30abf79c
2025-02-02T16:28:50.001+09:00 DEBUG 11268 --- [project] [main] org.hibernate.type.BasicTypeRegistry     : Adding type registration big_decimal -> org.hibernate.type.BasicTypeReference@49a38b1
2025-02-02T16:28:50.004+09:00 DEBUG 11268 --- [project] [main] org.hibernate.type.BasicTypeRegistry     : Adding type registration java.math.BigDecimal -> org.hibernate.type.BasicTypeReference@49a38b1
2025-02-02T16:28:50.006+09:00 DEBUG 11268 --- [project] [main] org.hibernate.type.BasicTypeRegistry     : Adding type registration character -> org.hibernate.type.BasicTypeReference@681061d6
2025-02-02T16:28:50.008+09:00 DEBUG 11268 --- [project] [main] org.hibernate.type.BasicTypeRegistry     : Adding type registration char -> org.hibernate.type.BasicTypeReference@681061d6
2025-02-02T16:28:50.013+09:00 DEBUG 11268 --- [project] [main] org.hibernate.type.BasicTypeRegistry     : Adding type registration java.lang.Character -> org.hibernate.type.BasicTypeReference@681061d6
2025-02-02T16:28:50.015+09:00 DEBUG 11268 --- [project] [main] org.hibernate.type.BasicTypeRegistry     : Adding type registration character_nchar -> org.hibernate.type.BasicTypeReference@53d6e959
2025-02-02T16:28:50.016+09:00 DEBUG 11268 --- [project] [main] org.hibernate.type.BasicTypeRegistry     : Adding type registration string -> org.hibernate.type.BasicTypeReference@3caee3a8
2025-02-02T16:28:50.017+09:00 DEBUG 11268 --- [project] [main] org.hibernate.type.BasicTypeRegistry     : Adding type registration java.lang.String -> org.hibernate.type.BasicTypeReference@3caee3a8
2025-02-02T16:28:50.019+09:00 DEBUG 11268 --- [project] [main] org.hibernate.type.BasicTypeRegistry     : Adding type registration nstring -> org.hibernate.type.BasicTypeReference@69a40b3c
2025-02-02T16:28:50.021+09:00 DEBUG 11268 --- [project] [main] org.hibernate.type.BasicTypeRegistry     : Adding type registration characters -> org.hibernate.type.BasicTypeReference@251c90f
2025-02-02T16:28:50.026+09:00 DEBUG 11268 --- [project] [main] org.hibernate.type.BasicTypeRegistry     : Adding type registration char[] -> org.hibernate.type.BasicTypeReference@251c90f
2025-02-02T16:28:50.028+09:00 DEBUG 11268 --- [project] [main] org.hibernate.type.BasicTypeRegistry     : Adding type registration [C -> org.hibernate.type.BasicTypeReference@251c90f
2025-02-02T16:28:50.030+09:00 DEBUG 11268 --- [project] [main] org.hibernate.type.BasicTypeRegistry     : Adding type registration wrapper-characters -> org.hibernate.type.BasicTypeReference@6629643d
2025-02-02T16:28:50.033+09:00 DEBUG 11268 --- [project] [main] org.hibernate.type.BasicTypeRegistry     : Adding type registration text -> org.hibernate.type.BasicTypeReference@2dd178f3
2025-02-02T16:28:50.035+09:00 DEBUG 11268 --- [project] [main] org.hibernate.type.BasicTypeRegistry     : Adding type registration ntext -> org.hibernate.type.BasicTypeReference@64656b9e
2025-02-02T16:28:50.036+09:00 DEBUG 11268 --- [project] [main] org.hibernate.type.BasicTypeRegistry     : Adding type registration clob -> org.hibernate.type.BasicTypeReference@6870cfac
2025-02-02T16:28:50.037+09:00 DEBUG 11268 --- [project] [main] org.hibernate.type.BasicTypeRegistry     : Adding type registration java.sql.Clob -> org.hibernate.type.BasicTypeReference@6870cfac
2025-02-02T16:28:50.037+09:00 DEBUG 11268 --- [project] [main] org.hibernate.type.BasicTypeRegistry     : Adding type registration nclob -> org.hibernate.type.BasicTypeReference@45554613
2025-02-02T16:28:50.038+09:00 DEBUG 11268 --- [project] [main] org.hibernate.type.BasicTypeRegistry     : Adding type registration java.sql.NClob -> org.hibernate.type.BasicTypeReference@45554613
2025-02-02T16:28:50.039+09:00 DEBUG 11268 --- [project] [main] org.hibernate.type.BasicTypeRegistry     : Adding type registration materialized_clob -> org.hibernate.type.BasicTypeReference@63e5b8aa
2025-02-02T16:28:50.040+09:00 DEBUG 11268 --- [project] [main] org.hibernate.type.BasicTypeRegistry     : Adding type registration materialized_clob_char_array -> org.hibernate.type.BasicTypeReference@2c9306d3
2025-02-02T16:28:50.041+09:00 DEBUG 11268 --- [project] [main] org.hibernate.type.BasicTypeRegistry     : Adding type registration materialized_clob_character_array -> org.hibernate.type.BasicTypeReference@4270b142
2025-02-02T16:28:50.045+09:00 DEBUG 11268 --- [project] [main] org.hibernate.type.BasicTypeRegistry     : Adding type registration materialized_nclob -> org.hibernate.type.BasicTypeReference@2dfa02c1
2025-02-02T16:28:50.048+09:00 DEBUG 11268 --- [project] [main] org.hibernate.type.BasicTypeRegistry     : Adding type registration materialized_nclob_character_array -> org.hibernate.type.BasicTypeReference@6314df3c
2025-02-02T16:28:50.049+09:00 DEBUG 11268 --- [project] [main] org.hibernate.type.BasicTypeRegistry     : Adding type registration materialized_nclob_char_array -> org.hibernate.type.BasicTypeReference@5785e813
2025-02-02T16:28:50.050+09:00 DEBUG 11268 --- [project] [main] org.hibernate.type.BasicTypeRegistry     : Adding type registration Duration -> org.hibernate.type.BasicTypeReference@10b8b900
2025-02-02T16:28:50.051+09:00 DEBUG 11268 --- [project] [main] org.hibernate.type.BasicTypeRegistry     : Adding type registration java.time.Duration -> org.hibernate.type.BasicTypeReference@10b8b900
2025-02-02T16:28:50.052+09:00 DEBUG 11268 --- [project] [main] org.hibernate.type.BasicTypeRegistry     : Adding type registration LocalDateTime -> org.hibernate.type.BasicTypeReference@6d294ddc
2025-02-02T16:28:50.053+09:00 DEBUG 11268 --- [project] [main] org.hibernate.type.BasicTypeRegistry     : Adding type registration java.time.LocalDateTime -> org.hibernate.type.BasicTypeReference@6d294ddc
2025-02-02T16:28:50.054+09:00 DEBUG 11268 --- [project] [main] org.hibernate.type.BasicTypeRegistry     : Adding type registration LocalDate -> org.hibernate.type.BasicTypeReference@2801827a
2025-02-02T16:28:50.058+09:00 DEBUG 11268 --- [project] [main] org.hibernate.type.BasicTypeRegistry     : Adding type registration java.time.LocalDate -> org.hibernate.type.BasicTypeReference@2801827a
2025-02-02T16:28:50.061+09:00 DEBUG 11268 --- [project] [main] org.hibernate.type.BasicTypeRegistry     : Adding type registration LocalTime -> org.hibernate.type.BasicTypeReference@50bc3219
2025-02-02T16:28:50.063+09:00 DEBUG 11268 --- [project] [main] org.hibernate.type.BasicTypeRegistry     : Adding type registration java.time.LocalTime -> org.hibernate.type.BasicTypeReference@50bc3219
2025-02-02T16:28:50.064+09:00 DEBUG 11268 --- [project] [main] org.hibernate.type.BasicTypeRegistry     : Adding type registration OffsetDateTime -> org.hibernate.type.BasicTypeReference@599f1b7
2025-02-02T16:28:50.065+09:00 DEBUG 11268 --- [project] [main] org.hibernate.type.BasicTypeRegistry     : Adding type registration java.time.OffsetDateTime -> org.hibernate.type.BasicTypeReference@599f1b7
2025-02-02T16:28:50.066+09:00 DEBUG 11268 --- [project] [main] org.hibernate.type.BasicTypeRegistry     : Adding type registration OffsetDateTimeWithTimezone -> org.hibernate.type.BasicTypeReference@22791b75
2025-02-02T16:28:50.067+09:00 DEBUG 11268 --- [project] [main] org.hibernate.type.BasicTypeRegistry     : Adding type registration OffsetDateTimeWithoutTimezone -> org.hibernate.type.BasicTypeReference@64f4f12
2025-02-02T16:28:50.068+09:00 DEBUG 11268 --- [project] [main] org.hibernate.type.BasicTypeRegistry     : Adding type registration OffsetTime -> org.hibernate.type.BasicTypeReference@37d28938
2025-02-02T16:28:50.069+09:00 DEBUG 11268 --- [project] [main] org.hibernate.type.BasicTypeRegistry     : Adding type registration java.time.OffsetTime -> org.hibernate.type.BasicTypeReference@37d28938
2025-02-02T16:28:50.070+09:00 DEBUG 11268 --- [project] [main] org.hibernate.type.BasicTypeRegistry     : Adding type registration OffsetTimeUtc -> org.hibernate.type.BasicTypeReference@7d0cd23c
2025-02-02T16:28:50.071+09:00 DEBUG 11268 --- [project] [main] org.hibernate.type.BasicTypeRegistry     : Adding type registration OffsetTimeWithTimezone -> org.hibernate.type.BasicTypeReference@17c4dc5b
2025-02-02T16:28:50.074+09:00 DEBUG 11268 --- [project] [main] org.hibernate.type.BasicTypeRegistry     : Adding type registration OffsetTimeWithoutTimezone -> org.hibernate.type.BasicTypeReference@6b0f266e
2025-02-02T16:28:50.077+09:00 DEBUG 11268 --- [project] [main] org.hibernate.type.BasicTypeRegistry     : Adding type registration ZonedDateTime -> org.hibernate.type.BasicTypeReference@4837f97e
2025-02-02T16:28:50.078+09:00 DEBUG 11268 --- [project] [main] org.hibernate.type.BasicTypeRegistry     : Adding type registration java.time.ZonedDateTime -> org.hibernate.type.BasicTypeReference@4837f97e
2025-02-02T16:28:50.079+09:00 DEBUG 11268 --- [project] [main] org.hibernate.type.BasicTypeRegistry     : Adding type registration ZonedDateTimeWithTimezone -> org.hibernate.type.BasicTypeReference@53314f76
2025-02-02T16:28:50.081+09:00 DEBUG 11268 --- [project] [main] org.hibernate.type.BasicTypeRegistry     : Adding type registration ZonedDateTimeWithoutTimezone -> org.hibernate.type.BasicTypeReference@62a6674f
2025-02-02T16:28:50.082+09:00 DEBUG 11268 --- [project] [main] org.hibernate.type.BasicTypeRegistry     : Adding type registration date -> org.hibernate.type.BasicTypeReference@70881123
2025-02-02T16:28:50.083+09:00 DEBUG 11268 --- [project] [main] org.hibernate.type.BasicTypeRegistry     : Adding type registration java.sql.Date -> org.hibernate.type.BasicTypeReference@70881123
2025-02-02T16:28:50.084+09:00 DEBUG 11268 --- [project] [main] org.hibernate.type.BasicTypeRegistry     : Adding type registration time -> org.hibernate.type.BasicTypeReference@703fa45
2025-02-02T16:28:50.085+09:00 DEBUG 11268 --- [project] [main] org.hibernate.type.BasicTypeRegistry     : Adding type registration java.sql.Time -> org.hibernate.type.BasicTypeReference@703fa45
2025-02-02T16:28:50.086+09:00 DEBUG 11268 --- [project] [main] org.hibernate.type.BasicTypeRegistry     : Adding type registration timestamp -> org.hibernate.type.BasicTypeReference@5e905f2c
2025-02-02T16:28:50.088+09:00 DEBUG 11268 --- [project] [main] org.hibernate.type.BasicTypeRegistry     : Adding type registration java.sql.Timestamp -> org.hibernate.type.BasicTypeReference@5e905f2c
2025-02-02T16:28:50.090+09:00 DEBUG 11268 --- [project] [main] org.hibernate.type.BasicTypeRegistry     : Adding type registration java.util.Date -> org.hibernate.type.BasicTypeReference@5e905f2c
2025-02-02T16:28:50.091+09:00 DEBUG 11268 --- [project] [main] org.hibernate.type.BasicTypeRegistry     : Adding type registration calendar -> org.hibernate.type.BasicTypeReference@fddd7ae
2025-02-02T16:28:50.093+09:00 DEBUG 11268 --- [project] [main] org.hibernate.type.BasicTypeRegistry     : Adding type registration java.util.Calendar -> org.hibernate.type.BasicTypeReference@fddd7ae
2025-02-02T16:28:50.094+09:00 DEBUG 11268 --- [project] [main] org.hibernate.type.BasicTypeRegistry     : Adding type registration java.util.GregorianCalendar -> org.hibernate.type.BasicTypeReference@fddd7ae
2025-02-02T16:28:50.095+09:00 DEBUG 11268 --- [project] [main] org.hibernate.type.BasicTypeRegistry     : Adding type registration calendar_date -> org.hibernate.type.BasicTypeReference@3f6cce7f
2025-02-02T16:28:50.096+09:00 DEBUG 11268 --- [project] [main] org.hibernate.type.BasicTypeRegistry     : Adding type registration calendar_time -> org.hibernate.type.BasicTypeReference@2725ca05
2025-02-02T16:28:50.097+09:00 DEBUG 11268 --- [project] [main] org.hibernate.type.BasicTypeRegistry     : Adding type registration instant -> org.hibernate.type.BasicTypeReference@7b9088f2
2025-02-02T16:28:50.098+09:00 DEBUG 11268 --- [project] [main] org.hibernate.type.BasicTypeRegistry     : Adding type registration java.time.Instant -> org.hibernate.type.BasicTypeReference@7b9088f2
2025-02-02T16:28:50.099+09:00 DEBUG 11268 --- [project] [main] org.hibernate.type.BasicTypeRegistry     : Adding type registration uuid -> org.hibernate.type.BasicTypeReference@1a914089
2025-02-02T16:28:50.101+09:00 DEBUG 11268 --- [project] [main] org.hibernate.type.BasicTypeRegistry     : Adding type registration java.util.UUID -> org.hibernate.type.BasicTypeReference@1a914089
2025-02-02T16:28:50.101+09:00 DEBUG 11268 --- [project] [main] org.hibernate.type.BasicTypeRegistry     : Adding type registration pg-uuid -> org.hibernate.type.BasicTypeReference@1a914089
2025-02-02T16:28:50.102+09:00 DEBUG 11268 --- [project] [main] org.hibernate.type.BasicTypeRegistry     : Adding type registration uuid-binary -> org.hibernate.type.BasicTypeReference@43d76a92
2025-02-02T16:28:50.103+09:00 DEBUG 11268 --- [project] [main] org.hibernate.type.BasicTypeRegistry     : Adding type registration uuid-char -> org.hibernate.type.BasicTypeReference@4a2bf50f
2025-02-02T16:28:50.107+09:00 DEBUG 11268 --- [project] [main] org.hibernate.type.BasicTypeRegistry     : Adding type registration class -> org.hibernate.type.BasicTypeReference@350323a0
2025-02-02T16:28:50.108+09:00 DEBUG 11268 --- [project] [main] org.hibernate.type.BasicTypeRegistry     : Adding type registration java.lang.Class -> org.hibernate.type.BasicTypeReference@350323a0
2025-02-02T16:28:50.109+09:00 DEBUG 11268 --- [project] [main] org.hibernate.type.BasicTypeRegistry     : Adding type registration currency -> org.hibernate.type.BasicTypeReference@2506b881
2025-02-02T16:28:50.111+09:00 DEBUG 11268 --- [project] [main] org.hibernate.type.BasicTypeRegistry     : Adding type registration Currency -> org.hibernate.type.BasicTypeReference@2506b881
2025-02-02T16:28:50.112+09:00 DEBUG 11268 --- [project] [main] org.hibernate.type.BasicTypeRegistry     : Adding type registration java.util.Currency -> org.hibernate.type.BasicTypeReference@2506b881
2025-02-02T16:28:50.112+09:00 DEBUG 11268 --- [project] [main] org.hibernate.type.BasicTypeRegistry     : Adding type registration locale -> org.hibernate.type.BasicTypeReference@5d7dd549
2025-02-02T16:28:50.113+09:00 DEBUG 11268 --- [project] [main] org.hibernate.type.BasicTypeRegistry     : Adding type registration java.util.Locale -> org.hibernate.type.BasicTypeReference@5d7dd549
2025-02-02T16:28:50.114+09:00 DEBUG 11268 --- [project] [main] org.hibernate.type.BasicTypeRegistry     : Adding type registration serializable -> org.hibernate.type.BasicTypeReference@486bd064
2025-02-02T16:28:50.116+09:00 DEBUG 11268 --- [project] [main] org.hibernate.type.BasicTypeRegistry     : Adding type registration java.io.Serializable -> org.hibernate.type.BasicTypeReference@486bd064
2025-02-02T16:28:50.118+09:00 DEBUG 11268 --- [project] [main] org.hibernate.type.BasicTypeRegistry     : Adding type registration timezone -> org.hibernate.type.BasicTypeReference@6459f4ea
2025-02-02T16:28:50.124+09:00 DEBUG 11268 --- [project] [main] org.hibernate.type.BasicTypeRegistry     : Adding type registration java.util.TimeZone -> org.hibernate.type.BasicTypeReference@6459f4ea
2025-02-02T16:28:50.129+09:00 DEBUG 11268 --- [project] [main] org.hibernate.type.BasicTypeRegistry     : Adding type registration ZoneOffset -> org.hibernate.type.BasicTypeReference@740b9a50
2025-02-02T16:28:50.131+09:00 DEBUG 11268 --- [project] [main] org.hibernate.type.BasicTypeRegistry     : Adding type registration java.time.ZoneOffset -> org.hibernate.type.BasicTypeReference@740b9a50
2025-02-02T16:28:50.132+09:00 DEBUG 11268 --- [project] [main] org.hibernate.type.BasicTypeRegistry     : Adding type registration url -> org.hibernate.type.BasicTypeReference@476fde05
2025-02-02T16:28:50.133+09:00 DEBUG 11268 --- [project] [main] org.hibernate.type.BasicTypeRegistry     : Adding type registration java.net.URL -> org.hibernate.type.BasicTypeReference@476fde05
2025-02-02T16:28:50.134+09:00 DEBUG 11268 --- [project] [main] org.hibernate.type.BasicTypeRegistry     : Adding type registration vector -> org.hibernate.type.BasicTypeReference@5111de7c
2025-02-02T16:28:50.144+09:00 DEBUG 11268 --- [project] [main] org.hibernate.type.BasicTypeRegistry     : Adding type registration float_vector -> org.hibernate.type.BasicTypeReference@7ac48e10
2025-02-02T16:28:50.145+09:00 DEBUG 11268 --- [project] [main] org.hibernate.type.BasicTypeRegistry     : Adding type registration double_vector -> org.hibernate.type.BasicTypeReference@52354202
2025-02-02T16:28:50.146+09:00 DEBUG 11268 --- [project] [main] org.hibernate.type.BasicTypeRegistry     : Adding type registration byte_vector -> org.hibernate.type.BasicTypeReference@6b1321b7
2025-02-02T16:28:50.146+09:00 DEBUG 11268 --- [project] [main] org.hibernate.type.BasicTypeRegistry     : Adding type registration row_version -> org.hibernate.type.BasicTypeReference@342ee097
2025-02-02T16:28:50.175+09:00 DEBUG 11268 --- [project] [main] org.hibernate.type.BasicTypeRegistry     : Adding type registration object -> org.hibernate.type.JavaObjectType@353c6da1
2025-02-02T16:28:50.177+09:00 DEBUG 11268 --- [project] [main] org.hibernate.type.BasicTypeRegistry     : Adding type registration java.lang.Object -> org.hibernate.type.JavaObjectType@353c6da1
2025-02-02T16:28:50.184+09:00 DEBUG 11268 --- [project] [main] org.hibernate.type.BasicTypeRegistry     : Adding type registration null -> org.hibernate.type.NullType@3a3f96ab
2025-02-02T16:28:50.186+09:00 DEBUG 11268 --- [project] [main] org.hibernate.type.BasicTypeRegistry     : Adding type registration imm_date -> org.hibernate.type.BasicTypeReference@4def7d36
2025-02-02T16:28:50.187+09:00 DEBUG 11268 --- [project] [main] org.hibernate.type.BasicTypeRegistry     : Adding type registration imm_time -> org.hibernate.type.BasicTypeReference@43c7fe8a
2025-02-02T16:28:50.188+09:00 DEBUG 11268 --- [project] [main] org.hibernate.type.BasicTypeRegistry     : Adding type registration imm_timestamp -> org.hibernate.type.BasicTypeReference@67f946c3
2025-02-02T16:28:50.188+09:00 DEBUG 11268 --- [project] [main] org.hibernate.type.BasicTypeRegistry     : Adding type registration imm_calendar -> org.hibernate.type.BasicTypeReference@21b51e59
2025-02-02T16:28:50.189+09:00 DEBUG 11268 --- [project] [main] org.hibernate.type.BasicTypeRegistry     : Adding type registration imm_calendar_date -> org.hibernate.type.BasicTypeReference@1785d194
2025-02-02T16:28:50.189+09:00 DEBUG 11268 --- [project] [main] org.hibernate.type.BasicTypeRegistry     : Adding type registration imm_calendar_time -> org.hibernate.type.BasicTypeReference@6b4a4e40
2025-02-02T16:28:50.190+09:00 DEBUG 11268 --- [project] [main] org.hibernate.type.BasicTypeRegistry     : Adding type registration imm_binary -> org.hibernate.type.BasicTypeReference@46a8c2b4
2025-02-02T16:28:50.190+09:00 DEBUG 11268 --- [project] [main] org.hibernate.type.BasicTypeRegistry     : Adding type registration imm_serializable -> org.hibernate.type.BasicTypeReference@4f664bee
2025-02-02T16:28:51.711+09:00  INFO 11268 --- [project] [main] o.s.o.j.p.SpringPersistenceUnitInfo      : No LoadTimeWeaver setup: ignoring JPA class transformer
2025-02-02T16:28:51.962+09:00  INFO 11268 --- [project] [main] com.zaxxer.hikari.HikariDataSource       : HikariPool-1 - Starting...
2025-02-02T16:28:53.307+09:00  INFO 11268 --- [project] [main] com.zaxxer.hikari.pool.HikariPool        : HikariPool-1 - Added connection conn0: url=jdbc:h2:mem:test user=SA
2025-02-02T16:28:53.318+09:00  INFO 11268 --- [project] [main] com.zaxxer.hikari.HikariDataSource       : HikariPool-1 - Start completed.
2025-02-02T16:28:53.747+09:00  INFO 11268 --- [project] [main] org.hibernate.orm.connections.pooling    : HHH10001005: Database info:
	Database JDBC URL [Connecting through datasource 'HikariDataSource (HikariPool-1)']
	Database driver: undefined/unknown
	Database version: 2.3.232
	Autocommit mode: undefined/unknown
	Isolation level: undefined/unknown
	Minimum pool size: undefined/unknown
	Maximum pool size: undefined/unknown
2025-02-02T16:28:53.810+09:00 DEBUG 11268 --- [project] [main] o.h.t.d.jdbc.spi.JdbcTypeRegistry        : addDescriptor(NCharTypeDescriptor) replaced previous registration(CharTypeDescriptor)
2025-02-02T16:28:53.810+09:00 DEBUG 11268 --- [project] [main] o.h.t.d.jdbc.spi.JdbcTypeRegistry        : addDescriptor(NVarcharTypeDescriptor) replaced previous registration(VarcharTypeDescriptor)
2025-02-02T16:28:53.813+09:00 DEBUG 11268 --- [project] [main] o.h.t.d.jdbc.spi.JdbcTypeRegistry        : addDescriptor(LongNVarcharTypeDescriptor) replaced previous registration(LongVarcharTypeDescriptor)
2025-02-02T16:28:53.831+09:00 DEBUG 11268 --- [project] [main] o.h.t.d.jdbc.spi.JdbcTypeRegistry        : addDescriptor(NClobTypeDescriptor(DEFAULT)) replaced previous registration(ClobTypeDescriptor(DEFAULT))
2025-02-02T16:28:53.839+09:00 DEBUG 11268 --- [project] [main] o.h.t.d.jdbc.spi.JdbcTypeRegistry        : addDescriptor(TimestampUtcDescriptor) replaced previous registration(TimestampUtcDescriptor)
2025-02-02T16:28:53.871+09:00 DEBUG 11268 --- [project] [main] org.hibernate.type.BasicTypeRegistry     : Adding type registration org.hibernate.type.DurationType -> basicType@1(java.time.Duration,3015)
2025-02-02T16:28:53.872+09:00 DEBUG 11268 --- [project] [main] org.hibernate.type.BasicTypeRegistry     : Adding type registration Duration -> basicType@1(java.time.Duration,3015)
2025-02-02T16:28:53.872+09:00 DEBUG 11268 --- [project] [main] org.hibernate.type.BasicTypeRegistry     : Adding type registration java.time.Duration -> basicType@1(java.time.Duration,3015)
2025-02-02T16:28:53.893+09:00 DEBUG 11268 --- [project] [main] o.h.type.spi.TypeConfiguration$Scope     : Scoping TypeConfiguration [org.hibernate.type.spi.TypeConfiguration@1171ba7e] to MetadataBuildingContext [org.hibernate.boot.internal.MetadataBuildingContextRootImpl@56872fcb]
2025-02-02T16:28:59.810+09:00  INFO 11268 --- [project] [main] o.h.e.t.j.p.i.JtaPlatformInitiator       : HHH000489: No JTA platform available (set 'hibernate.transaction.jta.platform' to enable JTA platform integration)
2025-02-02T16:28:59.814+09:00 DEBUG 11268 --- [project] [main] o.h.type.spi.TypeConfiguration$Scope     : Scoping TypeConfiguration [org.hibernate.type.spi.TypeConfiguration@1171ba7e] to SessionFactoryImplementor [org.hibernate.internal.SessionFactoryImpl@55d87b73]
2025-02-02T16:28:59.998+09:00 TRACE 11268 --- [project] [main] o.h.type.spi.TypeConfiguration$Scope     : Handling #sessionFactoryCreated from [org.hibernate.internal.SessionFactoryImpl@55d87b73] for TypeConfiguration
2025-02-02T16:29:00.000+09:00  INFO 11268 --- [project] [main] j.LocalContainerEntityManagerFactoryBean : Initialized JPA EntityManagerFactory for persistence unit 'default'
2025-02-02T16:29:02.044+09:00  WARN 11268 --- [project] [main] .s.s.UserDetailsServiceAutoConfiguration : 

Using generated security password: ef0cf766-d65c-403c-acac-359d58c6b6e4

This generated password is for development use only. Your security configuration must be updated before running your application in production.

2025-02-02T16:29:02.090+09:00  INFO 11268 --- [project] [main] r$InitializeUserDetailsManagerConfigurer : Global AuthenticationManager configured with UserDetailsService bean with name inMemoryUserDetailsManager
2025-02-02T16:29:04.008+09:00  INFO 11268 --- [project] [main] o.s.b.a.h2.H2ConsoleAutoConfiguration    : H2 console available at '/h2-console'. Database available at 'jdbc:h2:mem:test'
2025-02-02T16:29:04.396+09:00  INFO 11268 --- [project] [main] o.s.b.w.embedded.tomcat.TomcatWebServer  : Tomcat started on port 8080 (http) with context path '/'
2025-02-02T16:29:04.429+09:00  INFO 11268 --- [project] [main] com.example.project.ProjectApplication   : Started ProjectApplication in 31.279 seconds (process running for 33.701)
2025-02-02T16:29:08.985+09:00 ERROR 11268 --- [project] [http-nio-8080-exec-1] o.a.c.c.C.[.[localhost].[/].[h2Console]  : Servlet.service() for servlet [h2Console] in context with path [] threw exception

java.lang.NullPointerException: Cannot read the array length because "array" is null
	at java.base/java.util.Arrays.stream(Arrays.java:5528) ~[na:na]
	at com.example.project.global.security.JwtAuthorizationFilter._getCookie(JwtAuthorizationFilter.java:50) ~[main/:na]
	at com.example.project.global.security.JwtAuthorizationFilter.doFilterInternal(JwtAuthorizationFilter.java:32) ~[main/:na]
	at org.springframework.web.filter.OncePerRequestFilter.doFilter(OncePerRequestFilter.java:116) ~[spring-web-6.2.2.jar:6.2.2]
	at org.apache.catalina.core.ApplicationFilterChain.internalDoFilter(ApplicationFilterChain.java:164) ~[tomcat-embed-core-10.1.34.jar:10.1.34]
	at org.apache.catalina.core.ApplicationFilterChain.doFilter(ApplicationFilterChain.java:140) ~[tomcat-embed-core-10.1.34.jar:10.1.34]
	at org.springframework.web.filter.CompositeFilter$VirtualFilterChain.doFilter(CompositeFilter.java:108) ~[spring-web-6.2.2.jar:6.2.2]
	at org.springframework.security.web.FilterChainProxy.lambda$doFilterInternal$3(FilterChainProxy.java:231) ~[spring-security-web-6.4.2.jar:6.4.2]
	at org.springframework.security.web.FilterChainProxy$VirtualFilterChain.doFilter(FilterChainProxy.java:365) ~[spring-security-web-6.4.2.jar:6.4.2]
	at org.springframework.security.web.access.intercept.AuthorizationFilter.doFilter(AuthorizationFilter.java:101) ~[spring-security-web-6.4.2.jar:6.4.2]
	at org.springframework.security.web.FilterChainProxy$VirtualFilterChain.doFilter(FilterChainProxy.java:374) ~[spring-security-web-6.4.2.jar:6.4.2]
	at org.springframework.security.web.access.ExceptionTranslationFilter.doFilter(ExceptionTranslationFilter.java:126) ~[spring-security-web-6.4.2.jar:6.4.2]
	at org.springframework.security.web.access.ExceptionTranslationFilter.doFilter(ExceptionTranslationFilter.java:120) ~[spring-security-web-6.4.2.jar:6.4.2]
	at org.springframework.security.web.FilterChainProxy$VirtualFilterChain.doFilter(FilterChainProxy.java:374) ~[spring-security-web-6.4.2.jar:6.4.2]
	at org.springframework.security.web.authentication.AnonymousAuthenticationFilter.doFilter(AnonymousAuthenticationFilter.java:100) ~[spring-security-web-6.4.2.jar:6.4.2]
	at org.springframework.security.web.FilterChainProxy$VirtualFilterChain.doFilter(FilterChainProxy.java:374) ~[spring-security-web-6.4.2.jar:6.4.2]
	at org.springframework.security.web.servletapi.SecurityContextHolderAwareRequestFilter.doFilter(SecurityContextHolderAwareRequestFilter.java:179) ~[spring-security-web-6.4.2.jar:6.4.2]
	at org.springframework.security.web.FilterChainProxy$VirtualFilterChain.doFilter(FilterChainProxy.java:374) ~[spring-security-web-6.4.2.jar:6.4.2]
	at org.springframework.security.web.savedrequest.RequestCacheAwareFilter.doFilter(RequestCacheAwareFilter.java:63) ~[spring-security-web-6.4.2.jar:6.4.2]
	at org.springframework.security.web.FilterChainProxy$VirtualFilterChain.doFilter(FilterChainProxy.java:374) ~[spring-security-web-6.4.2.jar:6.4.2]
	at org.springframework.security.web.authentication.logout.LogoutFilter.doFilter(LogoutFilter.java:107) ~[spring-security-web-6.4.2.jar:6.4.2]
	at org.springframework.security.web.authentication.logout.LogoutFilter.doFilter(LogoutFilter.java:93) ~[spring-security-web-6.4.2.jar:6.4.2]
	at org.springframework.security.web.FilterChainProxy$VirtualFilterChain.doFilter(FilterChainProxy.java:374) ~[spring-security-web-6.4.2.jar:6.4.2]
	at org.springframework.security.web.csrf.CsrfFilter.doFilterInternal(CsrfFilter.java:117) ~[spring-security-web-6.4.2.jar:6.4.2]
	at org.springframework.web.filter.OncePerRequestFilter.doFilter(OncePerRequestFilter.java:116) ~[spring-web-6.2.2.jar:6.2.2]
	at org.springframework.security.web.FilterChainProxy$VirtualFilterChain.doFilter(FilterChainProxy.java:374) ~[spring-security-web-6.4.2.jar:6.4.2]
	at org.springframework.security.web.header.HeaderWriterFilter.doHeadersAfter(HeaderWriterFilter.java:90) ~[spring-security-web-6.4.2.jar:6.4.2]
	at org.springframework.security.web.header.HeaderWriterFilter.doFilterInternal(HeaderWriterFilter.java:75) ~[spring-security-web-6.4.2.jar:6.4.2]
	at org.springframework.web.filter.OncePerRequestFilter.doFilter(OncePerRequestFilter.java:116) ~[spring-web-6.2.2.jar:6.2.2]
	at org.springframework.security.web.FilterChainProxy$VirtualFilterChain.doFilter(FilterChainProxy.java:374) ~[spring-security-web-6.4.2.jar:6.4.2]
	at org.springframework.security.web.context.SecurityContextHolderFilter.doFilter(SecurityContextHolderFilter.java:82) ~[spring-security-web-6.4.2.jar:6.4.2]
	at org.springframework.security.web.context.SecurityContextHolderFilter.doFilter(SecurityContextHolderFilter.java:69) ~[spring-security-web-6.4.2.jar:6.4.2]
	at org.springframework.security.web.FilterChainProxy$VirtualFilterChain.doFilter(FilterChainProxy.java:374) ~[spring-security-web-6.4.2.jar:6.4.2]
	at org.springframework.security.web.context.request.async.WebAsyncManagerIntegrationFilter.doFilterInternal(WebAsyncManagerIntegrationFilter.java:62) ~[spring-security-web-6.4.2.jar:6.4.2]
	at org.springframework.web.filter.OncePerRequestFilter.doFilter(OncePerRequestFilter.java:116) ~[spring-web-6.2.2.jar:6.2.2]
	at org.springframework.security.web.FilterChainProxy$VirtualFilterChain.doFilter(FilterChainProxy.java:374) ~[spring-security-web-6.4.2.jar:6.4.2]
	at org.springframework.security.web.session.DisableEncodeUrlFilter.doFilterInternal(DisableEncodeUrlFilter.java:42) ~[spring-security-web-6.4.2.jar:6.4.2]
	at org.springframework.web.filter.OncePerRequestFilter.doFilter(OncePerRequestFilter.java:116) ~[spring-web-6.2.2.jar:6.2.2]
	at org.springframework.security.web.FilterChainProxy$VirtualFilterChain.doFilter(FilterChainProxy.java:374) ~[spring-security-web-6.4.2.jar:6.4.2]
	at org.springframework.security.web.FilterChainProxy.doFilterInternal(FilterChainProxy.java:233) ~[spring-security-web-6.4.2.jar:6.4.2]
	at org.springframework.security.web.FilterChainProxy.doFilter(FilterChainProxy.java:191) ~[spring-security-web-6.4.2.jar:6.4.2]
	at org.springframework.web.filter.CompositeFilter$VirtualFilterChain.doFilter(CompositeFilter.java:113) ~[spring-web-6.2.2.jar:6.2.2]
	at org.springframework.web.servlet.handler.HandlerMappingIntrospector.lambda$createCacheFilter$3(HandlerMappingIntrospector.java:243) ~[spring-webmvc-6.2.2.jar:6.2.2]
	at org.springframework.web.filter.CompositeFilter$VirtualFilterChain.doFilter(CompositeFilter.java:113) ~[spring-web-6.2.2.jar:6.2.2]
	at org.springframework.web.filter.CompositeFilter.doFilter(CompositeFilter.java:74) ~[spring-web-6.2.2.jar:6.2.2]
	at org.springframework.security.config.annotation.web.configuration.WebMvcSecurityConfiguration$CompositeFilterChainProxy.doFilter(WebMvcSecurityConfiguration.java:238) ~[spring-security-config-6.4.2.jar:6.4.2]
	at org.springframework.web.filter.DelegatingFilterProxy.invokeDelegate(DelegatingFilterProxy.java:362) ~[spring-web-6.2.2.jar:6.2.2]
	at org.springframework.web.filter.DelegatingFilterProxy.doFilter(DelegatingFilterProxy.java:278) ~[spring-web-6.2.2.jar:6.2.2]
	at org.apache.catalina.core.ApplicationFilterChain.internalDoFilter(ApplicationFilterChain.java:164) ~[tomcat-embed-core-10.1.34.jar:10.1.34]
	at org.apache.catalina.core.ApplicationFilterChain.doFilter(ApplicationFilterChain.java:140) ~[tomcat-embed-core-10.1.34.jar:10.1.34]
	at org.springframework.web.filter.RequestContextFilter.doFilterInternal(RequestContextFilter.java:100) ~[spring-web-6.2.2.jar:6.2.2]
	at org.springframework.web.filter.OncePerRequestFilter.doFilter(OncePerRequestFilter.java:116) ~[spring-web-6.2.2.jar:6.2.2]
	at org.apache.catalina.core.ApplicationFilterChain.internalDoFilter(ApplicationFilterChain.java:164) ~[tomcat-embed-core-10.1.34.jar:10.1.34]
	at org.apache.catalina.core.ApplicationFilterChain.doFilter(ApplicationFilterChain.java:140) ~[tomcat-embed-core-10.1.34.jar:10.1.34]
	at org.springframework.web.filter.FormContentFilter.doFilterInternal(FormContentFilter.java:93) ~[spring-web-6.2.2.jar:6.2.2]
	at org.springframework.web.filter.OncePerRequestFilter.doFilter(OncePerRequestFilter.java:116) ~[spring-web-6.2.2.jar:6.2.2]
	at org.apache.catalina.core.ApplicationFilterChain.internalDoFilter(ApplicationFilterChain.java:164) ~[tomcat-embed-core-10.1.34.jar:10.1.34]
	at org.apache.catalina.core.ApplicationFilterChain.doFilter(ApplicationFilterChain.java:140) ~[tomcat-embed-core-10.1.34.jar:10.1.34]
	at org.springframework.web.filter.CharacterEncodingFilter.doFilterInternal(CharacterEncodingFilter.java:201) ~[spring-web-6.2.2.jar:6.2.2]
	at org.springframework.web.filter.OncePerRequestFilter.doFilter(OncePerRequestFilter.java:116) ~[spring-web-6.2.2.jar:6.2.2]
	at org.apache.catalina.core.ApplicationFilterChain.internalDoFilter(ApplicationFilterChain.java:164) ~[tomcat-embed-core-10.1.34.jar:10.1.34]
	at org.apache.catalina.core.ApplicationFilterChain.doFilter(ApplicationFilterChain.java:140) ~[tomcat-embed-core-10.1.34.jar:10.1.34]
	at org.apache.catalina.core.StandardWrapperValve.invoke(StandardWrapperValve.java:167) ~[tomcat-embed-core-10.1.34.jar:10.1.34]
	at org.apache.catalina.core.StandardContextValve.invoke(StandardContextValve.java:90) ~[tomcat-embed-core-10.1.34.jar:10.1.34]
	at org.apache.catalina.authenticator.AuthenticatorBase.invoke(AuthenticatorBase.java:483) ~[tomcat-embed-core-10.1.34.jar:10.1.34]
	at org.apache.catalina.core.StandardHostValve.invoke(StandardHostValve.java:115) ~[tomcat-embed-core-10.1.34.jar:10.1.34]
	at org.apache.catalina.valves.ErrorReportValve.invoke(ErrorReportValve.java:93) ~[tomcat-embed-core-10.1.34.jar:10.1.34]
	at org.apache.catalina.core.StandardEngineValve.invoke(StandardEngineValve.java:74) ~[tomcat-embed-core-10.1.34.jar:10.1.34]
	at org.apache.catalina.connector.CoyoteAdapter.service(CoyoteAdapter.java:344) ~[tomcat-embed-core-10.1.34.jar:10.1.34]
	at org.apache.coyote.http11.Http11Processor.service(Http11Processor.java:397) ~[tomcat-embed-core-10.1.34.jar:10.1.34]
	at org.apache.coyote.AbstractProcessorLight.process(AbstractProcessorLight.java:63) ~[tomcat-embed-core-10.1.34.jar:10.1.34]
	at org.apache.coyote.AbstractProtocol$ConnectionHandler.process(AbstractProtocol.java:905) ~[tomcat-embed-core-10.1.34.jar:10.1.34]
	at org.apache.tomcat.util.net.NioEndpoint$SocketProcessor.doRun(NioEndpoint.java:1741) ~[tomcat-embed-core-10.1.34.jar:10.1.34]
	at org.apache.tomcat.util.net.SocketProcessorBase.run(SocketProcessorBase.java:52) ~[tomcat-embed-core-10.1.34.jar:10.1.34]
	at org.apache.tomcat.util.threads.ThreadPoolExecutor.runWorker(ThreadPoolExecutor.java:1190) ~[tomcat-embed-core-10.1.34.jar:10.1.34]
	at org.apache.tomcat.util.threads.ThreadPoolExecutor$Worker.run(ThreadPoolExecutor.java:659) ~[tomcat-embed-core-10.1.34.jar:10.1.34]
	at org.apache.tomcat.util.threads.TaskThread$WrappingRunnable.run(TaskThread.java:63) ~[tomcat-embed-core-10.1.34.jar:10.1.34]
	at java.base/java.lang.Thread.run(Thread.java:1583) ~[na:na]

2025-02-02T16:29:09.035+09:00  INFO 11268 --- [project] [http-nio-8080-exec-1] o.a.c.c.C.[Tomcat].[localhost].[/]       : Initializing Spring DispatcherServlet 'dispatcherServlet'
2025-02-02T16:29:09.036+09:00  INFO 11268 --- [project] [http-nio-8080-exec-1] o.s.web.servlet.DispatcherServlet        : Initializing Servlet 'dispatcherServlet'
2025-02-02T16:29:09.040+09:00  INFO 11268 --- [project] [http-nio-8080-exec-1] o.s.web.servlet.DispatcherServlet        : Completed initialization in 2 ms
2025-02-02T16:36:36.279+09:00  INFO 512 --- [project] [main] com.example.project.ProjectApplication   : Starting ProjectApplication using Java 21.0.5 with PID 512 (C:\AI\javaProject\develope\project\out\production\classes started by nsy71 in C:\AI\javaProject\develope\project)
2025-02-02T16:36:36.293+09:00  INFO 512 --- [project] [main] com.example.project.ProjectApplication   : The following 2 profiles are active: "secret", "dev"
2025-02-02T16:36:41.968+09:00  INFO 512 --- [project] [main] .s.d.r.c.RepositoryConfigurationDelegate : Bootstrapping Spring Data JPA repositories in DEFAULT mode.
2025-02-02T16:36:42.555+09:00  INFO 512 --- [project] [main] .s.d.r.c.RepositoryConfigurationDelegate : Finished Spring Data repository scanning in 523 ms. Found 1 JPA repository interface.
2025-02-02T16:36:46.769+09:00  INFO 512 --- [project] [main] o.s.b.w.embedded.tomcat.TomcatWebServer  : Tomcat initialized with port 8080 (http)
2025-02-02T16:36:46.903+09:00  INFO 512 --- [project] [main] o.apache.catalina.core.StandardService   : Starting service [Tomcat]
2025-02-02T16:36:46.905+09:00  INFO 512 --- [project] [main] o.apache.catalina.core.StandardEngine    : Starting Servlet engine: [Apache Tomcat/10.1.34]
2025-02-02T16:36:47.274+09:00  INFO 512 --- [project] [main] o.a.c.c.C.[Tomcat].[localhost].[/]       : Initializing Spring embedded WebApplicationContext
2025-02-02T16:36:47.276+09:00  INFO 512 --- [project] [main] w.s.c.ServletWebServerApplicationContext : Root WebApplicationContext: initialization completed in 10658 ms
2025-02-02T16:36:48.228+09:00  INFO 512 --- [project] [main] o.hibernate.jpa.internal.util.LogHelper  : HHH000204: Processing PersistenceUnitInfo [name: default]
2025-02-02T16:36:48.812+09:00  INFO 512 --- [project] [main] org.hibernate.Version                    : HHH000412: Hibernate ORM core version 6.6.5.Final
2025-02-02T16:36:49.015+09:00  INFO 512 --- [project] [main] o.h.c.internal.RegionFactoryInitiator    : HHH000026: Second-level cache disabled
2025-02-02T16:36:49.483+09:00 DEBUG 512 --- [project] [main] org.hibernate.type.BasicTypeRegistry     : Adding type registration boolean -> org.hibernate.type.BasicTypeReference@64f4f12
2025-02-02T16:36:49.485+09:00 DEBUG 512 --- [project] [main] org.hibernate.type.BasicTypeRegistry     : Adding type registration boolean -> org.hibernate.type.BasicTypeReference@64f4f12
2025-02-02T16:36:49.487+09:00 DEBUG 512 --- [project] [main] org.hibernate.type.BasicTypeRegistry     : Adding type registration java.lang.Boolean -> org.hibernate.type.BasicTypeReference@64f4f12
2025-02-02T16:36:49.488+09:00 DEBUG 512 --- [project] [main] org.hibernate.type.BasicTypeRegistry     : Adding type registration numeric_boolean -> org.hibernate.type.BasicTypeReference@37d28938
2025-02-02T16:36:49.489+09:00 DEBUG 512 --- [project] [main] org.hibernate.type.BasicTypeRegistry     : Adding type registration org.hibernate.type.NumericBooleanConverter -> org.hibernate.type.BasicTypeReference@37d28938
2025-02-02T16:36:49.490+09:00 DEBUG 512 --- [project] [main] org.hibernate.type.BasicTypeRegistry     : Adding type registration true_false -> org.hibernate.type.BasicTypeReference@7d0cd23c
2025-02-02T16:36:49.491+09:00 DEBUG 512 --- [project] [main] org.hibernate.type.BasicTypeRegistry     : Adding type registration org.hibernate.type.TrueFalseConverter -> org.hibernate.type.BasicTypeReference@7d0cd23c
2025-02-02T16:36:49.493+09:00 DEBUG 512 --- [project] [main] org.hibernate.type.BasicTypeRegistry     : Adding type registration yes_no -> org.hibernate.type.BasicTypeReference@17c4dc5b
2025-02-02T16:36:49.494+09:00 DEBUG 512 --- [project] [main] org.hibernate.type.BasicTypeRegistry     : Adding type registration org.hibernate.type.YesNoConverter -> org.hibernate.type.BasicTypeReference@17c4dc5b
2025-02-02T16:36:49.496+09:00 DEBUG 512 --- [project] [main] org.hibernate.type.BasicTypeRegistry     : Adding type registration byte -> org.hibernate.type.BasicTypeReference@6b0f266e
2025-02-02T16:36:49.498+09:00 DEBUG 512 --- [project] [main] org.hibernate.type.BasicTypeRegistry     : Adding type registration byte -> org.hibernate.type.BasicTypeReference@6b0f266e
2025-02-02T16:36:49.499+09:00 DEBUG 512 --- [project] [main] org.hibernate.type.BasicTypeRegistry     : Adding type registration java.lang.Byte -> org.hibernate.type.BasicTypeReference@6b0f266e
2025-02-02T16:36:49.500+09:00 DEBUG 512 --- [project] [main] org.hibernate.type.BasicTypeRegistry     : Adding type registration binary -> org.hibernate.type.BasicTypeReference@4837f97e
2025-02-02T16:36:49.501+09:00 DEBUG 512 --- [project] [main] org.hibernate.type.BasicTypeRegistry     : Adding type registration byte[] -> org.hibernate.type.BasicTypeReference@4837f97e
2025-02-02T16:36:49.502+09:00 DEBUG 512 --- [project] [main] org.hibernate.type.BasicTypeRegistry     : Adding type registration [B -> org.hibernate.type.BasicTypeReference@4837f97e
2025-02-02T16:36:49.504+09:00 DEBUG 512 --- [project] [main] org.hibernate.type.BasicTypeRegistry     : Adding type registration binary_wrapper -> org.hibernate.type.BasicTypeReference@53314f76
2025-02-02T16:36:49.506+09:00 DEBUG 512 --- [project] [main] org.hibernate.type.BasicTypeRegistry     : Adding type registration wrapper-binary -> org.hibernate.type.BasicTypeReference@53314f76
2025-02-02T16:36:49.506+09:00 DEBUG 512 --- [project] [main] org.hibernate.type.BasicTypeRegistry     : Adding type registration image -> org.hibernate.type.BasicTypeReference@62a6674f
2025-02-02T16:36:49.507+09:00 DEBUG 512 --- [project] [main] org.hibernate.type.BasicTypeRegistry     : Adding type registration blob -> org.hibernate.type.BasicTypeReference@70881123
2025-02-02T16:36:49.508+09:00 DEBUG 512 --- [project] [main] org.hibernate.type.BasicTypeRegistry     : Adding type registration java.sql.Blob -> org.hibernate.type.BasicTypeReference@70881123
2025-02-02T16:36:49.510+09:00 DEBUG 512 --- [project] [main] org.hibernate.type.BasicTypeRegistry     : Adding type registration materialized_blob -> org.hibernate.type.BasicTypeReference@703fa45
2025-02-02T16:36:49.513+09:00 DEBUG 512 --- [project] [main] org.hibernate.type.BasicTypeRegistry     : Adding type registration materialized_blob_wrapper -> org.hibernate.type.BasicTypeReference@5e905f2c
2025-02-02T16:36:49.514+09:00 DEBUG 512 --- [project] [main] org.hibernate.type.BasicTypeRegistry     : Adding type registration short -> org.hibernate.type.BasicTypeReference@fddd7ae
2025-02-02T16:36:49.515+09:00 DEBUG 512 --- [project] [main] org.hibernate.type.BasicTypeRegistry     : Adding type registration short -> org.hibernate.type.BasicTypeReference@fddd7ae
2025-02-02T16:36:49.516+09:00 DEBUG 512 --- [project] [main] org.hibernate.type.BasicTypeRegistry     : Adding type registration java.lang.Short -> org.hibernate.type.BasicTypeReference@fddd7ae
2025-02-02T16:36:49.518+09:00 DEBUG 512 --- [project] [main] org.hibernate.type.BasicTypeRegistry     : Adding type registration integer -> org.hibernate.type.BasicTypeReference@3f6cce7f
2025-02-02T16:36:49.519+09:00 DEBUG 512 --- [project] [main] org.hibernate.type.BasicTypeRegistry     : Adding type registration int -> org.hibernate.type.BasicTypeReference@3f6cce7f
2025-02-02T16:36:49.520+09:00 DEBUG 512 --- [project] [main] org.hibernate.type.BasicTypeRegistry     : Adding type registration java.lang.Integer -> org.hibernate.type.BasicTypeReference@3f6cce7f
2025-02-02T16:36:49.521+09:00 DEBUG 512 --- [project] [main] org.hibernate.type.BasicTypeRegistry     : Adding type registration long -> org.hibernate.type.BasicTypeReference@2725ca05
2025-02-02T16:36:49.522+09:00 DEBUG 512 --- [project] [main] org.hibernate.type.BasicTypeRegistry     : Adding type registration long -> org.hibernate.type.BasicTypeReference@2725ca05
2025-02-02T16:36:49.523+09:00 DEBUG 512 --- [project] [main] org.hibernate.type.BasicTypeRegistry     : Adding type registration java.lang.Long -> org.hibernate.type.BasicTypeReference@2725ca05
2025-02-02T16:36:49.524+09:00 DEBUG 512 --- [project] [main] org.hibernate.type.BasicTypeRegistry     : Adding type registration float -> org.hibernate.type.BasicTypeReference@7b9088f2
2025-02-02T16:36:49.525+09:00 DEBUG 512 --- [project] [main] org.hibernate.type.BasicTypeRegistry     : Adding type registration float -> org.hibernate.type.BasicTypeReference@7b9088f2
2025-02-02T16:36:49.526+09:00 DEBUG 512 --- [project] [main] org.hibernate.type.BasicTypeRegistry     : Adding type registration java.lang.Float -> org.hibernate.type.BasicTypeReference@7b9088f2
2025-02-02T16:36:49.527+09:00 DEBUG 512 --- [project] [main] org.hibernate.type.BasicTypeRegistry     : Adding type registration double -> org.hibernate.type.BasicTypeReference@1a914089
2025-02-02T16:36:49.528+09:00 DEBUG 512 --- [project] [main] org.hibernate.type.BasicTypeRegistry     : Adding type registration double -> org.hibernate.type.BasicTypeReference@1a914089
2025-02-02T16:36:49.530+09:00 DEBUG 512 --- [project] [main] org.hibernate.type.BasicTypeRegistry     : Adding type registration java.lang.Double -> org.hibernate.type.BasicTypeReference@1a914089
2025-02-02T16:36:49.531+09:00 DEBUG 512 --- [project] [main] org.hibernate.type.BasicTypeRegistry     : Adding type registration big_integer -> org.hibernate.type.BasicTypeReference@43d76a92
2025-02-02T16:36:49.533+09:00 DEBUG 512 --- [project] [main] org.hibernate.type.BasicTypeRegistry     : Adding type registration java.math.BigInteger -> org.hibernate.type.BasicTypeReference@43d76a92
2025-02-02T16:36:49.533+09:00 DEBUG 512 --- [project] [main] org.hibernate.type.BasicTypeRegistry     : Adding type registration big_decimal -> org.hibernate.type.BasicTypeReference@4a2bf50f
2025-02-02T16:36:49.533+09:00 DEBUG 512 --- [project] [main] org.hibernate.type.BasicTypeRegistry     : Adding type registration java.math.BigDecimal -> org.hibernate.type.BasicTypeReference@4a2bf50f
2025-02-02T16:36:49.534+09:00 DEBUG 512 --- [project] [main] org.hibernate.type.BasicTypeRegistry     : Adding type registration character -> org.hibernate.type.BasicTypeReference@350323a0
2025-02-02T16:36:49.535+09:00 DEBUG 512 --- [project] [main] org.hibernate.type.BasicTypeRegistry     : Adding type registration char -> org.hibernate.type.BasicTypeReference@350323a0
2025-02-02T16:36:49.536+09:00 DEBUG 512 --- [project] [main] org.hibernate.type.BasicTypeRegistry     : Adding type registration java.lang.Character -> org.hibernate.type.BasicTypeReference@350323a0
2025-02-02T16:36:49.537+09:00 DEBUG 512 --- [project] [main] org.hibernate.type.BasicTypeRegistry     : Adding type registration character_nchar -> org.hibernate.type.BasicTypeReference@2506b881
2025-02-02T16:36:49.538+09:00 DEBUG 512 --- [project] [main] org.hibernate.type.BasicTypeRegistry     : Adding type registration string -> org.hibernate.type.BasicTypeReference@5d7dd549
2025-02-02T16:36:49.539+09:00 DEBUG 512 --- [project] [main] org.hibernate.type.BasicTypeRegistry     : Adding type registration java.lang.String -> org.hibernate.type.BasicTypeReference@5d7dd549
2025-02-02T16:36:49.540+09:00 DEBUG 512 --- [project] [main] org.hibernate.type.BasicTypeRegistry     : Adding type registration nstring -> org.hibernate.type.BasicTypeReference@486bd064
2025-02-02T16:36:49.542+09:00 DEBUG 512 --- [project] [main] org.hibernate.type.BasicTypeRegistry     : Adding type registration characters -> org.hibernate.type.BasicTypeReference@6459f4ea
2025-02-02T16:36:49.542+09:00 DEBUG 512 --- [project] [main] org.hibernate.type.BasicTypeRegistry     : Adding type registration char[] -> org.hibernate.type.BasicTypeReference@6459f4ea
2025-02-02T16:36:49.545+09:00 DEBUG 512 --- [project] [main] org.hibernate.type.BasicTypeRegistry     : Adding type registration [C -> org.hibernate.type.BasicTypeReference@6459f4ea
2025-02-02T16:36:49.547+09:00 DEBUG 512 --- [project] [main] org.hibernate.type.BasicTypeRegistry     : Adding type registration wrapper-characters -> org.hibernate.type.BasicTypeReference@740b9a50
2025-02-02T16:36:49.548+09:00 DEBUG 512 --- [project] [main] org.hibernate.type.BasicTypeRegistry     : Adding type registration text -> org.hibernate.type.BasicTypeReference@476fde05
2025-02-02T16:36:49.549+09:00 DEBUG 512 --- [project] [main] org.hibernate.type.BasicTypeRegistry     : Adding type registration ntext -> org.hibernate.type.BasicTypeReference@5111de7c
2025-02-02T16:36:49.550+09:00 DEBUG 512 --- [project] [main] org.hibernate.type.BasicTypeRegistry     : Adding type registration clob -> org.hibernate.type.BasicTypeReference@7ac48e10
2025-02-02T16:36:49.551+09:00 DEBUG 512 --- [project] [main] org.hibernate.type.BasicTypeRegistry     : Adding type registration java.sql.Clob -> org.hibernate.type.BasicTypeReference@7ac48e10
2025-02-02T16:36:49.552+09:00 DEBUG 512 --- [project] [main] org.hibernate.type.BasicTypeRegistry     : Adding type registration nclob -> org.hibernate.type.BasicTypeReference@52354202
2025-02-02T16:36:49.553+09:00 DEBUG 512 --- [project] [main] org.hibernate.type.BasicTypeRegistry     : Adding type registration java.sql.NClob -> org.hibernate.type.BasicTypeReference@52354202
2025-02-02T16:36:49.554+09:00 DEBUG 512 --- [project] [main] org.hibernate.type.BasicTypeRegistry     : Adding type registration materialized_clob -> org.hibernate.type.BasicTypeReference@6b1321b7
2025-02-02T16:36:49.556+09:00 DEBUG 512 --- [project] [main] org.hibernate.type.BasicTypeRegistry     : Adding type registration materialized_clob_char_array -> org.hibernate.type.BasicTypeReference@342ee097
2025-02-02T16:36:49.557+09:00 DEBUG 512 --- [project] [main] org.hibernate.type.BasicTypeRegistry     : Adding type registration materialized_clob_character_array -> org.hibernate.type.BasicTypeReference@6ac45c0c
2025-02-02T16:36:49.558+09:00 DEBUG 512 --- [project] [main] org.hibernate.type.BasicTypeRegistry     : Adding type registration materialized_nclob -> org.hibernate.type.BasicTypeReference@12192604
2025-02-02T16:36:49.560+09:00 DEBUG 512 --- [project] [main] org.hibernate.type.BasicTypeRegistry     : Adding type registration materialized_nclob_character_array -> org.hibernate.type.BasicTypeReference@6075b369
2025-02-02T16:36:49.561+09:00 DEBUG 512 --- [project] [main] org.hibernate.type.BasicTypeRegistry     : Adding type registration materialized_nclob_char_array -> org.hibernate.type.BasicTypeReference@231cdda8
2025-02-02T16:36:49.562+09:00 DEBUG 512 --- [project] [main] org.hibernate.type.BasicTypeRegistry     : Adding type registration Duration -> org.hibernate.type.BasicTypeReference@6b70d1fb
2025-02-02T16:36:49.563+09:00 DEBUG 512 --- [project] [main] org.hibernate.type.BasicTypeRegistry     : Adding type registration java.time.Duration -> org.hibernate.type.BasicTypeReference@6b70d1fb
2025-02-02T16:36:49.564+09:00 DEBUG 512 --- [project] [main] org.hibernate.type.BasicTypeRegistry     : Adding type registration LocalDateTime -> org.hibernate.type.BasicTypeReference@3002e397
2025-02-02T16:36:49.565+09:00 DEBUG 512 --- [project] [main] org.hibernate.type.BasicTypeRegistry     : Adding type registration java.time.LocalDateTime -> org.hibernate.type.BasicTypeReference@3002e397
2025-02-02T16:36:49.566+09:00 DEBUG 512 --- [project] [main] org.hibernate.type.BasicTypeRegistry     : Adding type registration LocalDate -> org.hibernate.type.BasicTypeReference@7da1e005
2025-02-02T16:36:49.567+09:00 DEBUG 512 --- [project] [main] org.hibernate.type.BasicTypeRegistry     : Adding type registration java.time.LocalDate -> org.hibernate.type.BasicTypeReference@7da1e005
2025-02-02T16:36:49.568+09:00 DEBUG 512 --- [project] [main] org.hibernate.type.BasicTypeRegistry     : Adding type registration LocalTime -> org.hibernate.type.BasicTypeReference@38159384
2025-02-02T16:36:49.569+09:00 DEBUG 512 --- [project] [main] org.hibernate.type.BasicTypeRegistry     : Adding type registration java.time.LocalTime -> org.hibernate.type.BasicTypeReference@38159384
2025-02-02T16:36:49.570+09:00 DEBUG 512 --- [project] [main] org.hibernate.type.BasicTypeRegistry     : Adding type registration OffsetDateTime -> org.hibernate.type.BasicTypeReference@55877274
2025-02-02T16:36:49.572+09:00 DEBUG 512 --- [project] [main] org.hibernate.type.BasicTypeRegistry     : Adding type registration java.time.OffsetDateTime -> org.hibernate.type.BasicTypeReference@55877274
2025-02-02T16:36:49.574+09:00 DEBUG 512 --- [project] [main] org.hibernate.type.BasicTypeRegistry     : Adding type registration OffsetDateTimeWithTimezone -> org.hibernate.type.BasicTypeReference@723e2d08
2025-02-02T16:36:49.575+09:00 DEBUG 512 --- [project] [main] org.hibernate.type.BasicTypeRegistry     : Adding type registration OffsetDateTimeWithoutTimezone -> org.hibernate.type.BasicTypeReference@6d4a82
2025-02-02T16:36:49.577+09:00 DEBUG 512 --- [project] [main] org.hibernate.type.BasicTypeRegistry     : Adding type registration OffsetTime -> org.hibernate.type.BasicTypeReference@14f060b8
2025-02-02T16:36:49.579+09:00 DEBUG 512 --- [project] [main] org.hibernate.type.BasicTypeRegistry     : Adding type registration java.time.OffsetTime -> org.hibernate.type.BasicTypeReference@14f060b8
2025-02-02T16:36:49.580+09:00 DEBUG 512 --- [project] [main] org.hibernate.type.BasicTypeRegistry     : Adding type registration OffsetTimeUtc -> org.hibernate.type.BasicTypeReference@7a0ab480
2025-02-02T16:36:49.581+09:00 DEBUG 512 --- [project] [main] org.hibernate.type.BasicTypeRegistry     : Adding type registration OffsetTimeWithTimezone -> org.hibernate.type.BasicTypeReference@79df80a4
2025-02-02T16:36:49.582+09:00 DEBUG 512 --- [project] [main] org.hibernate.type.BasicTypeRegistry     : Adding type registration OffsetTimeWithoutTimezone -> org.hibernate.type.BasicTypeReference@130cfc47
2025-02-02T16:36:49.584+09:00 DEBUG 512 --- [project] [main] org.hibernate.type.BasicTypeRegistry     : Adding type registration ZonedDateTime -> org.hibernate.type.BasicTypeReference@4eeab3e
2025-02-02T16:36:49.585+09:00 DEBUG 512 --- [project] [main] org.hibernate.type.BasicTypeRegistry     : Adding type registration java.time.ZonedDateTime -> org.hibernate.type.BasicTypeReference@4eeab3e
2025-02-02T16:36:49.588+09:00 DEBUG 512 --- [project] [main] org.hibernate.type.BasicTypeRegistry     : Adding type registration ZonedDateTimeWithTimezone -> org.hibernate.type.BasicTypeReference@2b6fb197
2025-02-02T16:36:49.589+09:00 DEBUG 512 --- [project] [main] org.hibernate.type.BasicTypeRegistry     : Adding type registration ZonedDateTimeWithoutTimezone -> org.hibernate.type.BasicTypeReference@2eb0cefe
2025-02-02T16:36:49.592+09:00 DEBUG 512 --- [project] [main] org.hibernate.type.BasicTypeRegistry     : Adding type registration date -> org.hibernate.type.BasicTypeReference@5a2ae1ab
2025-02-02T16:36:49.594+09:00 DEBUG 512 --- [project] [main] org.hibernate.type.BasicTypeRegistry     : Adding type registration java.sql.Date -> org.hibernate.type.BasicTypeReference@5a2ae1ab
2025-02-02T16:36:49.596+09:00 DEBUG 512 --- [project] [main] org.hibernate.type.BasicTypeRegistry     : Adding type registration time -> org.hibernate.type.BasicTypeReference@2bec068b
2025-02-02T16:36:49.597+09:00 DEBUG 512 --- [project] [main] org.hibernate.type.BasicTypeRegistry     : Adding type registration java.sql.Time -> org.hibernate.type.BasicTypeReference@2bec068b
2025-02-02T16:36:49.599+09:00 DEBUG 512 --- [project] [main] org.hibernate.type.BasicTypeRegistry     : Adding type registration timestamp -> org.hibernate.type.BasicTypeReference@7d59e968
2025-02-02T16:36:49.600+09:00 DEBUG 512 --- [project] [main] org.hibernate.type.BasicTypeRegistry     : Adding type registration java.sql.Timestamp -> org.hibernate.type.BasicTypeReference@7d59e968
2025-02-02T16:36:49.602+09:00 DEBUG 512 --- [project] [main] org.hibernate.type.BasicTypeRegistry     : Adding type registration java.util.Date -> org.hibernate.type.BasicTypeReference@7d59e968
2025-02-02T16:36:49.603+09:00 DEBUG 512 --- [project] [main] org.hibernate.type.BasicTypeRegistry     : Adding type registration calendar -> org.hibernate.type.BasicTypeReference@55361f03
2025-02-02T16:36:49.605+09:00 DEBUG 512 --- [project] [main] org.hibernate.type.BasicTypeRegistry     : Adding type registration java.util.Calendar -> org.hibernate.type.BasicTypeReference@55361f03
2025-02-02T16:36:49.606+09:00 DEBUG 512 --- [project] [main] org.hibernate.type.BasicTypeRegistry     : Adding type registration java.util.GregorianCalendar -> org.hibernate.type.BasicTypeReference@55361f03
2025-02-02T16:36:49.609+09:00 DEBUG 512 --- [project] [main] org.hibernate.type.BasicTypeRegistry     : Adding type registration calendar_date -> org.hibernate.type.BasicTypeReference@581c9bb7
2025-02-02T16:36:49.610+09:00 DEBUG 512 --- [project] [main] org.hibernate.type.BasicTypeRegistry     : Adding type registration calendar_time -> org.hibernate.type.BasicTypeReference@138f0661
2025-02-02T16:36:49.611+09:00 DEBUG 512 --- [project] [main] org.hibernate.type.BasicTypeRegistry     : Adding type registration instant -> org.hibernate.type.BasicTypeReference@212fafd1
2025-02-02T16:36:49.612+09:00 DEBUG 512 --- [project] [main] org.hibernate.type.BasicTypeRegistry     : Adding type registration java.time.Instant -> org.hibernate.type.BasicTypeReference@212fafd1
2025-02-02T16:36:49.613+09:00 DEBUG 512 --- [project] [main] org.hibernate.type.BasicTypeRegistry     : Adding type registration uuid -> org.hibernate.type.BasicTypeReference@448462f0
2025-02-02T16:36:49.615+09:00 DEBUG 512 --- [project] [main] org.hibernate.type.BasicTypeRegistry     : Adding type registration java.util.UUID -> org.hibernate.type.BasicTypeReference@448462f0
2025-02-02T16:36:49.616+09:00 DEBUG 512 --- [project] [main] org.hibernate.type.BasicTypeRegistry     : Adding type registration pg-uuid -> org.hibernate.type.BasicTypeReference@448462f0
2025-02-02T16:36:49.618+09:00 DEBUG 512 --- [project] [main] org.hibernate.type.BasicTypeRegistry     : Adding type registration uuid-binary -> org.hibernate.type.BasicTypeReference@787988f4
2025-02-02T16:36:49.619+09:00 DEBUG 512 --- [project] [main] org.hibernate.type.BasicTypeRegistry     : Adding type registration uuid-char -> org.hibernate.type.BasicTypeReference@132e3594
2025-02-02T16:36:49.621+09:00 DEBUG 512 --- [project] [main] org.hibernate.type.BasicTypeRegistry     : Adding type registration class -> org.hibernate.type.BasicTypeReference@4f235107
2025-02-02T16:36:49.622+09:00 DEBUG 512 --- [project] [main] org.hibernate.type.BasicTypeRegistry     : Adding type registration java.lang.Class -> org.hibernate.type.BasicTypeReference@4f235107
2025-02-02T16:36:49.625+09:00 DEBUG 512 --- [project] [main] org.hibernate.type.BasicTypeRegistry     : Adding type registration currency -> org.hibernate.type.BasicTypeReference@28d739f1
2025-02-02T16:36:49.626+09:00 DEBUG 512 --- [project] [main] org.hibernate.type.BasicTypeRegistry     : Adding type registration Currency -> org.hibernate.type.BasicTypeReference@28d739f1
2025-02-02T16:36:49.627+09:00 DEBUG 512 --- [project] [main] org.hibernate.type.BasicTypeRegistry     : Adding type registration java.util.Currency -> org.hibernate.type.BasicTypeReference@28d739f1
2025-02-02T16:36:49.629+09:00 DEBUG 512 --- [project] [main] org.hibernate.type.BasicTypeRegistry     : Adding type registration locale -> org.hibernate.type.BasicTypeReference@1c5d3a37
2025-02-02T16:36:49.630+09:00 DEBUG 512 --- [project] [main] org.hibernate.type.BasicTypeRegistry     : Adding type registration java.util.Locale -> org.hibernate.type.BasicTypeReference@1c5d3a37
2025-02-02T16:36:49.632+09:00 DEBUG 512 --- [project] [main] org.hibernate.type.BasicTypeRegistry     : Adding type registration serializable -> org.hibernate.type.BasicTypeReference@7e3d2ebd
2025-02-02T16:36:49.633+09:00 DEBUG 512 --- [project] [main] org.hibernate.type.BasicTypeRegistry     : Adding type registration java.io.Serializable -> org.hibernate.type.BasicTypeReference@7e3d2ebd
2025-02-02T16:36:49.635+09:00 DEBUG 512 --- [project] [main] org.hibernate.type.BasicTypeRegistry     : Adding type registration timezone -> org.hibernate.type.BasicTypeReference@2b43f314
2025-02-02T16:36:49.636+09:00 DEBUG 512 --- [project] [main] org.hibernate.type.BasicTypeRegistry     : Adding type registration java.util.TimeZone -> org.hibernate.type.BasicTypeReference@2b43f314
2025-02-02T16:36:49.638+09:00 DEBUG 512 --- [project] [main] org.hibernate.type.BasicTypeRegistry     : Adding type registration ZoneOffset -> org.hibernate.type.BasicTypeReference@3a4a5f3c
2025-02-02T16:36:49.642+09:00 DEBUG 512 --- [project] [main] org.hibernate.type.BasicTypeRegistry     : Adding type registration java.time.ZoneOffset -> org.hibernate.type.BasicTypeReference@3a4a5f3c
2025-02-02T16:36:49.644+09:00 DEBUG 512 --- [project] [main] org.hibernate.type.BasicTypeRegistry     : Adding type registration url -> org.hibernate.type.BasicTypeReference@4f3356c0
2025-02-02T16:36:49.645+09:00 DEBUG 512 --- [project] [main] org.hibernate.type.BasicTypeRegistry     : Adding type registration java.net.URL -> org.hibernate.type.BasicTypeReference@4f3356c0
2025-02-02T16:36:49.647+09:00 DEBUG 512 --- [project] [main] org.hibernate.type.BasicTypeRegistry     : Adding type registration vector -> org.hibernate.type.BasicTypeReference@586cc15d
2025-02-02T16:36:49.649+09:00 DEBUG 512 --- [project] [main] org.hibernate.type.BasicTypeRegistry     : Adding type registration float_vector -> org.hibernate.type.BasicTypeReference@6c835217
2025-02-02T16:36:49.651+09:00 DEBUG 512 --- [project] [main] org.hibernate.type.BasicTypeRegistry     : Adding type registration double_vector -> org.hibernate.type.BasicTypeReference@4584304
2025-02-02T16:36:49.652+09:00 DEBUG 512 --- [project] [main] org.hibernate.type.BasicTypeRegistry     : Adding type registration byte_vector -> org.hibernate.type.BasicTypeReference@51888019
2025-02-02T16:36:49.653+09:00 DEBUG 512 --- [project] [main] org.hibernate.type.BasicTypeRegistry     : Adding type registration row_version -> org.hibernate.type.BasicTypeReference@6f50d55c
2025-02-02T16:36:49.683+09:00 DEBUG 512 --- [project] [main] org.hibernate.type.BasicTypeRegistry     : Adding type registration object -> org.hibernate.type.JavaObjectType@72c9ebfa
2025-02-02T16:36:49.684+09:00 DEBUG 512 --- [project] [main] org.hibernate.type.BasicTypeRegistry     : Adding type registration java.lang.Object -> org.hibernate.type.JavaObjectType@72c9ebfa
2025-02-02T16:36:49.691+09:00 DEBUG 512 --- [project] [main] org.hibernate.type.BasicTypeRegistry     : Adding type registration null -> org.hibernate.type.NullType@21e5f0b6
2025-02-02T16:36:49.694+09:00 DEBUG 512 --- [project] [main] org.hibernate.type.BasicTypeRegistry     : Adding type registration imm_date -> org.hibernate.type.BasicTypeReference@93bf0e0
2025-02-02T16:36:49.696+09:00 DEBUG 512 --- [project] [main] org.hibernate.type.BasicTypeRegistry     : Adding type registration imm_time -> org.hibernate.type.BasicTypeReference@4981d95b
2025-02-02T16:36:49.698+09:00 DEBUG 512 --- [project] [main] org.hibernate.type.BasicTypeRegistry     : Adding type registration imm_timestamp -> org.hibernate.type.BasicTypeReference@656842bc
2025-02-02T16:36:49.699+09:00 DEBUG 512 --- [project] [main] org.hibernate.type.BasicTypeRegistry     : Adding type registration imm_calendar -> org.hibernate.type.BasicTypeReference@6b867ee7
2025-02-02T16:36:49.700+09:00 DEBUG 512 --- [project] [main] org.hibernate.type.BasicTypeRegistry     : Adding type registration imm_calendar_date -> org.hibernate.type.BasicTypeReference@3dec3f87
2025-02-02T16:36:49.701+09:00 DEBUG 512 --- [project] [main] org.hibernate.type.BasicTypeRegistry     : Adding type registration imm_calendar_time -> org.hibernate.type.BasicTypeReference@7a606260
2025-02-02T16:36:49.702+09:00 DEBUG 512 --- [project] [main] org.hibernate.type.BasicTypeRegistry     : Adding type registration imm_binary -> org.hibernate.type.BasicTypeReference@5dbab232
2025-02-02T16:36:49.704+09:00 DEBUG 512 --- [project] [main] org.hibernate.type.BasicTypeRegistry     : Adding type registration imm_serializable -> org.hibernate.type.BasicTypeReference@5939e24
2025-02-02T16:36:51.193+09:00  INFO 512 --- [project] [main] o.s.o.j.p.SpringPersistenceUnitInfo      : No LoadTimeWeaver setup: ignoring JPA class transformer
2025-02-02T16:36:51.447+09:00  INFO 512 --- [project] [main] com.zaxxer.hikari.HikariDataSource       : HikariPool-1 - Starting...
2025-02-02T16:36:52.588+09:00  INFO 512 --- [project] [main] com.zaxxer.hikari.pool.HikariPool        : HikariPool-1 - Added connection conn0: url=jdbc:h2:mem:test user=SA
2025-02-02T16:36:52.599+09:00  INFO 512 --- [project] [main] com.zaxxer.hikari.HikariDataSource       : HikariPool-1 - Start completed.
2025-02-02T16:36:52.928+09:00  INFO 512 --- [project] [main] org.hibernate.orm.connections.pooling    : HHH10001005: Database info:
	Database JDBC URL [Connecting through datasource 'HikariDataSource (HikariPool-1)']
	Database driver: undefined/unknown
	Database version: 2.3.232
	Autocommit mode: undefined/unknown
	Isolation level: undefined/unknown
	Minimum pool size: undefined/unknown
	Maximum pool size: undefined/unknown
2025-02-02T16:36:52.979+09:00 DEBUG 512 --- [project] [main] o.h.t.d.jdbc.spi.JdbcTypeRegistry        : addDescriptor(NCharTypeDescriptor) replaced previous registration(CharTypeDescriptor)
2025-02-02T16:36:52.981+09:00 DEBUG 512 --- [project] [main] o.h.t.d.jdbc.spi.JdbcTypeRegistry        : addDescriptor(NVarcharTypeDescriptor) replaced previous registration(VarcharTypeDescriptor)
2025-02-02T16:36:52.982+09:00 DEBUG 512 --- [project] [main] o.h.t.d.jdbc.spi.JdbcTypeRegistry        : addDescriptor(LongNVarcharTypeDescriptor) replaced previous registration(LongVarcharTypeDescriptor)
2025-02-02T16:36:52.998+09:00 DEBUG 512 --- [project] [main] o.h.t.d.jdbc.spi.JdbcTypeRegistry        : addDescriptor(NClobTypeDescriptor(DEFAULT)) replaced previous registration(ClobTypeDescriptor(DEFAULT))
2025-02-02T16:36:53.008+09:00 DEBUG 512 --- [project] [main] o.h.t.d.jdbc.spi.JdbcTypeRegistry        : addDescriptor(TimestampUtcDescriptor) replaced previous registration(TimestampUtcDescriptor)
2025-02-02T16:36:53.038+09:00 DEBUG 512 --- [project] [main] org.hibernate.type.BasicTypeRegistry     : Adding type registration org.hibernate.type.DurationType -> basicType@1(java.time.Duration,3015)
2025-02-02T16:36:53.039+09:00 DEBUG 512 --- [project] [main] org.hibernate.type.BasicTypeRegistry     : Adding type registration Duration -> basicType@1(java.time.Duration,3015)
2025-02-02T16:36:53.040+09:00 DEBUG 512 --- [project] [main] org.hibernate.type.BasicTypeRegistry     : Adding type registration java.time.Duration -> basicType@1(java.time.Duration,3015)
2025-02-02T16:36:53.060+09:00 DEBUG 512 --- [project] [main] o.h.type.spi.TypeConfiguration$Scope     : Scoping TypeConfiguration [org.hibernate.type.spi.TypeConfiguration@cf9bd1e] to MetadataBuildingContext [org.hibernate.boot.internal.MetadataBuildingContextRootImpl@39acd1f1]
2025-02-02T16:36:58.267+09:00  INFO 512 --- [project] [main] o.h.e.t.j.p.i.JtaPlatformInitiator       : HHH000489: No JTA platform available (set 'hibernate.transaction.jta.platform' to enable JTA platform integration)
2025-02-02T16:36:58.270+09:00 DEBUG 512 --- [project] [main] o.h.type.spi.TypeConfiguration$Scope     : Scoping TypeConfiguration [org.hibernate.type.spi.TypeConfiguration@cf9bd1e] to SessionFactoryImplementor [org.hibernate.internal.SessionFactoryImpl@18301763]
2025-02-02T16:36:58.453+09:00 TRACE 512 --- [project] [main] o.h.type.spi.TypeConfiguration$Scope     : Handling #sessionFactoryCreated from [org.hibernate.internal.SessionFactoryImpl@18301763] for TypeConfiguration
2025-02-02T16:36:58.454+09:00  INFO 512 --- [project] [main] j.LocalContainerEntityManagerFactoryBean : Initialized JPA EntityManagerFactory for persistence unit 'default'
2025-02-02T16:37:01.061+09:00  WARN 512 --- [project] [main] .s.s.UserDetailsServiceAutoConfiguration : 

Using generated security password: da338870-7b44-453c-a2bb-251607896153

This generated password is for development use only. Your security configuration must be updated before running your application in production.

2025-02-02T16:37:01.107+09:00  INFO 512 --- [project] [main] r$InitializeUserDetailsManagerConfigurer : Global AuthenticationManager configured with UserDetailsService bean with name inMemoryUserDetailsManager
2025-02-02T16:37:04.465+09:00  INFO 512 --- [project] [main] o.s.b.a.h2.H2ConsoleAutoConfiguration    : H2 console available at '/h2-console'. Database available at 'jdbc:h2:mem:test'
2025-02-02T16:37:04.980+09:00  INFO 512 --- [project] [main] o.s.b.w.embedded.tomcat.TomcatWebServer  : Tomcat started on port 8080 (http) with context path '/'
2025-02-02T16:37:05.024+09:00  INFO 512 --- [project] [main] com.example.project.ProjectApplication   : Started ProjectApplication in 32.639 seconds (process running for 35.482)
2025-02-02T16:37:16.600+09:00 ERROR 512 --- [project] [http-nio-8080-exec-1] o.a.c.c.C.[.[localhost].[/].[h2Console]  : Servlet.service() for servlet [h2Console] in context with path [] threw exception

java.lang.NullPointerException: Cannot read the array length because "array" is null
	at java.base/java.util.Arrays.stream(Arrays.java:5528) ~[na:na]
	at com.example.project.global.security.JwtAuthorizationFilter._getCookie(JwtAuthorizationFilter.java:50) ~[classes/:na]
	at com.example.project.global.security.JwtAuthorizationFilter.doFilterInternal(JwtAuthorizationFilter.java:32) ~[classes/:na]
	at org.springframework.web.filter.OncePerRequestFilter.doFilter(OncePerRequestFilter.java:116) ~[spring-web-6.2.2.jar:6.2.2]
	at org.apache.catalina.core.ApplicationFilterChain.internalDoFilter(ApplicationFilterChain.java:164) ~[tomcat-embed-core-10.1.34.jar:10.1.34]
	at org.apache.catalina.core.ApplicationFilterChain.doFilter(ApplicationFilterChain.java:140) ~[tomcat-embed-core-10.1.34.jar:10.1.34]
	at org.springframework.web.filter.CompositeFilter$VirtualFilterChain.doFilter(CompositeFilter.java:108) ~[spring-web-6.2.2.jar:6.2.2]
	at org.springframework.security.web.FilterChainProxy.lambda$doFilterInternal$3(FilterChainProxy.java:231) ~[spring-security-web-6.4.2.jar:6.4.2]
	at org.springframework.security.web.FilterChainProxy$VirtualFilterChain.doFilter(FilterChainProxy.java:365) ~[spring-security-web-6.4.2.jar:6.4.2]
	at org.springframework.security.web.access.intercept.AuthorizationFilter.doFilter(AuthorizationFilter.java:101) ~[spring-security-web-6.4.2.jar:6.4.2]
	at org.springframework.security.web.FilterChainProxy$VirtualFilterChain.doFilter(FilterChainProxy.java:374) ~[spring-security-web-6.4.2.jar:6.4.2]
	at org.springframework.security.web.access.ExceptionTranslationFilter.doFilter(ExceptionTranslationFilter.java:126) ~[spring-security-web-6.4.2.jar:6.4.2]
	at org.springframework.security.web.access.ExceptionTranslationFilter.doFilter(ExceptionTranslationFilter.java:120) ~[spring-security-web-6.4.2.jar:6.4.2]
	at org.springframework.security.web.FilterChainProxy$VirtualFilterChain.doFilter(FilterChainProxy.java:374) ~[spring-security-web-6.4.2.jar:6.4.2]
	at org.springframework.security.web.authentication.AnonymousAuthenticationFilter.doFilter(AnonymousAuthenticationFilter.java:100) ~[spring-security-web-6.4.2.jar:6.4.2]
	at org.springframework.security.web.FilterChainProxy$VirtualFilterChain.doFilter(FilterChainProxy.java:374) ~[spring-security-web-6.4.2.jar:6.4.2]
	at org.springframework.security.web.servletapi.SecurityContextHolderAwareRequestFilter.doFilter(SecurityContextHolderAwareRequestFilter.java:179) ~[spring-security-web-6.4.2.jar:6.4.2]
	at org.springframework.security.web.FilterChainProxy$VirtualFilterChain.doFilter(FilterChainProxy.java:374) ~[spring-security-web-6.4.2.jar:6.4.2]
	at org.springframework.security.web.savedrequest.RequestCacheAwareFilter.doFilter(RequestCacheAwareFilter.java:63) ~[spring-security-web-6.4.2.jar:6.4.2]
	at org.springframework.security.web.FilterChainProxy$VirtualFilterChain.doFilter(FilterChainProxy.java:374) ~[spring-security-web-6.4.2.jar:6.4.2]
	at org.springframework.security.web.authentication.logout.LogoutFilter.doFilter(LogoutFilter.java:107) ~[spring-security-web-6.4.2.jar:6.4.2]
	at org.springframework.security.web.authentication.logout.LogoutFilter.doFilter(LogoutFilter.java:93) ~[spring-security-web-6.4.2.jar:6.4.2]
	at org.springframework.security.web.FilterChainProxy$VirtualFilterChain.doFilter(FilterChainProxy.java:374) ~[spring-security-web-6.4.2.jar:6.4.2]
	at org.springframework.security.web.csrf.CsrfFilter.doFilterInternal(CsrfFilter.java:117) ~[spring-security-web-6.4.2.jar:6.4.2]
	at org.springframework.web.filter.OncePerRequestFilter.doFilter(OncePerRequestFilter.java:116) ~[spring-web-6.2.2.jar:6.2.2]
	at org.springframework.security.web.FilterChainProxy$VirtualFilterChain.doFilter(FilterChainProxy.java:374) ~[spring-security-web-6.4.2.jar:6.4.2]
	at org.springframework.security.web.header.HeaderWriterFilter.doHeadersAfter(HeaderWriterFilter.java:90) ~[spring-security-web-6.4.2.jar:6.4.2]
	at org.springframework.security.web.header.HeaderWriterFilter.doFilterInternal(HeaderWriterFilter.java:75) ~[spring-security-web-6.4.2.jar:6.4.2]
	at org.springframework.web.filter.OncePerRequestFilter.doFilter(OncePerRequestFilter.java:116) ~[spring-web-6.2.2.jar:6.2.2]
	at org.springframework.security.web.FilterChainProxy$VirtualFilterChain.doFilter(FilterChainProxy.java:374) ~[spring-security-web-6.4.2.jar:6.4.2]
	at org.springframework.security.web.context.SecurityContextHolderFilter.doFilter(SecurityContextHolderFilter.java:82) ~[spring-security-web-6.4.2.jar:6.4.2]
	at org.springframework.security.web.context.SecurityContextHolderFilter.doFilter(SecurityContextHolderFilter.java:69) ~[spring-security-web-6.4.2.jar:6.4.2]
	at org.springframework.security.web.FilterChainProxy$VirtualFilterChain.doFilter(FilterChainProxy.java:374) ~[spring-security-web-6.4.2.jar:6.4.2]
	at org.springframework.security.web.context.request.async.WebAsyncManagerIntegrationFilter.doFilterInternal(WebAsyncManagerIntegrationFilter.java:62) ~[spring-security-web-6.4.2.jar:6.4.2]
	at org.springframework.web.filter.OncePerRequestFilter.doFilter(OncePerRequestFilter.java:116) ~[spring-web-6.2.2.jar:6.2.2]
	at org.springframework.security.web.FilterChainProxy$VirtualFilterChain.doFilter(FilterChainProxy.java:374) ~[spring-security-web-6.4.2.jar:6.4.2]
	at org.springframework.security.web.session.DisableEncodeUrlFilter.doFilterInternal(DisableEncodeUrlFilter.java:42) ~[spring-security-web-6.4.2.jar:6.4.2]
	at org.springframework.web.filter.OncePerRequestFilter.doFilter(OncePerRequestFilter.java:116) ~[spring-web-6.2.2.jar:6.2.2]
	at org.springframework.security.web.FilterChainProxy$VirtualFilterChain.doFilter(FilterChainProxy.java:374) ~[spring-security-web-6.4.2.jar:6.4.2]
	at org.springframework.security.web.FilterChainProxy.doFilterInternal(FilterChainProxy.java:233) ~[spring-security-web-6.4.2.jar:6.4.2]
	at org.springframework.security.web.FilterChainProxy.doFilter(FilterChainProxy.java:191) ~[spring-security-web-6.4.2.jar:6.4.2]
	at org.springframework.web.filter.CompositeFilter$VirtualFilterChain.doFilter(CompositeFilter.java:113) ~[spring-web-6.2.2.jar:6.2.2]
	at org.springframework.web.servlet.handler.HandlerMappingIntrospector.lambda$createCacheFilter$3(HandlerMappingIntrospector.java:243) ~[spring-webmvc-6.2.2.jar:6.2.2]
	at org.springframework.web.filter.CompositeFilter$VirtualFilterChain.doFilter(CompositeFilter.java:113) ~[spring-web-6.2.2.jar:6.2.2]
	at org.springframework.web.filter.CompositeFilter.doFilter(CompositeFilter.java:74) ~[spring-web-6.2.2.jar:6.2.2]
	at org.springframework.security.config.annotation.web.configuration.WebMvcSecurityConfiguration$CompositeFilterChainProxy.doFilter(WebMvcSecurityConfiguration.java:238) ~[spring-security-config-6.4.2.jar:6.4.2]
	at org.springframework.web.filter.DelegatingFilterProxy.invokeDelegate(DelegatingFilterProxy.java:362) ~[spring-web-6.2.2.jar:6.2.2]
	at org.springframework.web.filter.DelegatingFilterProxy.doFilter(DelegatingFilterProxy.java:278) ~[spring-web-6.2.2.jar:6.2.2]
	at org.apache.catalina.core.ApplicationFilterChain.internalDoFilter(ApplicationFilterChain.java:164) ~[tomcat-embed-core-10.1.34.jar:10.1.34]
	at org.apache.catalina.core.ApplicationFilterChain.doFilter(ApplicationFilterChain.java:140) ~[tomcat-embed-core-10.1.34.jar:10.1.34]
	at org.springframework.web.filter.RequestContextFilter.doFilterInternal(RequestContextFilter.java:100) ~[spring-web-6.2.2.jar:6.2.2]
	at org.springframework.web.filter.OncePerRequestFilter.doFilter(OncePerRequestFilter.java:116) ~[spring-web-6.2.2.jar:6.2.2]
	at org.apache.catalina.core.ApplicationFilterChain.internalDoFilter(ApplicationFilterChain.java:164) ~[tomcat-embed-core-10.1.34.jar:10.1.34]
	at org.apache.catalina.core.ApplicationFilterChain.doFilter(ApplicationFilterChain.java:140) ~[tomcat-embed-core-10.1.34.jar:10.1.34]
	at org.springframework.web.filter.FormContentFilter.doFilterInternal(FormContentFilter.java:93) ~[spring-web-6.2.2.jar:6.2.2]
	at org.springframework.web.filter.OncePerRequestFilter.doFilter(OncePerRequestFilter.java:116) ~[spring-web-6.2.2.jar:6.2.2]
	at org.apache.catalina.core.ApplicationFilterChain.internalDoFilter(ApplicationFilterChain.java:164) ~[tomcat-embed-core-10.1.34.jar:10.1.34]
	at org.apache.catalina.core.ApplicationFilterChain.doFilter(ApplicationFilterChain.java:140) ~[tomcat-embed-core-10.1.34.jar:10.1.34]
	at org.springframework.web.filter.CharacterEncodingFilter.doFilterInternal(CharacterEncodingFilter.java:201) ~[spring-web-6.2.2.jar:6.2.2]
	at org.springframework.web.filter.OncePerRequestFilter.doFilter(OncePerRequestFilter.java:116) ~[spring-web-6.2.2.jar:6.2.2]
	at org.apache.catalina.core.ApplicationFilterChain.internalDoFilter(ApplicationFilterChain.java:164) ~[tomcat-embed-core-10.1.34.jar:10.1.34]
	at org.apache.catalina.core.ApplicationFilterChain.doFilter(ApplicationFilterChain.java:140) ~[tomcat-embed-core-10.1.34.jar:10.1.34]
	at org.apache.catalina.core.StandardWrapperValve.invoke(StandardWrapperValve.java:167) ~[tomcat-embed-core-10.1.34.jar:10.1.34]
	at org.apache.catalina.core.StandardContextValve.invoke(StandardContextValve.java:90) ~[tomcat-embed-core-10.1.34.jar:10.1.34]
	at org.apache.catalina.authenticator.AuthenticatorBase.invoke(AuthenticatorBase.java:483) ~[tomcat-embed-core-10.1.34.jar:10.1.34]
	at org.apache.catalina.core.StandardHostValve.invoke(StandardHostValve.java:115) ~[tomcat-embed-core-10.1.34.jar:10.1.34]
	at org.apache.catalina.valves.ErrorReportValve.invoke(ErrorReportValve.java:93) ~[tomcat-embed-core-10.1.34.jar:10.1.34]
	at org.apache.catalina.core.StandardEngineValve.invoke(StandardEngineValve.java:74) ~[tomcat-embed-core-10.1.34.jar:10.1.34]
	at org.apache.catalina.connector.CoyoteAdapter.service(CoyoteAdapter.java:344) ~[tomcat-embed-core-10.1.34.jar:10.1.34]
	at org.apache.coyote.http11.Http11Processor.service(Http11Processor.java:397) ~[tomcat-embed-core-10.1.34.jar:10.1.34]
	at org.apache.coyote.AbstractProcessorLight.process(AbstractProcessorLight.java:63) ~[tomcat-embed-core-10.1.34.jar:10.1.34]
	at org.apache.coyote.AbstractProtocol$ConnectionHandler.process(AbstractProtocol.java:905) ~[tomcat-embed-core-10.1.34.jar:10.1.34]
	at org.apache.tomcat.util.net.NioEndpoint$SocketProcessor.doRun(NioEndpoint.java:1741) ~[tomcat-embed-core-10.1.34.jar:10.1.34]
	at org.apache.tomcat.util.net.SocketProcessorBase.run(SocketProcessorBase.java:52) ~[tomcat-embed-core-10.1.34.jar:10.1.34]
	at org.apache.tomcat.util.threads.ThreadPoolExecutor.runWorker(ThreadPoolExecutor.java:1190) ~[tomcat-embed-core-10.1.34.jar:10.1.34]
	at org.apache.tomcat.util.threads.ThreadPoolExecutor$Worker.run(ThreadPoolExecutor.java:659) ~[tomcat-embed-core-10.1.34.jar:10.1.34]
	at org.apache.tomcat.util.threads.TaskThread$WrappingRunnable.run(TaskThread.java:63) ~[tomcat-embed-core-10.1.34.jar:10.1.34]
	at java.base/java.lang.Thread.run(Thread.java:1583) ~[na:na]

2025-02-02T16:37:16.648+09:00  INFO 512 --- [project] [http-nio-8080-exec-1] o.a.c.c.C.[Tomcat].[localhost].[/]       : Initializing Spring DispatcherServlet 'dispatcherServlet'
2025-02-02T16:37:16.649+09:00  INFO 512 --- [project] [http-nio-8080-exec-1] o.s.web.servlet.DispatcherServlet        : Initializing Servlet 'dispatcherServlet'
2025-02-02T16:37:16.655+09:00  INFO 512 --- [project] [http-nio-8080-exec-1] o.s.web.servlet.DispatcherServlet        : Completed initialization in 5 ms
2025-02-02T16:51:27.559+09:00  INFO 512 --- [project] [SpringApplicationShutdownHook] o.s.b.w.e.tomcat.GracefulShutdown        : Commencing graceful shutdown. Waiting for active requests to complete
2025-02-02T16:51:27.657+09:00  INFO 512 --- [project] [tomcat-shutdown] o.s.b.w.e.tomcat.GracefulShutdown        : Graceful shutdown complete
2025-02-02T16:51:27.732+09:00  INFO 512 --- [project] [SpringApplicationShutdownHook] j.LocalContainerEntityManagerFactoryBean : Closing JPA EntityManagerFactory for persistence unit 'default'
2025-02-02T16:51:27.781+09:00 TRACE 512 --- [project] [SpringApplicationShutdownHook] o.h.type.spi.TypeConfiguration$Scope     : Handling #sessionFactoryClosed from [org.hibernate.internal.SessionFactoryImpl@18301763] for TypeConfiguration
2025-02-02T16:51:27.784+09:00 DEBUG 512 --- [project] [SpringApplicationShutdownHook] o.h.type.spi.TypeConfiguration$Scope     : Un-scoping TypeConfiguration [org.hibernate.type.spi.TypeConfiguration$Scope@716ae411] from SessionFactory [org.hibernate.internal.SessionFactoryImpl@18301763]
2025-02-02T16:51:27.879+09:00  INFO 512 --- [project] [SpringApplicationShutdownHook] com.zaxxer.hikari.HikariDataSource       : HikariPool-1 - Shutdown initiated...
2025-02-02T16:51:27.959+09:00  INFO 512 --- [project] [SpringApplicationShutdownHook] com.zaxxer.hikari.HikariDataSource       : HikariPool-1 - Shutdown completed.
2025-02-02T16:51:56.910+09:00  INFO 9724 --- [project] [main] com.example.project.ProjectApplication   : Starting ProjectApplication using Java 21.0.5 with PID 9724 (C:\AI\javaProject\develope\project\out\production\classes started by nsy71 in C:\AI\javaProject\develope\project)
2025-02-02T16:51:56.960+09:00  INFO 9724 --- [project] [main] com.example.project.ProjectApplication   : The following 2 profiles are active: "secret", "dev"
2025-02-02T16:52:03.328+09:00  INFO 9724 --- [project] [main] .s.d.r.c.RepositoryConfigurationDelegate : Bootstrapping Spring Data JPA repositories in DEFAULT mode.
2025-02-02T16:52:03.955+09:00  INFO 9724 --- [project] [main] .s.d.r.c.RepositoryConfigurationDelegate : Finished Spring Data repository scanning in 563 ms. Found 1 JPA repository interface.
2025-02-02T16:52:08.271+09:00  INFO 9724 --- [project] [main] o.s.b.w.embedded.tomcat.TomcatWebServer  : Tomcat initialized with port 8080 (http)
2025-02-02T16:52:08.362+09:00  INFO 9724 --- [project] [main] o.apache.catalina.core.StandardService   : Starting service [Tomcat]
2025-02-02T16:52:08.363+09:00  INFO 9724 --- [project] [main] o.apache.catalina.core.StandardEngine    : Starting Servlet engine: [Apache Tomcat/10.1.34]
2025-02-02T16:52:08.820+09:00  INFO 9724 --- [project] [main] o.a.c.c.C.[Tomcat].[localhost].[/]       : Initializing Spring embedded WebApplicationContext
2025-02-02T16:52:08.822+09:00  INFO 9724 --- [project] [main] w.s.c.ServletWebServerApplicationContext : Root WebApplicationContext: initialization completed in 11396 ms
2025-02-02T16:52:09.984+09:00  INFO 9724 --- [project] [main] o.hibernate.jpa.internal.util.LogHelper  : HHH000204: Processing PersistenceUnitInfo [name: default]
2025-02-02T16:52:10.588+09:00  INFO 9724 --- [project] [main] org.hibernate.Version                    : HHH000412: Hibernate ORM core version 6.6.5.Final
2025-02-02T16:52:10.868+09:00  INFO 9724 --- [project] [main] o.h.c.internal.RegionFactoryInitiator    : HHH000026: Second-level cache disabled
2025-02-02T16:52:11.491+09:00 DEBUG 9724 --- [project] [main] org.hibernate.type.BasicTypeRegistry     : Adding type registration boolean -> org.hibernate.type.BasicTypeReference@6d7ad0f5
2025-02-02T16:52:11.493+09:00 DEBUG 9724 --- [project] [main] org.hibernate.type.BasicTypeRegistry     : Adding type registration boolean -> org.hibernate.type.BasicTypeReference@6d7ad0f5
2025-02-02T16:52:11.495+09:00 DEBUG 9724 --- [project] [main] org.hibernate.type.BasicTypeRegistry     : Adding type registration java.lang.Boolean -> org.hibernate.type.BasicTypeReference@6d7ad0f5
2025-02-02T16:52:11.497+09:00 DEBUG 9724 --- [project] [main] org.hibernate.type.BasicTypeRegistry     : Adding type registration numeric_boolean -> org.hibernate.type.BasicTypeReference@30abf79c
2025-02-02T16:52:11.501+09:00 DEBUG 9724 --- [project] [main] org.hibernate.type.BasicTypeRegistry     : Adding type registration org.hibernate.type.NumericBooleanConverter -> org.hibernate.type.BasicTypeReference@30abf79c
2025-02-02T16:52:11.503+09:00 DEBUG 9724 --- [project] [main] org.hibernate.type.BasicTypeRegistry     : Adding type registration true_false -> org.hibernate.type.BasicTypeReference@49a38b1
2025-02-02T16:52:11.505+09:00 DEBUG 9724 --- [project] [main] org.hibernate.type.BasicTypeRegistry     : Adding type registration org.hibernate.type.TrueFalseConverter -> org.hibernate.type.BasicTypeReference@49a38b1
2025-02-02T16:52:11.514+09:00 DEBUG 9724 --- [project] [main] org.hibernate.type.BasicTypeRegistry     : Adding type registration yes_no -> org.hibernate.type.BasicTypeReference@681061d6
2025-02-02T16:52:11.517+09:00 DEBUG 9724 --- [project] [main] org.hibernate.type.BasicTypeRegistry     : Adding type registration org.hibernate.type.YesNoConverter -> org.hibernate.type.BasicTypeReference@681061d6
2025-02-02T16:52:11.519+09:00 DEBUG 9724 --- [project] [main] org.hibernate.type.BasicTypeRegistry     : Adding type registration byte -> org.hibernate.type.BasicTypeReference@53d6e959
2025-02-02T16:52:11.521+09:00 DEBUG 9724 --- [project] [main] org.hibernate.type.BasicTypeRegistry     : Adding type registration byte -> org.hibernate.type.BasicTypeReference@53d6e959
2025-02-02T16:52:11.522+09:00 DEBUG 9724 --- [project] [main] org.hibernate.type.BasicTypeRegistry     : Adding type registration java.lang.Byte -> org.hibernate.type.BasicTypeReference@53d6e959
2025-02-02T16:52:11.524+09:00 DEBUG 9724 --- [project] [main] org.hibernate.type.BasicTypeRegistry     : Adding type registration binary -> org.hibernate.type.BasicTypeReference@3caee3a8
2025-02-02T16:52:11.526+09:00 DEBUG 9724 --- [project] [main] org.hibernate.type.BasicTypeRegistry     : Adding type registration byte[] -> org.hibernate.type.BasicTypeReference@3caee3a8
2025-02-02T16:52:11.528+09:00 DEBUG 9724 --- [project] [main] org.hibernate.type.BasicTypeRegistry     : Adding type registration [B -> org.hibernate.type.BasicTypeReference@3caee3a8
2025-02-02T16:52:11.529+09:00 DEBUG 9724 --- [project] [main] org.hibernate.type.BasicTypeRegistry     : Adding type registration binary_wrapper -> org.hibernate.type.BasicTypeReference@69a40b3c
2025-02-02T16:52:11.532+09:00 DEBUG 9724 --- [project] [main] org.hibernate.type.BasicTypeRegistry     : Adding type registration wrapper-binary -> org.hibernate.type.BasicTypeReference@69a40b3c
2025-02-02T16:52:11.534+09:00 DEBUG 9724 --- [project] [main] org.hibernate.type.BasicTypeRegistry     : Adding type registration image -> org.hibernate.type.BasicTypeReference@251c90f
2025-02-02T16:52:11.536+09:00 DEBUG 9724 --- [project] [main] org.hibernate.type.BasicTypeRegistry     : Adding type registration blob -> org.hibernate.type.BasicTypeReference@6629643d
2025-02-02T16:52:11.538+09:00 DEBUG 9724 --- [project] [main] org.hibernate.type.BasicTypeRegistry     : Adding type registration java.sql.Blob -> org.hibernate.type.BasicTypeReference@6629643d
2025-02-02T16:52:11.540+09:00 DEBUG 9724 --- [project] [main] org.hibernate.type.BasicTypeRegistry     : Adding type registration materialized_blob -> org.hibernate.type.BasicTypeReference@2dd178f3
2025-02-02T16:52:11.542+09:00 DEBUG 9724 --- [project] [main] org.hibernate.type.BasicTypeRegistry     : Adding type registration materialized_blob_wrapper -> org.hibernate.type.BasicTypeReference@64656b9e
2025-02-02T16:52:11.543+09:00 DEBUG 9724 --- [project] [main] org.hibernate.type.BasicTypeRegistry     : Adding type registration short -> org.hibernate.type.BasicTypeReference@6870cfac
2025-02-02T16:52:11.545+09:00 DEBUG 9724 --- [project] [main] org.hibernate.type.BasicTypeRegistry     : Adding type registration short -> org.hibernate.type.BasicTypeReference@6870cfac
2025-02-02T16:52:11.546+09:00 DEBUG 9724 --- [project] [main] org.hibernate.type.BasicTypeRegistry     : Adding type registration java.lang.Short -> org.hibernate.type.BasicTypeReference@6870cfac
2025-02-02T16:52:11.549+09:00 DEBUG 9724 --- [project] [main] org.hibernate.type.BasicTypeRegistry     : Adding type registration integer -> org.hibernate.type.BasicTypeReference@45554613
2025-02-02T16:52:11.550+09:00 DEBUG 9724 --- [project] [main] org.hibernate.type.BasicTypeRegistry     : Adding type registration int -> org.hibernate.type.BasicTypeReference@45554613
2025-02-02T16:52:11.551+09:00 DEBUG 9724 --- [project] [main] org.hibernate.type.BasicTypeRegistry     : Adding type registration java.lang.Integer -> org.hibernate.type.BasicTypeReference@45554613
2025-02-02T16:52:11.553+09:00 DEBUG 9724 --- [project] [main] org.hibernate.type.BasicTypeRegistry     : Adding type registration long -> org.hibernate.type.BasicTypeReference@63e5b8aa
2025-02-02T16:52:11.555+09:00 DEBUG 9724 --- [project] [main] org.hibernate.type.BasicTypeRegistry     : Adding type registration long -> org.hibernate.type.BasicTypeReference@63e5b8aa
2025-02-02T16:52:11.556+09:00 DEBUG 9724 --- [project] [main] org.hibernate.type.BasicTypeRegistry     : Adding type registration java.lang.Long -> org.hibernate.type.BasicTypeReference@63e5b8aa
2025-02-02T16:52:11.558+09:00 DEBUG 9724 --- [project] [main] org.hibernate.type.BasicTypeRegistry     : Adding type registration float -> org.hibernate.type.BasicTypeReference@2c9306d3
2025-02-02T16:52:11.559+09:00 DEBUG 9724 --- [project] [main] org.hibernate.type.BasicTypeRegistry     : Adding type registration float -> org.hibernate.type.BasicTypeReference@2c9306d3
2025-02-02T16:52:11.561+09:00 DEBUG 9724 --- [project] [main] org.hibernate.type.BasicTypeRegistry     : Adding type registration java.lang.Float -> org.hibernate.type.BasicTypeReference@2c9306d3
2025-02-02T16:52:11.562+09:00 DEBUG 9724 --- [project] [main] org.hibernate.type.BasicTypeRegistry     : Adding type registration double -> org.hibernate.type.BasicTypeReference@4270b142
2025-02-02T16:52:11.565+09:00 DEBUG 9724 --- [project] [main] org.hibernate.type.BasicTypeRegistry     : Adding type registration double -> org.hibernate.type.BasicTypeReference@4270b142
2025-02-02T16:52:11.567+09:00 DEBUG 9724 --- [project] [main] org.hibernate.type.BasicTypeRegistry     : Adding type registration java.lang.Double -> org.hibernate.type.BasicTypeReference@4270b142
2025-02-02T16:52:11.570+09:00 DEBUG 9724 --- [project] [main] org.hibernate.type.BasicTypeRegistry     : Adding type registration big_integer -> org.hibernate.type.BasicTypeReference@2dfa02c1
2025-02-02T16:52:11.572+09:00 DEBUG 9724 --- [project] [main] org.hibernate.type.BasicTypeRegistry     : Adding type registration java.math.BigInteger -> org.hibernate.type.BasicTypeReference@2dfa02c1
2025-02-02T16:52:11.574+09:00 DEBUG 9724 --- [project] [main] org.hibernate.type.BasicTypeRegistry     : Adding type registration big_decimal -> org.hibernate.type.BasicTypeReference@6314df3c
2025-02-02T16:52:11.576+09:00 DEBUG 9724 --- [project] [main] org.hibernate.type.BasicTypeRegistry     : Adding type registration java.math.BigDecimal -> org.hibernate.type.BasicTypeReference@6314df3c
2025-02-02T16:52:11.578+09:00 DEBUG 9724 --- [project] [main] org.hibernate.type.BasicTypeRegistry     : Adding type registration character -> org.hibernate.type.BasicTypeReference@5785e813
2025-02-02T16:52:11.581+09:00 DEBUG 9724 --- [project] [main] org.hibernate.type.BasicTypeRegistry     : Adding type registration char -> org.hibernate.type.BasicTypeReference@5785e813
2025-02-02T16:52:11.583+09:00 DEBUG 9724 --- [project] [main] org.hibernate.type.BasicTypeRegistry     : Adding type registration java.lang.Character -> org.hibernate.type.BasicTypeReference@5785e813
2025-02-02T16:52:11.585+09:00 DEBUG 9724 --- [project] [main] org.hibernate.type.BasicTypeRegistry     : Adding type registration character_nchar -> org.hibernate.type.BasicTypeReference@10b8b900
2025-02-02T16:52:11.587+09:00 DEBUG 9724 --- [project] [main] org.hibernate.type.BasicTypeRegistry     : Adding type registration string -> org.hibernate.type.BasicTypeReference@6d294ddc
2025-02-02T16:52:11.589+09:00 DEBUG 9724 --- [project] [main] org.hibernate.type.BasicTypeRegistry     : Adding type registration java.lang.String -> org.hibernate.type.BasicTypeReference@6d294ddc
2025-02-02T16:52:11.591+09:00 DEBUG 9724 --- [project] [main] org.hibernate.type.BasicTypeRegistry     : Adding type registration nstring -> org.hibernate.type.BasicTypeReference@2801827a
2025-02-02T16:52:11.593+09:00 DEBUG 9724 --- [project] [main] org.hibernate.type.BasicTypeRegistry     : Adding type registration characters -> org.hibernate.type.BasicTypeReference@50bc3219
2025-02-02T16:52:11.594+09:00 DEBUG 9724 --- [project] [main] org.hibernate.type.BasicTypeRegistry     : Adding type registration char[] -> org.hibernate.type.BasicTypeReference@50bc3219
2025-02-02T16:52:11.598+09:00 DEBUG 9724 --- [project] [main] org.hibernate.type.BasicTypeRegistry     : Adding type registration [C -> org.hibernate.type.BasicTypeReference@50bc3219
2025-02-02T16:52:11.599+09:00 DEBUG 9724 --- [project] [main] org.hibernate.type.BasicTypeRegistry     : Adding type registration wrapper-characters -> org.hibernate.type.BasicTypeReference@599f1b7
2025-02-02T16:52:11.601+09:00 DEBUG 9724 --- [project] [main] org.hibernate.type.BasicTypeRegistry     : Adding type registration text -> org.hibernate.type.BasicTypeReference@22791b75
2025-02-02T16:52:11.603+09:00 DEBUG 9724 --- [project] [main] org.hibernate.type.BasicTypeRegistry     : Adding type registration ntext -> org.hibernate.type.BasicTypeReference@64f4f12
2025-02-02T16:52:11.604+09:00 DEBUG 9724 --- [project] [main] org.hibernate.type.BasicTypeRegistry     : Adding type registration clob -> org.hibernate.type.BasicTypeReference@37d28938
2025-02-02T16:52:11.606+09:00 DEBUG 9724 --- [project] [main] org.hibernate.type.BasicTypeRegistry     : Adding type registration java.sql.Clob -> org.hibernate.type.BasicTypeReference@37d28938
2025-02-02T16:52:11.607+09:00 DEBUG 9724 --- [project] [main] org.hibernate.type.BasicTypeRegistry     : Adding type registration nclob -> org.hibernate.type.BasicTypeReference@7d0cd23c
2025-02-02T16:52:11.608+09:00 DEBUG 9724 --- [project] [main] org.hibernate.type.BasicTypeRegistry     : Adding type registration java.sql.NClob -> org.hibernate.type.BasicTypeReference@7d0cd23c
2025-02-02T16:52:11.610+09:00 DEBUG 9724 --- [project] [main] org.hibernate.type.BasicTypeRegistry     : Adding type registration materialized_clob -> org.hibernate.type.BasicTypeReference@17c4dc5b
2025-02-02T16:52:11.611+09:00 DEBUG 9724 --- [project] [main] org.hibernate.type.BasicTypeRegistry     : Adding type registration materialized_clob_char_array -> org.hibernate.type.BasicTypeReference@6b0f266e
2025-02-02T16:52:11.613+09:00 DEBUG 9724 --- [project] [main] org.hibernate.type.BasicTypeRegistry     : Adding type registration materialized_clob_character_array -> org.hibernate.type.BasicTypeReference@4837f97e
2025-02-02T16:52:11.614+09:00 DEBUG 9724 --- [project] [main] org.hibernate.type.BasicTypeRegistry     : Adding type registration materialized_nclob -> org.hibernate.type.BasicTypeReference@53314f76
2025-02-02T16:52:11.616+09:00 DEBUG 9724 --- [project] [main] org.hibernate.type.BasicTypeRegistry     : Adding type registration materialized_nclob_character_array -> org.hibernate.type.BasicTypeReference@62a6674f
2025-02-02T16:52:11.617+09:00 DEBUG 9724 --- [project] [main] org.hibernate.type.BasicTypeRegistry     : Adding type registration materialized_nclob_char_array -> org.hibernate.type.BasicTypeReference@70881123
2025-02-02T16:52:11.619+09:00 DEBUG 9724 --- [project] [main] org.hibernate.type.BasicTypeRegistry     : Adding type registration Duration -> org.hibernate.type.BasicTypeReference@703fa45
2025-02-02T16:52:11.620+09:00 DEBUG 9724 --- [project] [main] org.hibernate.type.BasicTypeRegistry     : Adding type registration java.time.Duration -> org.hibernate.type.BasicTypeReference@703fa45
2025-02-02T16:52:11.622+09:00 DEBUG 9724 --- [project] [main] org.hibernate.type.BasicTypeRegistry     : Adding type registration LocalDateTime -> org.hibernate.type.BasicTypeReference@5e905f2c
2025-02-02T16:52:11.623+09:00 DEBUG 9724 --- [project] [main] org.hibernate.type.BasicTypeRegistry     : Adding type registration java.time.LocalDateTime -> org.hibernate.type.BasicTypeReference@5e905f2c
2025-02-02T16:52:11.625+09:00 DEBUG 9724 --- [project] [main] org.hibernate.type.BasicTypeRegistry     : Adding type registration LocalDate -> org.hibernate.type.BasicTypeReference@fddd7ae
2025-02-02T16:52:11.626+09:00 DEBUG 9724 --- [project] [main] org.hibernate.type.BasicTypeRegistry     : Adding type registration java.time.LocalDate -> org.hibernate.type.BasicTypeReference@fddd7ae
2025-02-02T16:52:11.629+09:00 DEBUG 9724 --- [project] [main] org.hibernate.type.BasicTypeRegistry     : Adding type registration LocalTime -> org.hibernate.type.BasicTypeReference@3f6cce7f
2025-02-02T16:52:11.630+09:00 DEBUG 9724 --- [project] [main] org.hibernate.type.BasicTypeRegistry     : Adding type registration java.time.LocalTime -> org.hibernate.type.BasicTypeReference@3f6cce7f
2025-02-02T16:52:11.632+09:00 DEBUG 9724 --- [project] [main] org.hibernate.type.BasicTypeRegistry     : Adding type registration OffsetDateTime -> org.hibernate.type.BasicTypeReference@2725ca05
2025-02-02T16:52:11.633+09:00 DEBUG 9724 --- [project] [main] org.hibernate.type.BasicTypeRegistry     : Adding type registration java.time.OffsetDateTime -> org.hibernate.type.BasicTypeReference@2725ca05
2025-02-02T16:52:11.636+09:00 DEBUG 9724 --- [project] [main] org.hibernate.type.BasicTypeRegistry     : Adding type registration OffsetDateTimeWithTimezone -> org.hibernate.type.BasicTypeReference@7b9088f2
2025-02-02T16:52:11.638+09:00 DEBUG 9724 --- [project] [main] org.hibernate.type.BasicTypeRegistry     : Adding type registration OffsetDateTimeWithoutTimezone -> org.hibernate.type.BasicTypeReference@1a914089
2025-02-02T16:52:11.640+09:00 DEBUG 9724 --- [project] [main] org.hibernate.type.BasicTypeRegistry     : Adding type registration OffsetTime -> org.hibernate.type.BasicTypeReference@43d76a92
2025-02-02T16:52:11.642+09:00 DEBUG 9724 --- [project] [main] org.hibernate.type.BasicTypeRegistry     : Adding type registration java.time.OffsetTime -> org.hibernate.type.BasicTypeReference@43d76a92
2025-02-02T16:52:11.644+09:00 DEBUG 9724 --- [project] [main] org.hibernate.type.BasicTypeRegistry     : Adding type registration OffsetTimeUtc -> org.hibernate.type.BasicTypeReference@4a2bf50f
2025-02-02T16:52:11.645+09:00 DEBUG 9724 --- [project] [main] org.hibernate.type.BasicTypeRegistry     : Adding type registration OffsetTimeWithTimezone -> org.hibernate.type.BasicTypeReference@350323a0
2025-02-02T16:52:11.646+09:00 DEBUG 9724 --- [project] [main] org.hibernate.type.BasicTypeRegistry     : Adding type registration OffsetTimeWithoutTimezone -> org.hibernate.type.BasicTypeReference@2506b881
2025-02-02T16:52:11.647+09:00 DEBUG 9724 --- [project] [main] org.hibernate.type.BasicTypeRegistry     : Adding type registration ZonedDateTime -> org.hibernate.type.BasicTypeReference@5d7dd549
2025-02-02T16:52:11.648+09:00 DEBUG 9724 --- [project] [main] org.hibernate.type.BasicTypeRegistry     : Adding type registration java.time.ZonedDateTime -> org.hibernate.type.BasicTypeReference@5d7dd549
2025-02-02T16:52:11.650+09:00 DEBUG 9724 --- [project] [main] org.hibernate.type.BasicTypeRegistry     : Adding type registration ZonedDateTimeWithTimezone -> org.hibernate.type.BasicTypeReference@486bd064
2025-02-02T16:52:11.651+09:00 DEBUG 9724 --- [project] [main] org.hibernate.type.BasicTypeRegistry     : Adding type registration ZonedDateTimeWithoutTimezone -> org.hibernate.type.BasicTypeReference@6459f4ea
2025-02-02T16:52:11.652+09:00 DEBUG 9724 --- [project] [main] org.hibernate.type.BasicTypeRegistry     : Adding type registration date -> org.hibernate.type.BasicTypeReference@740b9a50
2025-02-02T16:52:11.653+09:00 DEBUG 9724 --- [project] [main] org.hibernate.type.BasicTypeRegistry     : Adding type registration java.sql.Date -> org.hibernate.type.BasicTypeReference@740b9a50
2025-02-02T16:52:11.655+09:00 DEBUG 9724 --- [project] [main] org.hibernate.type.BasicTypeRegistry     : Adding type registration time -> org.hibernate.type.BasicTypeReference@476fde05
2025-02-02T16:52:11.656+09:00 DEBUG 9724 --- [project] [main] org.hibernate.type.BasicTypeRegistry     : Adding type registration java.sql.Time -> org.hibernate.type.BasicTypeReference@476fde05
2025-02-02T16:52:11.658+09:00 DEBUG 9724 --- [project] [main] org.hibernate.type.BasicTypeRegistry     : Adding type registration timestamp -> org.hibernate.type.BasicTypeReference@5111de7c
2025-02-02T16:52:11.660+09:00 DEBUG 9724 --- [project] [main] org.hibernate.type.BasicTypeRegistry     : Adding type registration java.sql.Timestamp -> org.hibernate.type.BasicTypeReference@5111de7c
2025-02-02T16:52:11.662+09:00 DEBUG 9724 --- [project] [main] org.hibernate.type.BasicTypeRegistry     : Adding type registration java.util.Date -> org.hibernate.type.BasicTypeReference@5111de7c
2025-02-02T16:52:11.663+09:00 DEBUG 9724 --- [project] [main] org.hibernate.type.BasicTypeRegistry     : Adding type registration calendar -> org.hibernate.type.BasicTypeReference@7ac48e10
2025-02-02T16:52:11.664+09:00 DEBUG 9724 --- [project] [main] org.hibernate.type.BasicTypeRegistry     : Adding type registration java.util.Calendar -> org.hibernate.type.BasicTypeReference@7ac48e10
2025-02-02T16:52:11.665+09:00 DEBUG 9724 --- [project] [main] org.hibernate.type.BasicTypeRegistry     : Adding type registration java.util.GregorianCalendar -> org.hibernate.type.BasicTypeReference@7ac48e10
2025-02-02T16:52:11.667+09:00 DEBUG 9724 --- [project] [main] org.hibernate.type.BasicTypeRegistry     : Adding type registration calendar_date -> org.hibernate.type.BasicTypeReference@52354202
2025-02-02T16:52:11.668+09:00 DEBUG 9724 --- [project] [main] org.hibernate.type.BasicTypeRegistry     : Adding type registration calendar_time -> org.hibernate.type.BasicTypeReference@6b1321b7
2025-02-02T16:52:11.669+09:00 DEBUG 9724 --- [project] [main] org.hibernate.type.BasicTypeRegistry     : Adding type registration instant -> org.hibernate.type.BasicTypeReference@342ee097
2025-02-02T16:52:11.670+09:00 DEBUG 9724 --- [project] [main] org.hibernate.type.BasicTypeRegistry     : Adding type registration java.time.Instant -> org.hibernate.type.BasicTypeReference@342ee097
2025-02-02T16:52:11.672+09:00 DEBUG 9724 --- [project] [main] org.hibernate.type.BasicTypeRegistry     : Adding type registration uuid -> org.hibernate.type.BasicTypeReference@6ac45c0c
2025-02-02T16:52:11.673+09:00 DEBUG 9724 --- [project] [main] org.hibernate.type.BasicTypeRegistry     : Adding type registration java.util.UUID -> org.hibernate.type.BasicTypeReference@6ac45c0c
2025-02-02T16:52:11.674+09:00 DEBUG 9724 --- [project] [main] org.hibernate.type.BasicTypeRegistry     : Adding type registration pg-uuid -> org.hibernate.type.BasicTypeReference@6ac45c0c
2025-02-02T16:52:11.676+09:00 DEBUG 9724 --- [project] [main] org.hibernate.type.BasicTypeRegistry     : Adding type registration uuid-binary -> org.hibernate.type.BasicTypeReference@12192604
2025-02-02T16:52:11.678+09:00 DEBUG 9724 --- [project] [main] org.hibernate.type.BasicTypeRegistry     : Adding type registration uuid-char -> org.hibernate.type.BasicTypeReference@6075b369
2025-02-02T16:52:11.679+09:00 DEBUG 9724 --- [project] [main] org.hibernate.type.BasicTypeRegistry     : Adding type registration class -> org.hibernate.type.BasicTypeReference@231cdda8
2025-02-02T16:52:11.680+09:00 DEBUG 9724 --- [project] [main] org.hibernate.type.BasicTypeRegistry     : Adding type registration java.lang.Class -> org.hibernate.type.BasicTypeReference@231cdda8
2025-02-02T16:52:11.681+09:00 DEBUG 9724 --- [project] [main] org.hibernate.type.BasicTypeRegistry     : Adding type registration currency -> org.hibernate.type.BasicTypeReference@6b70d1fb
2025-02-02T16:52:11.682+09:00 DEBUG 9724 --- [project] [main] org.hibernate.type.BasicTypeRegistry     : Adding type registration Currency -> org.hibernate.type.BasicTypeReference@6b70d1fb
2025-02-02T16:52:11.683+09:00 DEBUG 9724 --- [project] [main] org.hibernate.type.BasicTypeRegistry     : Adding type registration java.util.Currency -> org.hibernate.type.BasicTypeReference@6b70d1fb
2025-02-02T16:52:11.684+09:00 DEBUG 9724 --- [project] [main] org.hibernate.type.BasicTypeRegistry     : Adding type registration locale -> org.hibernate.type.BasicTypeReference@3002e397
2025-02-02T16:52:11.686+09:00 DEBUG 9724 --- [project] [main] org.hibernate.type.BasicTypeRegistry     : Adding type registration java.util.Locale -> org.hibernate.type.BasicTypeReference@3002e397
2025-02-02T16:52:11.687+09:00 DEBUG 9724 --- [project] [main] org.hibernate.type.BasicTypeRegistry     : Adding type registration serializable -> org.hibernate.type.BasicTypeReference@7da1e005
2025-02-02T16:52:11.688+09:00 DEBUG 9724 --- [project] [main] org.hibernate.type.BasicTypeRegistry     : Adding type registration java.io.Serializable -> org.hibernate.type.BasicTypeReference@7da1e005
2025-02-02T16:52:11.690+09:00 DEBUG 9724 --- [project] [main] org.hibernate.type.BasicTypeRegistry     : Adding type registration timezone -> org.hibernate.type.BasicTypeReference@38159384
2025-02-02T16:52:11.692+09:00 DEBUG 9724 --- [project] [main] org.hibernate.type.BasicTypeRegistry     : Adding type registration java.util.TimeZone -> org.hibernate.type.BasicTypeReference@38159384
2025-02-02T16:52:11.693+09:00 DEBUG 9724 --- [project] [main] org.hibernate.type.BasicTypeRegistry     : Adding type registration ZoneOffset -> org.hibernate.type.BasicTypeReference@55877274
2025-02-02T16:52:11.695+09:00 DEBUG 9724 --- [project] [main] org.hibernate.type.BasicTypeRegistry     : Adding type registration java.time.ZoneOffset -> org.hibernate.type.BasicTypeReference@55877274
2025-02-02T16:52:11.696+09:00 DEBUG 9724 --- [project] [main] org.hibernate.type.BasicTypeRegistry     : Adding type registration url -> org.hibernate.type.BasicTypeReference@723e2d08
2025-02-02T16:52:11.697+09:00 DEBUG 9724 --- [project] [main] org.hibernate.type.BasicTypeRegistry     : Adding type registration java.net.URL -> org.hibernate.type.BasicTypeReference@723e2d08
2025-02-02T16:52:11.698+09:00 DEBUG 9724 --- [project] [main] org.hibernate.type.BasicTypeRegistry     : Adding type registration vector -> org.hibernate.type.BasicTypeReference@6d4a82
2025-02-02T16:52:11.699+09:00 DEBUG 9724 --- [project] [main] org.hibernate.type.BasicTypeRegistry     : Adding type registration float_vector -> org.hibernate.type.BasicTypeReference@14f060b8
2025-02-02T16:52:11.700+09:00 DEBUG 9724 --- [project] [main] org.hibernate.type.BasicTypeRegistry     : Adding type registration double_vector -> org.hibernate.type.BasicTypeReference@7a0ab480
2025-02-02T16:52:11.702+09:00 DEBUG 9724 --- [project] [main] org.hibernate.type.BasicTypeRegistry     : Adding type registration byte_vector -> org.hibernate.type.BasicTypeReference@79df80a4
2025-02-02T16:52:11.703+09:00 DEBUG 9724 --- [project] [main] org.hibernate.type.BasicTypeRegistry     : Adding type registration row_version -> org.hibernate.type.BasicTypeReference@130cfc47
2025-02-02T16:52:11.875+09:00 DEBUG 9724 --- [project] [main] org.hibernate.type.BasicTypeRegistry     : Adding type registration object -> org.hibernate.type.JavaObjectType@67f946c3
2025-02-02T16:52:11.878+09:00 DEBUG 9724 --- [project] [main] org.hibernate.type.BasicTypeRegistry     : Adding type registration java.lang.Object -> org.hibernate.type.JavaObjectType@67f946c3
2025-02-02T16:52:11.894+09:00 DEBUG 9724 --- [project] [main] org.hibernate.type.BasicTypeRegistry     : Adding type registration null -> org.hibernate.type.NullType@1b8aaeab
2025-02-02T16:52:11.896+09:00 DEBUG 9724 --- [project] [main] org.hibernate.type.BasicTypeRegistry     : Adding type registration imm_date -> org.hibernate.type.BasicTypeReference@5d1bdd4a
2025-02-02T16:52:11.898+09:00 DEBUG 9724 --- [project] [main] org.hibernate.type.BasicTypeRegistry     : Adding type registration imm_time -> org.hibernate.type.BasicTypeReference@6812c8cc
2025-02-02T16:52:11.901+09:00 DEBUG 9724 --- [project] [main] org.hibernate.type.BasicTypeRegistry     : Adding type registration imm_timestamp -> org.hibernate.type.BasicTypeReference@3457cc8d
2025-02-02T16:52:11.904+09:00 DEBUG 9724 --- [project] [main] org.hibernate.type.BasicTypeRegistry     : Adding type registration imm_calendar -> org.hibernate.type.BasicTypeReference@7a66c35a
2025-02-02T16:52:11.906+09:00 DEBUG 9724 --- [project] [main] org.hibernate.type.BasicTypeRegistry     : Adding type registration imm_calendar_date -> org.hibernate.type.BasicTypeReference@7994a0d1
2025-02-02T16:52:11.908+09:00 DEBUG 9724 --- [project] [main] org.hibernate.type.BasicTypeRegistry     : Adding type registration imm_calendar_time -> org.hibernate.type.BasicTypeReference@73e4387
2025-02-02T16:52:11.909+09:00 DEBUG 9724 --- [project] [main] org.hibernate.type.BasicTypeRegistry     : Adding type registration imm_binary -> org.hibernate.type.BasicTypeReference@d87d449
2025-02-02T16:52:11.910+09:00 DEBUG 9724 --- [project] [main] org.hibernate.type.BasicTypeRegistry     : Adding type registration imm_serializable -> org.hibernate.type.BasicTypeReference@4137aab0
2025-02-02T16:52:13.267+09:00  INFO 9724 --- [project] [main] o.s.o.j.p.SpringPersistenceUnitInfo      : No LoadTimeWeaver setup: ignoring JPA class transformer
2025-02-02T16:52:13.458+09:00  INFO 9724 --- [project] [main] com.zaxxer.hikari.HikariDataSource       : HikariPool-1 - Starting...
2025-02-02T16:52:14.438+09:00  INFO 9724 --- [project] [main] com.zaxxer.hikari.pool.HikariPool        : HikariPool-1 - Added connection conn0: url=jdbc:h2:mem:test user=SA
2025-02-02T16:52:14.448+09:00  INFO 9724 --- [project] [main] com.zaxxer.hikari.HikariDataSource       : HikariPool-1 - Start completed.
2025-02-02T16:52:14.735+09:00  INFO 9724 --- [project] [main] org.hibernate.orm.connections.pooling    : HHH10001005: Database info:
	Database JDBC URL [Connecting through datasource 'HikariDataSource (HikariPool-1)']
	Database driver: undefined/unknown
	Database version: 2.3.232
	Autocommit mode: undefined/unknown
	Isolation level: undefined/unknown
	Minimum pool size: undefined/unknown
	Maximum pool size: undefined/unknown
2025-02-02T16:52:14.782+09:00 DEBUG 9724 --- [project] [main] o.h.t.d.jdbc.spi.JdbcTypeRegistry        : addDescriptor(NCharTypeDescriptor) replaced previous registration(CharTypeDescriptor)
2025-02-02T16:52:14.783+09:00 DEBUG 9724 --- [project] [main] o.h.t.d.jdbc.spi.JdbcTypeRegistry        : addDescriptor(NVarcharTypeDescriptor) replaced previous registration(VarcharTypeDescriptor)
2025-02-02T16:52:14.786+09:00 DEBUG 9724 --- [project] [main] o.h.t.d.jdbc.spi.JdbcTypeRegistry        : addDescriptor(LongNVarcharTypeDescriptor) replaced previous registration(LongVarcharTypeDescriptor)
2025-02-02T16:52:14.803+09:00 DEBUG 9724 --- [project] [main] o.h.t.d.jdbc.spi.JdbcTypeRegistry        : addDescriptor(NClobTypeDescriptor(DEFAULT)) replaced previous registration(ClobTypeDescriptor(DEFAULT))
2025-02-02T16:52:14.811+09:00 DEBUG 9724 --- [project] [main] o.h.t.d.jdbc.spi.JdbcTypeRegistry        : addDescriptor(TimestampUtcDescriptor) replaced previous registration(TimestampUtcDescriptor)
2025-02-02T16:52:14.835+09:00 DEBUG 9724 --- [project] [main] org.hibernate.type.BasicTypeRegistry     : Adding type registration org.hibernate.type.DurationType -> basicType@1(java.time.Duration,3015)
2025-02-02T16:52:14.837+09:00 DEBUG 9724 --- [project] [main] org.hibernate.type.BasicTypeRegistry     : Adding type registration Duration -> basicType@1(java.time.Duration,3015)
2025-02-02T16:52:14.838+09:00 DEBUG 9724 --- [project] [main] org.hibernate.type.BasicTypeRegistry     : Adding type registration java.time.Duration -> basicType@1(java.time.Duration,3015)
2025-02-02T16:52:14.858+09:00 DEBUG 9724 --- [project] [main] o.h.type.spi.TypeConfiguration$Scope     : Scoping TypeConfiguration [org.hibernate.type.spi.TypeConfiguration@698ac187] to MetadataBuildingContext [org.hibernate.boot.internal.MetadataBuildingContextRootImpl@4fea5ee0]
2025-02-02T16:52:19.381+09:00  INFO 9724 --- [project] [main] o.h.e.t.j.p.i.JtaPlatformInitiator       : HHH000489: No JTA platform available (set 'hibernate.transaction.jta.platform' to enable JTA platform integration)
2025-02-02T16:52:19.384+09:00 DEBUG 9724 --- [project] [main] o.h.type.spi.TypeConfiguration$Scope     : Scoping TypeConfiguration [org.hibernate.type.spi.TypeConfiguration@698ac187] to SessionFactoryImplementor [org.hibernate.internal.SessionFactoryImpl@156eeff1]
2025-02-02T16:52:19.545+09:00 TRACE 9724 --- [project] [main] o.h.type.spi.TypeConfiguration$Scope     : Handling #sessionFactoryCreated from [org.hibernate.internal.SessionFactoryImpl@156eeff1] for TypeConfiguration
2025-02-02T16:52:19.547+09:00  INFO 9724 --- [project] [main] j.LocalContainerEntityManagerFactoryBean : Initialized JPA EntityManagerFactory for persistence unit 'default'
2025-02-02T16:52:22.712+09:00  WARN 9724 --- [project] [main] .s.s.UserDetailsServiceAutoConfiguration : 

Using generated security password: 9fd4d947-a2fe-4cca-a7ce-42d7ff06934d

This generated password is for development use only. Your security configuration must be updated before running your application in production.

2025-02-02T16:52:22.757+09:00  INFO 9724 --- [project] [main] r$InitializeUserDetailsManagerConfigurer : Global AuthenticationManager configured with UserDetailsService bean with name inMemoryUserDetailsManager
2025-02-02T16:52:26.090+09:00  INFO 9724 --- [project] [main] o.s.b.a.h2.H2ConsoleAutoConfiguration    : H2 console available at '/h2-console'. Database available at 'jdbc:h2:mem:test'
2025-02-02T16:52:26.609+09:00  INFO 9724 --- [project] [main] o.s.b.w.embedded.tomcat.TomcatWebServer  : Tomcat started on port 8080 (http) with context path '/'
2025-02-02T16:52:26.706+09:00  INFO 9724 --- [project] [main] com.example.project.ProjectApplication   : Started ProjectApplication in 33.949 seconds (process running for 37.186)
2025-02-02T16:52:37.532+09:00  INFO 9724 --- [project] [http-nio-8080-exec-1] o.a.c.c.C.[Tomcat].[localhost].[/]       : Initializing Spring DispatcherServlet 'dispatcherServlet'
2025-02-02T16:52:37.533+09:00  INFO 9724 --- [project] [http-nio-8080-exec-1] o.s.web.servlet.DispatcherServlet        : Initializing Servlet 'dispatcherServlet'
2025-02-02T16:52:37.539+09:00  INFO 9724 --- [project] [http-nio-8080-exec-1] o.s.web.servlet.DispatcherServlet        : Completed initialization in 5 ms
2025-02-02T17:20:43.638+09:00  WARN 9724 --- [project] [HikariPool-1 housekeeper] com.zaxxer.hikari.pool.HikariPool        : HikariPool-1 - Thread starvation or clock leap detected (housekeeper delta=25m59s159ms248µs900ns).
2025-02-02T17:24:43.982+09:00  INFO 9724 --- [project] [SpringApplicationShutdownHook] o.s.b.w.e.tomcat.GracefulShutdown        : Commencing graceful shutdown. Waiting for active requests to complete
2025-02-02T17:24:44.359+09:00  INFO 9724 --- [project] [tomcat-shutdown] o.s.b.w.e.tomcat.GracefulShutdown        : Graceful shutdown complete
2025-02-02T17:24:44.464+09:00  INFO 9724 --- [project] [SpringApplicationShutdownHook] j.LocalContainerEntityManagerFactoryBean : Closing JPA EntityManagerFactory for persistence unit 'default'
2025-02-02T17:24:44.524+09:00 TRACE 9724 --- [project] [SpringApplicationShutdownHook] o.h.type.spi.TypeConfiguration$Scope     : Handling #sessionFactoryClosed from [org.hibernate.internal.SessionFactoryImpl@156eeff1] for TypeConfiguration
2025-02-02T17:24:44.527+09:00 DEBUG 9724 --- [project] [SpringApplicationShutdownHook] o.h.type.spi.TypeConfiguration$Scope     : Un-scoping TypeConfiguration [org.hibernate.type.spi.TypeConfiguration$Scope@283bb83c] from SessionFactory [org.hibernate.internal.SessionFactoryImpl@156eeff1]
2025-02-02T17:24:44.567+09:00  INFO 9724 --- [project] [SpringApplicationShutdownHook] com.zaxxer.hikari.HikariDataSource       : HikariPool-1 - Shutdown initiated...
2025-02-02T17:24:44.637+09:00  INFO 9724 --- [project] [SpringApplicationShutdownHook] com.zaxxer.hikari.HikariDataSource       : HikariPool-1 - Shutdown completed.
2025-02-02T17:25:12.255+09:00  INFO 7584 --- [project] [main] com.example.project.ProjectApplication   : Starting ProjectApplication using Java 21.0.5 with PID 7584 (C:\AI\javaProject\develope\project\out\production\classes started by nsy71 in C:\AI\javaProject\develope\project)
2025-02-02T17:25:12.273+09:00  INFO 7584 --- [project] [main] com.example.project.ProjectApplication   : The following 2 profiles are active: "secret", "dev"
2025-02-02T17:25:20.896+09:00  INFO 7584 --- [project] [main] .s.d.r.c.RepositoryConfigurationDelegate : Bootstrapping Spring Data JPA repositories in DEFAULT mode.
2025-02-02T17:25:21.456+09:00  INFO 7584 --- [project] [main] .s.d.r.c.RepositoryConfigurationDelegate : Finished Spring Data repository scanning in 486 ms. Found 1 JPA repository interface.
2025-02-02T17:25:26.400+09:00  INFO 7584 --- [project] [main] o.s.b.w.embedded.tomcat.TomcatWebServer  : Tomcat initialized with port 8080 (http)
2025-02-02T17:25:26.492+09:00  INFO 7584 --- [project] [main] o.apache.catalina.core.StandardService   : Starting service [Tomcat]
2025-02-02T17:25:26.494+09:00  INFO 7584 --- [project] [main] o.apache.catalina.core.StandardEngine    : Starting Servlet engine: [Apache Tomcat/10.1.34]
2025-02-02T17:25:26.972+09:00  INFO 7584 --- [project] [main] o.a.c.c.C.[Tomcat].[localhost].[/]       : Initializing Spring embedded WebApplicationContext
2025-02-02T17:25:26.975+09:00  INFO 7584 --- [project] [main] w.s.c.ServletWebServerApplicationContext : Root WebApplicationContext: initialization completed in 14291 ms
2025-02-02T17:25:28.271+09:00  INFO 7584 --- [project] [main] o.hibernate.jpa.internal.util.LogHelper  : HHH000204: Processing PersistenceUnitInfo [name: default]
2025-02-02T17:25:28.854+09:00  INFO 7584 --- [project] [main] org.hibernate.Version                    : HHH000412: Hibernate ORM core version 6.6.5.Final
2025-02-02T17:25:29.123+09:00  INFO 7584 --- [project] [main] o.h.c.internal.RegionFactoryInitiator    : HHH000026: Second-level cache disabled
2025-02-02T17:25:29.754+09:00 DEBUG 7584 --- [project] [main] org.hibernate.type.BasicTypeRegistry     : Adding type registration boolean -> org.hibernate.type.BasicTypeReference@10b8b900
2025-02-02T17:25:29.758+09:00 DEBUG 7584 --- [project] [main] org.hibernate.type.BasicTypeRegistry     : Adding type registration boolean -> org.hibernate.type.BasicTypeReference@10b8b900
2025-02-02T17:25:29.761+09:00 DEBUG 7584 --- [project] [main] org.hibernate.type.BasicTypeRegistry     : Adding type registration java.lang.Boolean -> org.hibernate.type.BasicTypeReference@10b8b900
2025-02-02T17:25:29.763+09:00 DEBUG 7584 --- [project] [main] org.hibernate.type.BasicTypeRegistry     : Adding type registration numeric_boolean -> org.hibernate.type.BasicTypeReference@6d294ddc
2025-02-02T17:25:29.766+09:00 DEBUG 7584 --- [project] [main] org.hibernate.type.BasicTypeRegistry     : Adding type registration org.hibernate.type.NumericBooleanConverter -> org.hibernate.type.BasicTypeReference@6d294ddc
2025-02-02T17:25:29.768+09:00 DEBUG 7584 --- [project] [main] org.hibernate.type.BasicTypeRegistry     : Adding type registration true_false -> org.hibernate.type.BasicTypeReference@2801827a
2025-02-02T17:25:29.769+09:00 DEBUG 7584 --- [project] [main] org.hibernate.type.BasicTypeRegistry     : Adding type registration org.hibernate.type.TrueFalseConverter -> org.hibernate.type.BasicTypeReference@2801827a
2025-02-02T17:25:29.771+09:00 DEBUG 7584 --- [project] [main] org.hibernate.type.BasicTypeRegistry     : Adding type registration yes_no -> org.hibernate.type.BasicTypeReference@50bc3219
2025-02-02T17:25:29.777+09:00 DEBUG 7584 --- [project] [main] org.hibernate.type.BasicTypeRegistry     : Adding type registration org.hibernate.type.YesNoConverter -> org.hibernate.type.BasicTypeReference@50bc3219
2025-02-02T17:25:29.780+09:00 DEBUG 7584 --- [project] [main] org.hibernate.type.BasicTypeRegistry     : Adding type registration byte -> org.hibernate.type.BasicTypeReference@599f1b7
2025-02-02T17:25:29.782+09:00 DEBUG 7584 --- [project] [main] org.hibernate.type.BasicTypeRegistry     : Adding type registration byte -> org.hibernate.type.BasicTypeReference@599f1b7
2025-02-02T17:25:29.784+09:00 DEBUG 7584 --- [project] [main] org.hibernate.type.BasicTypeRegistry     : Adding type registration java.lang.Byte -> org.hibernate.type.BasicTypeReference@599f1b7
2025-02-02T17:25:29.787+09:00 DEBUG 7584 --- [project] [main] org.hibernate.type.BasicTypeRegistry     : Adding type registration binary -> org.hibernate.type.BasicTypeReference@22791b75
2025-02-02T17:25:29.790+09:00 DEBUG 7584 --- [project] [main] org.hibernate.type.BasicTypeRegistry     : Adding type registration byte[] -> org.hibernate.type.BasicTypeReference@22791b75
2025-02-02T17:25:29.793+09:00 DEBUG 7584 --- [project] [main] org.hibernate.type.BasicTypeRegistry     : Adding type registration [B -> org.hibernate.type.BasicTypeReference@22791b75
2025-02-02T17:25:29.795+09:00 DEBUG 7584 --- [project] [main] org.hibernate.type.BasicTypeRegistry     : Adding type registration binary_wrapper -> org.hibernate.type.BasicTypeReference@64f4f12
2025-02-02T17:25:29.797+09:00 DEBUG 7584 --- [project] [main] org.hibernate.type.BasicTypeRegistry     : Adding type registration wrapper-binary -> org.hibernate.type.BasicTypeReference@64f4f12
2025-02-02T17:25:29.799+09:00 DEBUG 7584 --- [project] [main] org.hibernate.type.BasicTypeRegistry     : Adding type registration image -> org.hibernate.type.BasicTypeReference@37d28938
2025-02-02T17:25:29.801+09:00 DEBUG 7584 --- [project] [main] org.hibernate.type.BasicTypeRegistry     : Adding type registration blob -> org.hibernate.type.BasicTypeReference@7d0cd23c
2025-02-02T17:25:29.804+09:00 DEBUG 7584 --- [project] [main] org.hibernate.type.BasicTypeRegistry     : Adding type registration java.sql.Blob -> org.hibernate.type.BasicTypeReference@7d0cd23c
2025-02-02T17:25:29.807+09:00 DEBUG 7584 --- [project] [main] org.hibernate.type.BasicTypeRegistry     : Adding type registration materialized_blob -> org.hibernate.type.BasicTypeReference@17c4dc5b
2025-02-02T17:25:29.810+09:00 DEBUG 7584 --- [project] [main] org.hibernate.type.BasicTypeRegistry     : Adding type registration materialized_blob_wrapper -> org.hibernate.type.BasicTypeReference@6b0f266e
2025-02-02T17:25:29.811+09:00 DEBUG 7584 --- [project] [main] org.hibernate.type.BasicTypeRegistry     : Adding type registration short -> org.hibernate.type.BasicTypeReference@4837f97e
2025-02-02T17:25:29.813+09:00 DEBUG 7584 --- [project] [main] org.hibernate.type.BasicTypeRegistry     : Adding type registration short -> org.hibernate.type.BasicTypeReference@4837f97e
2025-02-02T17:25:29.814+09:00 DEBUG 7584 --- [project] [main] org.hibernate.type.BasicTypeRegistry     : Adding type registration java.lang.Short -> org.hibernate.type.BasicTypeReference@4837f97e
2025-02-02T17:25:29.816+09:00 DEBUG 7584 --- [project] [main] org.hibernate.type.BasicTypeRegistry     : Adding type registration integer -> org.hibernate.type.BasicTypeReference@53314f76
2025-02-02T17:25:29.819+09:00 DEBUG 7584 --- [project] [main] org.hibernate.type.BasicTypeRegistry     : Adding type registration int -> org.hibernate.type.BasicTypeReference@53314f76
2025-02-02T17:25:29.822+09:00 DEBUG 7584 --- [project] [main] org.hibernate.type.BasicTypeRegistry     : Adding type registration java.lang.Integer -> org.hibernate.type.BasicTypeReference@53314f76
2025-02-02T17:25:29.827+09:00 DEBUG 7584 --- [project] [main] org.hibernate.type.BasicTypeRegistry     : Adding type registration long -> org.hibernate.type.BasicTypeReference@62a6674f
2025-02-02T17:25:29.829+09:00 DEBUG 7584 --- [project] [main] org.hibernate.type.BasicTypeRegistry     : Adding type registration long -> org.hibernate.type.BasicTypeReference@62a6674f
2025-02-02T17:25:29.833+09:00 DEBUG 7584 --- [project] [main] org.hibernate.type.BasicTypeRegistry     : Adding type registration java.lang.Long -> org.hibernate.type.BasicTypeReference@62a6674f
2025-02-02T17:25:29.836+09:00 DEBUG 7584 --- [project] [main] org.hibernate.type.BasicTypeRegistry     : Adding type registration float -> org.hibernate.type.BasicTypeReference@70881123
2025-02-02T17:25:29.838+09:00 DEBUG 7584 --- [project] [main] org.hibernate.type.BasicTypeRegistry     : Adding type registration float -> org.hibernate.type.BasicTypeReference@70881123
2025-02-02T17:25:29.839+09:00 DEBUG 7584 --- [project] [main] org.hibernate.type.BasicTypeRegistry     : Adding type registration java.lang.Float -> org.hibernate.type.BasicTypeReference@70881123
2025-02-02T17:25:29.842+09:00 DEBUG 7584 --- [project] [main] org.hibernate.type.BasicTypeRegistry     : Adding type registration double -> org.hibernate.type.BasicTypeReference@703fa45
2025-02-02T17:25:29.843+09:00 DEBUG 7584 --- [project] [main] org.hibernate.type.BasicTypeRegistry     : Adding type registration double -> org.hibernate.type.BasicTypeReference@703fa45
2025-02-02T17:25:29.845+09:00 DEBUG 7584 --- [project] [main] org.hibernate.type.BasicTypeRegistry     : Adding type registration java.lang.Double -> org.hibernate.type.BasicTypeReference@703fa45
2025-02-02T17:25:29.847+09:00 DEBUG 7584 --- [project] [main] org.hibernate.type.BasicTypeRegistry     : Adding type registration big_integer -> org.hibernate.type.BasicTypeReference@5e905f2c
2025-02-02T17:25:29.849+09:00 DEBUG 7584 --- [project] [main] org.hibernate.type.BasicTypeRegistry     : Adding type registration java.math.BigInteger -> org.hibernate.type.BasicTypeReference@5e905f2c
2025-02-02T17:25:29.853+09:00 DEBUG 7584 --- [project] [main] org.hibernate.type.BasicTypeRegistry     : Adding type registration big_decimal -> org.hibernate.type.BasicTypeReference@fddd7ae
2025-02-02T17:25:29.855+09:00 DEBUG 7584 --- [project] [main] org.hibernate.type.BasicTypeRegistry     : Adding type registration java.math.BigDecimal -> org.hibernate.type.BasicTypeReference@fddd7ae
2025-02-02T17:25:29.859+09:00 DEBUG 7584 --- [project] [main] org.hibernate.type.BasicTypeRegistry     : Adding type registration character -> org.hibernate.type.BasicTypeReference@3f6cce7f
2025-02-02T17:25:29.861+09:00 DEBUG 7584 --- [project] [main] org.hibernate.type.BasicTypeRegistry     : Adding type registration char -> org.hibernate.type.BasicTypeReference@3f6cce7f
2025-02-02T17:25:29.863+09:00 DEBUG 7584 --- [project] [main] org.hibernate.type.BasicTypeRegistry     : Adding type registration java.lang.Character -> org.hibernate.type.BasicTypeReference@3f6cce7f
2025-02-02T17:25:29.864+09:00 DEBUG 7584 --- [project] [main] org.hibernate.type.BasicTypeRegistry     : Adding type registration character_nchar -> org.hibernate.type.BasicTypeReference@2725ca05
2025-02-02T17:25:29.866+09:00 DEBUG 7584 --- [project] [main] org.hibernate.type.BasicTypeRegistry     : Adding type registration string -> org.hibernate.type.BasicTypeReference@7b9088f2
2025-02-02T17:25:29.870+09:00 DEBUG 7584 --- [project] [main] org.hibernate.type.BasicTypeRegistry     : Adding type registration java.lang.String -> org.hibernate.type.BasicTypeReference@7b9088f2
2025-02-02T17:25:29.873+09:00 DEBUG 7584 --- [project] [main] org.hibernate.type.BasicTypeRegistry     : Adding type registration nstring -> org.hibernate.type.BasicTypeReference@1a914089
2025-02-02T17:25:29.875+09:00 DEBUG 7584 --- [project] [main] org.hibernate.type.BasicTypeRegistry     : Adding type registration characters -> org.hibernate.type.BasicTypeReference@43d76a92
2025-02-02T17:25:29.877+09:00 DEBUG 7584 --- [project] [main] org.hibernate.type.BasicTypeRegistry     : Adding type registration char[] -> org.hibernate.type.BasicTypeReference@43d76a92
2025-02-02T17:25:29.879+09:00 DEBUG 7584 --- [project] [main] org.hibernate.type.BasicTypeRegistry     : Adding type registration [C -> org.hibernate.type.BasicTypeReference@43d76a92
2025-02-02T17:25:29.880+09:00 DEBUG 7584 --- [project] [main] org.hibernate.type.BasicTypeRegistry     : Adding type registration wrapper-characters -> org.hibernate.type.BasicTypeReference@4a2bf50f
2025-02-02T17:25:29.882+09:00 DEBUG 7584 --- [project] [main] org.hibernate.type.BasicTypeRegistry     : Adding type registration text -> org.hibernate.type.BasicTypeReference@350323a0
2025-02-02T17:25:29.884+09:00 DEBUG 7584 --- [project] [main] org.hibernate.type.BasicTypeRegistry     : Adding type registration ntext -> org.hibernate.type.BasicTypeReference@2506b881
2025-02-02T17:25:29.886+09:00 DEBUG 7584 --- [project] [main] org.hibernate.type.BasicTypeRegistry     : Adding type registration clob -> org.hibernate.type.BasicTypeReference@5d7dd549
2025-02-02T17:25:29.887+09:00 DEBUG 7584 --- [project] [main] org.hibernate.type.BasicTypeRegistry     : Adding type registration java.sql.Clob -> org.hibernate.type.BasicTypeReference@5d7dd549
2025-02-02T17:25:29.888+09:00 DEBUG 7584 --- [project] [main] org.hibernate.type.BasicTypeRegistry     : Adding type registration nclob -> org.hibernate.type.BasicTypeReference@486bd064
2025-02-02T17:25:29.890+09:00 DEBUG 7584 --- [project] [main] org.hibernate.type.BasicTypeRegistry     : Adding type registration java.sql.NClob -> org.hibernate.type.BasicTypeReference@486bd064
2025-02-02T17:25:29.891+09:00 DEBUG 7584 --- [project] [main] org.hibernate.type.BasicTypeRegistry     : Adding type registration materialized_clob -> org.hibernate.type.BasicTypeReference@6459f4ea
2025-02-02T17:25:29.892+09:00 DEBUG 7584 --- [project] [main] org.hibernate.type.BasicTypeRegistry     : Adding type registration materialized_clob_char_array -> org.hibernate.type.BasicTypeReference@740b9a50
2025-02-02T17:25:29.894+09:00 DEBUG 7584 --- [project] [main] org.hibernate.type.BasicTypeRegistry     : Adding type registration materialized_clob_character_array -> org.hibernate.type.BasicTypeReference@476fde05
2025-02-02T17:25:29.895+09:00 DEBUG 7584 --- [project] [main] org.hibernate.type.BasicTypeRegistry     : Adding type registration materialized_nclob -> org.hibernate.type.BasicTypeReference@5111de7c
2025-02-02T17:25:29.897+09:00 DEBUG 7584 --- [project] [main] org.hibernate.type.BasicTypeRegistry     : Adding type registration materialized_nclob_character_array -> org.hibernate.type.BasicTypeReference@7ac48e10
2025-02-02T17:25:29.898+09:00 DEBUG 7584 --- [project] [main] org.hibernate.type.BasicTypeRegistry     : Adding type registration materialized_nclob_char_array -> org.hibernate.type.BasicTypeReference@52354202
2025-02-02T17:25:29.901+09:00 DEBUG 7584 --- [project] [main] org.hibernate.type.BasicTypeRegistry     : Adding type registration Duration -> org.hibernate.type.BasicTypeReference@6b1321b7
2025-02-02T17:25:29.902+09:00 DEBUG 7584 --- [project] [main] org.hibernate.type.BasicTypeRegistry     : Adding type registration java.time.Duration -> org.hibernate.type.BasicTypeReference@6b1321b7
2025-02-02T17:25:29.904+09:00 DEBUG 7584 --- [project] [main] org.hibernate.type.BasicTypeRegistry     : Adding type registration LocalDateTime -> org.hibernate.type.BasicTypeReference@342ee097
2025-02-02T17:25:29.905+09:00 DEBUG 7584 --- [project] [main] org.hibernate.type.BasicTypeRegistry     : Adding type registration java.time.LocalDateTime -> org.hibernate.type.BasicTypeReference@342ee097
2025-02-02T17:25:29.906+09:00 DEBUG 7584 --- [project] [main] org.hibernate.type.BasicTypeRegistry     : Adding type registration LocalDate -> org.hibernate.type.BasicTypeReference@6ac45c0c
2025-02-02T17:25:29.908+09:00 DEBUG 7584 --- [project] [main] org.hibernate.type.BasicTypeRegistry     : Adding type registration java.time.LocalDate -> org.hibernate.type.BasicTypeReference@6ac45c0c
2025-02-02T17:25:29.910+09:00 DEBUG 7584 --- [project] [main] org.hibernate.type.BasicTypeRegistry     : Adding type registration LocalTime -> org.hibernate.type.BasicTypeReference@12192604
2025-02-02T17:25:29.911+09:00 DEBUG 7584 --- [project] [main] org.hibernate.type.BasicTypeRegistry     : Adding type registration java.time.LocalTime -> org.hibernate.type.BasicTypeReference@12192604
2025-02-02T17:25:29.913+09:00 DEBUG 7584 --- [project] [main] org.hibernate.type.BasicTypeRegistry     : Adding type registration OffsetDateTime -> org.hibernate.type.BasicTypeReference@6075b369
2025-02-02T17:25:29.914+09:00 DEBUG 7584 --- [project] [main] org.hibernate.type.BasicTypeRegistry     : Adding type registration java.time.OffsetDateTime -> org.hibernate.type.BasicTypeReference@6075b369
2025-02-02T17:25:29.917+09:00 DEBUG 7584 --- [project] [main] org.hibernate.type.BasicTypeRegistry     : Adding type registration OffsetDateTimeWithTimezone -> org.hibernate.type.BasicTypeReference@231cdda8
2025-02-02T17:25:29.918+09:00 DEBUG 7584 --- [project] [main] org.hibernate.type.BasicTypeRegistry     : Adding type registration OffsetDateTimeWithoutTimezone -> org.hibernate.type.BasicTypeReference@6b70d1fb
2025-02-02T17:25:29.920+09:00 DEBUG 7584 --- [project] [main] org.hibernate.type.BasicTypeRegistry     : Adding type registration OffsetTime -> org.hibernate.type.BasicTypeReference@3002e397
2025-02-02T17:25:29.921+09:00 DEBUG 7584 --- [project] [main] org.hibernate.type.BasicTypeRegistry     : Adding type registration java.time.OffsetTime -> org.hibernate.type.BasicTypeReference@3002e397
2025-02-02T17:25:29.923+09:00 DEBUG 7584 --- [project] [main] org.hibernate.type.BasicTypeRegistry     : Adding type registration OffsetTimeUtc -> org.hibernate.type.BasicTypeReference@7da1e005
2025-02-02T17:25:29.924+09:00 DEBUG 7584 --- [project] [main] org.hibernate.type.BasicTypeRegistry     : Adding type registration OffsetTimeWithTimezone -> org.hibernate.type.BasicTypeReference@38159384
2025-02-02T17:25:29.925+09:00 DEBUG 7584 --- [project] [main] org.hibernate.type.BasicTypeRegistry     : Adding type registration OffsetTimeWithoutTimezone -> org.hibernate.type.BasicTypeReference@55877274
2025-02-02T17:25:29.927+09:00 DEBUG 7584 --- [project] [main] org.hibernate.type.BasicTypeRegistry     : Adding type registration ZonedDateTime -> org.hibernate.type.BasicTypeReference@723e2d08
2025-02-02T17:25:29.928+09:00 DEBUG 7584 --- [project] [main] org.hibernate.type.BasicTypeRegistry     : Adding type registration java.time.ZonedDateTime -> org.hibernate.type.BasicTypeReference@723e2d08
2025-02-02T17:25:29.929+09:00 DEBUG 7584 --- [project] [main] org.hibernate.type.BasicTypeRegistry     : Adding type registration ZonedDateTimeWithTimezone -> org.hibernate.type.BasicTypeReference@6d4a82
2025-02-02T17:25:29.931+09:00 DEBUG 7584 --- [project] [main] org.hibernate.type.BasicTypeRegistry     : Adding type registration ZonedDateTimeWithoutTimezone -> org.hibernate.type.BasicTypeReference@14f060b8
2025-02-02T17:25:29.933+09:00 DEBUG 7584 --- [project] [main] org.hibernate.type.BasicTypeRegistry     : Adding type registration date -> org.hibernate.type.BasicTypeReference@7a0ab480
2025-02-02T17:25:29.934+09:00 DEBUG 7584 --- [project] [main] org.hibernate.type.BasicTypeRegistry     : Adding type registration java.sql.Date -> org.hibernate.type.BasicTypeReference@7a0ab480
2025-02-02T17:25:29.935+09:00 DEBUG 7584 --- [project] [main] org.hibernate.type.BasicTypeRegistry     : Adding type registration time -> org.hibernate.type.BasicTypeReference@79df80a4
2025-02-02T17:25:29.937+09:00 DEBUG 7584 --- [project] [main] org.hibernate.type.BasicTypeRegistry     : Adding type registration java.sql.Time -> org.hibernate.type.BasicTypeReference@79df80a4
2025-02-02T17:25:29.938+09:00 DEBUG 7584 --- [project] [main] org.hibernate.type.BasicTypeRegistry     : Adding type registration timestamp -> org.hibernate.type.BasicTypeReference@130cfc47
2025-02-02T17:25:29.940+09:00 DEBUG 7584 --- [project] [main] org.hibernate.type.BasicTypeRegistry     : Adding type registration java.sql.Timestamp -> org.hibernate.type.BasicTypeReference@130cfc47
2025-02-02T17:25:29.941+09:00 DEBUG 7584 --- [project] [main] org.hibernate.type.BasicTypeRegistry     : Adding type registration java.util.Date -> org.hibernate.type.BasicTypeReference@130cfc47
2025-02-02T17:25:29.943+09:00 DEBUG 7584 --- [project] [main] org.hibernate.type.BasicTypeRegistry     : Adding type registration calendar -> org.hibernate.type.BasicTypeReference@4eeab3e
2025-02-02T17:25:29.944+09:00 DEBUG 7584 --- [project] [main] org.hibernate.type.BasicTypeRegistry     : Adding type registration java.util.Calendar -> org.hibernate.type.BasicTypeReference@4eeab3e
2025-02-02T17:25:29.945+09:00 DEBUG 7584 --- [project] [main] org.hibernate.type.BasicTypeRegistry     : Adding type registration java.util.GregorianCalendar -> org.hibernate.type.BasicTypeReference@4eeab3e
2025-02-02T17:25:29.946+09:00 DEBUG 7584 --- [project] [main] org.hibernate.type.BasicTypeRegistry     : Adding type registration calendar_date -> org.hibernate.type.BasicTypeReference@2b6fb197
2025-02-02T17:25:29.948+09:00 DEBUG 7584 --- [project] [main] org.hibernate.type.BasicTypeRegistry     : Adding type registration calendar_time -> org.hibernate.type.BasicTypeReference@2eb0cefe
2025-02-02T17:25:29.949+09:00 DEBUG 7584 --- [project] [main] org.hibernate.type.BasicTypeRegistry     : Adding type registration instant -> org.hibernate.type.BasicTypeReference@5a2ae1ab
2025-02-02T17:25:29.950+09:00 DEBUG 7584 --- [project] [main] org.hibernate.type.BasicTypeRegistry     : Adding type registration java.time.Instant -> org.hibernate.type.BasicTypeReference@5a2ae1ab
2025-02-02T17:25:29.952+09:00 DEBUG 7584 --- [project] [main] org.hibernate.type.BasicTypeRegistry     : Adding type registration uuid -> org.hibernate.type.BasicTypeReference@2bec068b
2025-02-02T17:25:29.953+09:00 DEBUG 7584 --- [project] [main] org.hibernate.type.BasicTypeRegistry     : Adding type registration java.util.UUID -> org.hibernate.type.BasicTypeReference@2bec068b
2025-02-02T17:25:29.954+09:00 DEBUG 7584 --- [project] [main] org.hibernate.type.BasicTypeRegistry     : Adding type registration pg-uuid -> org.hibernate.type.BasicTypeReference@2bec068b
2025-02-02T17:25:29.955+09:00 DEBUG 7584 --- [project] [main] org.hibernate.type.BasicTypeRegistry     : Adding type registration uuid-binary -> org.hibernate.type.BasicTypeReference@7d59e968
2025-02-02T17:25:29.956+09:00 DEBUG 7584 --- [project] [main] org.hibernate.type.BasicTypeRegistry     : Adding type registration uuid-char -> org.hibernate.type.BasicTypeReference@55361f03
2025-02-02T17:25:29.958+09:00 DEBUG 7584 --- [project] [main] org.hibernate.type.BasicTypeRegistry     : Adding type registration class -> org.hibernate.type.BasicTypeReference@581c9bb7
2025-02-02T17:25:29.959+09:00 DEBUG 7584 --- [project] [main] org.hibernate.type.BasicTypeRegistry     : Adding type registration java.lang.Class -> org.hibernate.type.BasicTypeReference@581c9bb7
2025-02-02T17:25:29.960+09:00 DEBUG 7584 --- [project] [main] org.hibernate.type.BasicTypeRegistry     : Adding type registration currency -> org.hibernate.type.BasicTypeReference@138f0661
2025-02-02T17:25:29.961+09:00 DEBUG 7584 --- [project] [main] org.hibernate.type.BasicTypeRegistry     : Adding type registration Currency -> org.hibernate.type.BasicTypeReference@138f0661
2025-02-02T17:25:29.962+09:00 DEBUG 7584 --- [project] [main] org.hibernate.type.BasicTypeRegistry     : Adding type registration java.util.Currency -> org.hibernate.type.BasicTypeReference@138f0661
2025-02-02T17:25:29.966+09:00 DEBUG 7584 --- [project] [main] org.hibernate.type.BasicTypeRegistry     : Adding type registration locale -> org.hibernate.type.BasicTypeReference@212fafd1
2025-02-02T17:25:29.967+09:00 DEBUG 7584 --- [project] [main] org.hibernate.type.BasicTypeRegistry     : Adding type registration java.util.Locale -> org.hibernate.type.BasicTypeReference@212fafd1
2025-02-02T17:25:29.969+09:00 DEBUG 7584 --- [project] [main] org.hibernate.type.BasicTypeRegistry     : Adding type registration serializable -> org.hibernate.type.BasicTypeReference@448462f0
2025-02-02T17:25:29.970+09:00 DEBUG 7584 --- [project] [main] org.hibernate.type.BasicTypeRegistry     : Adding type registration java.io.Serializable -> org.hibernate.type.BasicTypeReference@448462f0
2025-02-02T17:25:29.971+09:00 DEBUG 7584 --- [project] [main] org.hibernate.type.BasicTypeRegistry     : Adding type registration timezone -> org.hibernate.type.BasicTypeReference@787988f4
2025-02-02T17:25:29.973+09:00 DEBUG 7584 --- [project] [main] org.hibernate.type.BasicTypeRegistry     : Adding type registration java.util.TimeZone -> org.hibernate.type.BasicTypeReference@787988f4
2025-02-02T17:25:29.976+09:00 DEBUG 7584 --- [project] [main] org.hibernate.type.BasicTypeRegistry     : Adding type registration ZoneOffset -> org.hibernate.type.BasicTypeReference@132e3594
2025-02-02T17:25:29.978+09:00 DEBUG 7584 --- [project] [main] org.hibernate.type.BasicTypeRegistry     : Adding type registration java.time.ZoneOffset -> org.hibernate.type.BasicTypeReference@132e3594
2025-02-02T17:25:29.979+09:00 DEBUG 7584 --- [project] [main] org.hibernate.type.BasicTypeRegistry     : Adding type registration url -> org.hibernate.type.BasicTypeReference@4f235107
2025-02-02T17:25:29.982+09:00 DEBUG 7584 --- [project] [main] org.hibernate.type.BasicTypeRegistry     : Adding type registration java.net.URL -> org.hibernate.type.BasicTypeReference@4f235107
2025-02-02T17:25:29.983+09:00 DEBUG 7584 --- [project] [main] org.hibernate.type.BasicTypeRegistry     : Adding type registration vector -> org.hibernate.type.BasicTypeReference@28d739f1
2025-02-02T17:25:29.985+09:00 DEBUG 7584 --- [project] [main] org.hibernate.type.BasicTypeRegistry     : Adding type registration float_vector -> org.hibernate.type.BasicTypeReference@1c5d3a37
2025-02-02T17:25:29.986+09:00 DEBUG 7584 --- [project] [main] org.hibernate.type.BasicTypeRegistry     : Adding type registration double_vector -> org.hibernate.type.BasicTypeReference@7e3d2ebd
2025-02-02T17:25:29.987+09:00 DEBUG 7584 --- [project] [main] org.hibernate.type.BasicTypeRegistry     : Adding type registration byte_vector -> org.hibernate.type.BasicTypeReference@2b43f314
2025-02-02T17:25:29.988+09:00 DEBUG 7584 --- [project] [main] org.hibernate.type.BasicTypeRegistry     : Adding type registration row_version -> org.hibernate.type.BasicTypeReference@3a4a5f3c
2025-02-02T17:25:30.019+09:00 DEBUG 7584 --- [project] [main] org.hibernate.type.BasicTypeRegistry     : Adding type registration object -> org.hibernate.type.JavaObjectType@d87d449
2025-02-02T17:25:30.020+09:00 DEBUG 7584 --- [project] [main] org.hibernate.type.BasicTypeRegistry     : Adding type registration java.lang.Object -> org.hibernate.type.JavaObjectType@d87d449
2025-02-02T17:25:30.027+09:00 DEBUG 7584 --- [project] [main] org.hibernate.type.BasicTypeRegistry     : Adding type registration null -> org.hibernate.type.NullType@5bfc79cb
2025-02-02T17:25:30.029+09:00 DEBUG 7584 --- [project] [main] org.hibernate.type.BasicTypeRegistry     : Adding type registration imm_date -> org.hibernate.type.BasicTypeReference@27ec8754
2025-02-02T17:25:30.030+09:00 DEBUG 7584 --- [project] [main] org.hibernate.type.BasicTypeRegistry     : Adding type registration imm_time -> org.hibernate.type.BasicTypeReference@3bbf1c0d
2025-02-02T17:25:30.031+09:00 DEBUG 7584 --- [project] [main] org.hibernate.type.BasicTypeRegistry     : Adding type registration imm_timestamp -> org.hibernate.type.BasicTypeReference@19662208
2025-02-02T17:25:30.032+09:00 DEBUG 7584 --- [project] [main] org.hibernate.type.BasicTypeRegistry     : Adding type registration imm_calendar -> org.hibernate.type.BasicTypeReference@216c22ce
2025-02-02T17:25:30.034+09:00 DEBUG 7584 --- [project] [main] org.hibernate.type.BasicTypeRegistry     : Adding type registration imm_calendar_date -> org.hibernate.type.BasicTypeReference@62f9c790
2025-02-02T17:25:30.035+09:00 DEBUG 7584 --- [project] [main] org.hibernate.type.BasicTypeRegistry     : Adding type registration imm_calendar_time -> org.hibernate.type.BasicTypeReference@21e5f0b6
2025-02-02T17:25:30.036+09:00 DEBUG 7584 --- [project] [main] org.hibernate.type.BasicTypeRegistry     : Adding type registration imm_binary -> org.hibernate.type.BasicTypeReference@93bf0e0
2025-02-02T17:25:30.037+09:00 DEBUG 7584 --- [project] [main] org.hibernate.type.BasicTypeRegistry     : Adding type registration imm_serializable -> org.hibernate.type.BasicTypeReference@4981d95b
2025-02-02T17:25:31.741+09:00  INFO 7584 --- [project] [main] o.s.o.j.p.SpringPersistenceUnitInfo      : No LoadTimeWeaver setup: ignoring JPA class transformer
2025-02-02T17:25:32.026+09:00  INFO 7584 --- [project] [main] com.zaxxer.hikari.HikariDataSource       : HikariPool-1 - Starting...
2025-02-02T17:25:33.367+09:00  INFO 7584 --- [project] [main] com.zaxxer.hikari.pool.HikariPool        : HikariPool-1 - Added connection conn0: url=jdbc:h2:mem:test user=SA
2025-02-02T17:25:33.380+09:00  INFO 7584 --- [project] [main] com.zaxxer.hikari.HikariDataSource       : HikariPool-1 - Start completed.
2025-02-02T17:25:33.829+09:00  INFO 7584 --- [project] [main] org.hibernate.orm.connections.pooling    : HHH10001005: Database info:
	Database JDBC URL [Connecting through datasource 'HikariDataSource (HikariPool-1)']
	Database driver: undefined/unknown
	Database version: 2.3.232
	Autocommit mode: undefined/unknown
	Isolation level: undefined/unknown
	Minimum pool size: undefined/unknown
	Maximum pool size: undefined/unknown
2025-02-02T17:25:33.935+09:00 DEBUG 7584 --- [project] [main] o.h.t.d.jdbc.spi.JdbcTypeRegistry        : addDescriptor(NCharTypeDescriptor) replaced previous registration(CharTypeDescriptor)
2025-02-02T17:25:33.936+09:00 DEBUG 7584 --- [project] [main] o.h.t.d.jdbc.spi.JdbcTypeRegistry        : addDescriptor(NVarcharTypeDescriptor) replaced previous registration(VarcharTypeDescriptor)
2025-02-02T17:25:33.939+09:00 DEBUG 7584 --- [project] [main] o.h.t.d.jdbc.spi.JdbcTypeRegistry        : addDescriptor(LongNVarcharTypeDescriptor) replaced previous registration(LongVarcharTypeDescriptor)
2025-02-02T17:25:33.960+09:00 DEBUG 7584 --- [project] [main] o.h.t.d.jdbc.spi.JdbcTypeRegistry        : addDescriptor(NClobTypeDescriptor(DEFAULT)) replaced previous registration(ClobTypeDescriptor(DEFAULT))
2025-02-02T17:25:33.975+09:00 DEBUG 7584 --- [project] [main] o.h.t.d.jdbc.spi.JdbcTypeRegistry        : addDescriptor(TimestampUtcDescriptor) replaced previous registration(TimestampUtcDescriptor)
2025-02-02T17:25:34.026+09:00 DEBUG 7584 --- [project] [main] org.hibernate.type.BasicTypeRegistry     : Adding type registration org.hibernate.type.DurationType -> basicType@1(java.time.Duration,3015)
2025-02-02T17:25:34.029+09:00 DEBUG 7584 --- [project] [main] org.hibernate.type.BasicTypeRegistry     : Adding type registration Duration -> basicType@1(java.time.Duration,3015)
2025-02-02T17:25:34.030+09:00 DEBUG 7584 --- [project] [main] org.hibernate.type.BasicTypeRegistry     : Adding type registration java.time.Duration -> basicType@1(java.time.Duration,3015)
2025-02-02T17:25:34.248+09:00 DEBUG 7584 --- [project] [main] o.h.type.spi.TypeConfiguration$Scope     : Scoping TypeConfiguration [org.hibernate.type.spi.TypeConfiguration@f49e81a] to MetadataBuildingContext [org.hibernate.boot.internal.MetadataBuildingContextRootImpl@1b444b5]
2025-02-02T17:25:40.079+09:00  INFO 7584 --- [project] [main] o.h.e.t.j.p.i.JtaPlatformInitiator       : HHH000489: No JTA platform available (set 'hibernate.transaction.jta.platform' to enable JTA platform integration)
2025-02-02T17:25:40.083+09:00 DEBUG 7584 --- [project] [main] o.h.type.spi.TypeConfiguration$Scope     : Scoping TypeConfiguration [org.hibernate.type.spi.TypeConfiguration@f49e81a] to SessionFactoryImplementor [org.hibernate.internal.SessionFactoryImpl@7730da00]
2025-02-02T17:25:40.294+09:00 TRACE 7584 --- [project] [main] o.h.type.spi.TypeConfiguration$Scope     : Handling #sessionFactoryCreated from [org.hibernate.internal.SessionFactoryImpl@7730da00] for TypeConfiguration
2025-02-02T17:25:40.295+09:00  INFO 7584 --- [project] [main] j.LocalContainerEntityManagerFactoryBean : Initialized JPA EntityManagerFactory for persistence unit 'default'
2025-02-02T17:25:43.973+09:00  WARN 7584 --- [project] [main] .s.s.UserDetailsServiceAutoConfiguration : 

Using generated security password: 866fd015-af50-48f0-ad94-7f344e46f3e5

This generated password is for development use only. Your security configuration must be updated before running your application in production.

2025-02-02T17:25:44.040+09:00  INFO 7584 --- [project] [main] r$InitializeUserDetailsManagerConfigurer : Global AuthenticationManager configured with UserDetailsService bean with name inMemoryUserDetailsManager
2025-02-02T17:25:48.588+09:00  INFO 7584 --- [project] [main] o.s.b.a.h2.H2ConsoleAutoConfiguration    : H2 console available at '/h2-console'. Database available at 'jdbc:h2:mem:test'
2025-02-02T17:25:49.342+09:00  INFO 7584 --- [project] [main] o.s.b.w.embedded.tomcat.TomcatWebServer  : Tomcat started on port 8080 (http) with context path '/'
2025-02-02T17:25:49.402+09:00  INFO 7584 --- [project] [main] com.example.project.ProjectApplication   : Started ProjectApplication in 41.502 seconds (process running for 44.374)
2025-02-02T17:26:43.171+09:00  INFO 7584 --- [project] [http-nio-8080-exec-9] o.a.c.c.C.[Tomcat].[localhost].[/]       : Initializing Spring DispatcherServlet 'dispatcherServlet'
2025-02-02T17:26:43.173+09:00  INFO 7584 --- [project] [http-nio-8080-exec-9] o.s.web.servlet.DispatcherServlet        : Initializing Servlet 'dispatcherServlet'
2025-02-02T17:26:43.178+09:00  INFO 7584 --- [project] [http-nio-8080-exec-9] o.s.web.servlet.DispatcherServlet        : Completed initialization in 4 ms
2025-02-02T17:30:28.617+09:00  INFO 7584 --- [project] [SpringApplicationShutdownHook] o.s.b.w.e.tomcat.GracefulShutdown        : Commencing graceful shutdown. Waiting for active requests to complete
2025-02-02T17:30:28.682+09:00  INFO 7584 --- [project] [tomcat-shutdown] o.s.b.w.e.tomcat.GracefulShutdown        : Graceful shutdown complete
2025-02-02T17:30:28.750+09:00  INFO 7584 --- [project] [SpringApplicationShutdownHook] j.LocalContainerEntityManagerFactoryBean : Closing JPA EntityManagerFactory for persistence unit 'default'
2025-02-02T17:30:28.783+09:00 TRACE 7584 --- [project] [SpringApplicationShutdownHook] o.h.type.spi.TypeConfiguration$Scope     : Handling #sessionFactoryClosed from [org.hibernate.internal.SessionFactoryImpl@7730da00] for TypeConfiguration
2025-02-02T17:30:28.786+09:00 DEBUG 7584 --- [project] [SpringApplicationShutdownHook] o.h.type.spi.TypeConfiguration$Scope     : Un-scoping TypeConfiguration [org.hibernate.type.spi.TypeConfiguration$Scope@54202c53] from SessionFactory [org.hibernate.internal.SessionFactoryImpl@7730da00]
2025-02-02T17:30:28.819+09:00  INFO 7584 --- [project] [SpringApplicationShutdownHook] com.zaxxer.hikari.HikariDataSource       : HikariPool-1 - Shutdown initiated...
2025-02-02T17:30:28.847+09:00  INFO 7584 --- [project] [SpringApplicationShutdownHook] com.zaxxer.hikari.HikariDataSource       : HikariPool-1 - Shutdown completed.
